train_rmse,test_rmse,mae,r2,generalization_gap,sample_size,noise,degree,repetition
2.1079615046415703,1.232326940236085,0.9211825209120592,0.6357168677636758,-0.8756345644054853,50,0.5,1,1
2.8056658519332323,2.3602301666782988,2.101146525694736,-0.48531536977988554,-0.4454356852549335,50,0.5,1,2
1.9746041025277936,3.4255503329688124,2.1748001410865125,-3.9108146401080033,1.4509462304410188,50,0.5,1,3
3.267597291857399,4.729341825943289,3.2931184093604435,0.29683062603882204,1.4617445340858897,50,0.5,1,4
2.771763491451695,2.6416361851915786,2.102781566531264,0.6584367255727762,-0.13012730626011626,50,0.5,1,5
2.309603084917198,2.49461307826641,2.015128979785321,0.5532951276952568,0.1850099933492122,50,0.5,1,6
3.3414927100840046,1.8418040319889295,1.520049271463658,-1.1829165541985334,-1.4996886780950751,50,0.5,1,7
3.200568474567335,1.771455726536969,1.5322769905270497,0.6932144689623206,-1.4291127480303658,50,0.5,1,8
3.2510188188405977,1.540257069838196,1.2909934448074274,-1.2339992007291052,-1.7107617490024016,50,0.5,1,9
2.0762325743158345,3.598638615987575,2.7019606508860536,0.4567144930919427,1.5224060416717404,50,0.5,1,10
2.561047466684978,2.399676401226873,1.9359125162506114,0.4801257225433101,-0.1613710654581051,50,0.5,1,11
1.4269295048115593,3.2039179016629906,1.9424137019008902,-0.03658926347407032,1.7769883968514313,50,0.5,1,12
1.3414128688724223,2.6317690474890507,1.855791825531459,0.6652072137624103,1.2903561786166284,50,0.5,1,13
2.097826253273779,2.2351245926285914,1.5361156047835591,0.62138722270659,0.13729833935481262,50,0.5,1,14
2.74603342148082,1.915509936125991,1.7811802661652916,0.5831504895877643,-0.8305234853548291,50,0.5,1,15
2.417173402944213,3.681559964732889,2.9346457218991233,0.6562861584365185,1.264386561788676,50,0.5,1,16
2.69928606064014,2.6393603643670764,1.9612344450175931,0.7305701882837681,-0.059925696273063433,50,0.5,1,17
2.437998953215352,2.1700328807031166,1.6780005451945361,0.743913212765394,-0.26796607251223525,50,0.5,1,18
1.7425681596959997,2.67068408326642,2.1133525547093,0.5128710789572664,0.9281159235704204,50,0.5,1,19
2.7550341528072897,2.4183311895880513,1.9809656775924516,0.3050001042971676,-0.3367029632192384,50,0.5,1,20
3.426183770005022,2.040449632677087,1.7536515194768723,0.603860724237391,-1.385734137327935,50,0.5,1,21
3.046372100339937,3.2688632522206382,2.458981641773407,0.5263925245631108,0.22249115188070112,50,0.5,1,22
2.213386961860706,2.209492522848542,1.8493880654313988,0.8116017058184279,-0.0038944390121642414,50,0.5,1,23
2.705027821189268,2.011837267444946,1.8519896135565006,0.570367262184256,-0.6931905537443219,50,0.5,1,24
3.1896426392761623,3.012991350403266,2.3384261103771578,0.6026420685127987,-0.17665128887289638,50,0.5,1,25
2.7238995030666557,2.0131489636468323,1.2883654685329555,-0.2151925804521655,-0.7107505394198235,50,0.5,1,26
2.654728517453944,1.7101497052417804,1.448965279154292,0.7373491197175568,-0.9445788122121637,50,0.5,1,27
2.0062666888235046,1.7569098522920712,1.3077388384009798,0.7888289269880223,-0.24935683653143337,50,0.5,1,28
2.6237223504354756,1.9341979003107188,1.350631131788619,0.7869968907904135,-0.6895244501247568,50,0.5,1,29
2.3383129018714803,3.0351367503670024,2.2004539744514853,0.2943886557755201,0.696823848495522,50,0.5,1,30
3.211014017052785,2.3857001874667643,2.1318760291898684,0.6166515534445705,-0.8253138295860207,50,0.5,1,31
2.7173435194805964,1.7696011833686613,1.6024424474210304,0.8298700971428059,-0.947742336111935,50,0.5,1,32
2.82569506174743,1.8042897996067107,1.5093009335922054,0.5648463528987545,-1.0214052621407193,50,0.5,1,33
3.38688737688299,2.6776368579730643,1.77603071395082,0.5907926253166846,-0.7092505189099256,50,0.5,1,34
3.5872914754348013,2.0076091509313474,1.801642110042551,0.28854256346024376,-1.579682324503454,50,0.5,1,35
2.157464849130346,4.0776424424829045,2.800711192849221,0.4091319274083375,1.9201775933525584,50,0.5,1,36
3.587135640411476,2.961490004465353,2.5072922111656046,-0.7541267962313651,-0.6256456359461229,50,0.5,1,37
3.185541170678409,2.670763112493911,2.3707812499017207,0.614062462507578,-0.5147780581844978,50,0.5,1,38
4.214076377419687,3.423016484416819,3.238611932162116,-0.0036882972384726376,-0.7910598930028678,50,0.5,1,39
2.23091546147133,2.985382287582416,2.18075036575311,-2.011189095721803,0.7544668261110861,50,0.5,1,40
3.0512840652864144,3.402494539366937,2.647004582136401,0.5814016566781515,0.3512104740805224,50,0.5,1,41
2.4711018169830976,1.6085386120199408,1.3904609576703608,0.5105169475859308,-0.8625632049631569,50,0.5,1,42
1.7384590525199548,1.9072033149126364,1.4689585844537398,-0.8881428582866469,0.1687442623926816,50,0.5,1,43
1.9252165538955373,1.5698710895179202,1.2932842758718215,0.5666241543173683,-0.35534546437761705,50,0.5,1,44
2.5290366666328925,2.948218679512806,1.9812192360716292,0.49085650749692955,0.4191820128799133,50,0.5,1,45
2.6554289431097318,3.303978324591918,2.1879628661627053,0.4961133350588326,0.6485493814821863,50,0.5,1,46
3.4470871580055302,2.1903488808213565,1.781053766619634,0.6791850764847727,-1.2567382771841737,50,0.5,1,47
2.2889606379282235,6.0447157278229655,4.504798963266664,0.46435186095837233,3.755755089894742,50,0.5,1,48
2.1054130364284536,3.302697968918137,2.6873348490862456,0.09943563270032718,1.1972849324896835,50,0.5,1,49
2.6987055706695053,1.6204738880246345,1.5114503490694173,0.7345004114824267,-1.0782316826448708,50,0.5,1,50
0.5181999079544173,0.5344826816395954,0.4084648596499153,0.9849785853067293,0.016282773685178165,50,0.5,2,1
0.5236632753220057,0.62453184678471,0.5251972332556731,0.9212533418688238,0.10086857146270423,50,0.5,2,2
0.5062140578556986,0.4650187158687431,0.3759166685327651,0.9792213468867808,-0.041195341986955514,50,0.5,2,3
0.43958543196104505,0.5520204285943411,0.46219668818610193,0.9829251125383656,0.11243499663329604,50,0.5,2,4
0.47263903413558034,0.36227217977022863,0.2646862298034941,0.9689988678261287,-0.11036685436535171,50,0.5,2,5
0.4567343085434814,0.5258203251114199,0.4456994970350818,0.9759946791464987,0.06908601656793845,50,0.5,2,6
0.39838494593576723,0.5607629198636278,0.3914079533552547,0.950624487428102,0.16237797392786057,50,0.5,2,7
0.368093133536566,0.4409719536775326,0.37080894069725867,0.9894767993876037,0.07287882014096664,50,0.5,2,8
0.5450406482814787,0.5782569594516747,0.4775716582540081,0.8477177698662832,0.03321631117019597,50,0.5,2,9
0.49316935306097803,0.5146660548558768,0.44443398144945984,0.894915301060131,0.021496701794898765,50,0.5,2,10
0.564326581194149,0.4750408925229469,0.33637281257072815,0.9939324685480233,-0.08928568867120212,50,0.5,2,11
0.43847141828124514,0.32772149940767453,0.28145854225269007,0.9838198982127078,-0.11074991887357061,50,0.5,2,12
0.4347598014240346,0.5668117156801116,0.4225576686536944,0.8087957007155707,0.13205191425607699,50,0.5,2,13
0.586326292056123,0.3694579440187549,0.3022270021495941,0.9694423025691306,-0.21686834803736804,50,0.5,2,14
0.4227032149157121,0.6052475691578428,0.4767440768175466,0.961745939011075,0.18254435424213072,50,0.5,2,15
0.6239421814548434,0.41802478559887973,0.3539583334640363,0.9601721433716088,-0.20591739585596364,50,0.5,2,16
0.487994607949077,0.7088978173718887,0.5828649932801857,0.9817126263413005,0.22090320942281172,50,0.5,2,17
0.5199144456267493,0.37134069738280023,0.30681268800646366,0.9917209852891112,-0.14857374824394903,50,0.5,2,18
0.5065056496575002,0.4899749898198586,0.4293689717819224,0.9756525829987014,-0.016530659837641626,50,0.5,2,19
0.5060637076433295,0.6615702540198962,0.5194768470228286,0.9724215289034985,0.1555065463765667,50,0.5,2,20
0.581138530402302,0.5041991434110595,0.41549941066435575,0.9651231609771725,-0.07693938699124248,50,0.5,2,21
0.6072889838705843,0.5213540824879732,0.4692873802250167,0.948634245359469,-0.08593490138261106,50,0.5,2,22
0.40129238212320406,0.6626586596287378,0.5675572228963832,0.9513260320032951,0.26136627750553376,50,0.5,2,23
0.5805535356735236,0.4455518565051463,0.38104108727298713,0.956662629791648,-0.13500167916837735,50,0.5,2,24
0.41108402212997996,0.5368020950985156,0.44835570084650456,0.9602554411660009,0.12571807296853565,50,0.5,2,25
0.44618296719148187,0.6976008171084681,0.6084568203121501,0.987938554494646,0.25141784991698624,50,0.5,2,26
0.4536091168703152,0.5250137794982164,0.47421980445233364,0.9432106423470464,0.07140466262790118,50,0.5,2,27
0.4476052917230943,0.5609231716228422,0.3401996873793628,0.9912027711741048,0.1133178798997479,50,0.5,2,28
0.48846907131294093,0.6984231266258057,0.6497933305145718,0.9728026794584144,0.20995405531286482,50,0.5,2,29
0.4264042875277566,0.5370129713369378,0.4315504143924976,0.9687657489199573,0.11060868380918121,50,0.5,2,30
0.5156050708390622,0.33074274006615817,0.24913251252624638,0.9907742808118979,-0.18486233077290398,50,0.5,2,31
0.44886007190434746,0.5508890877501761,0.4490107930852891,0.9646312455977862,0.10202901584582863,50,0.5,2,32
0.6112967447590235,0.6133890877922432,0.4896409892085489,0.9906495913573486,0.0020923430332197013,50,0.5,2,33
0.5106795312005687,0.5021483954560167,0.3649925275844876,0.9872810068094565,-0.008531135744551999,50,0.5,2,34
0.4218416613596402,0.6597047327712042,0.5690125038772142,0.6046359682092166,0.23786307141156404,50,0.5,2,35
0.4632616690846926,0.32153140784315815,0.26673772076433777,0.9974582219561692,-0.14173026124153443,50,0.5,2,36
0.4260369278829817,0.578778481107291,0.49406336204765877,0.9838898176739813,0.15274155322430932,50,0.5,2,37
0.5447466109988586,0.5172352867024835,0.4757441571116616,0.9816886004452415,-0.02751132429637504,50,0.5,2,38
0.4633458929505129,0.5094155510689491,0.4573519549724508,0.9184705394432147,0.04606965811843616,50,0.5,2,39
0.45263967894771345,0.4965725470847931,0.39604965239669915,0.9737457216025921,0.04393286813707964,50,0.5,2,40
0.49198471785347875,0.40116263319712236,0.3275387283409949,0.9844657089314377,-0.09082208465635638,50,0.5,2,41
0.5646159524223583,0.6290766588307383,0.4937288852791138,0.8724681081436647,0.06446070640837998,50,0.5,2,42
0.4936233337178769,0.3759760280650846,0.31893249099126963,0.9900781027264189,-0.1176473056527923,50,0.5,2,43
0.4818061715762861,0.549427211662551,0.4520179618019891,0.9694669892781413,0.06762104008626496,50,0.5,2,44
0.48597249589202185,0.5189194286188966,0.4083264285441756,0.9892484650962587,0.03294693272687477,50,0.5,2,45
0.5364014006983628,0.46363215428426047,0.35674248450132406,0.9780596764131814,-0.07276924641410237,50,0.5,2,46
0.4735607994335211,0.4169171783726481,0.3183532583862387,0.9808432462796732,-0.056643621060873006,50,0.5,2,47
0.4570560028542435,0.5024909295168137,0.4296103846544109,0.9481438824668444,0.04543492666257021,50,0.5,2,48
0.42885668387630954,0.4688854127930155,0.33826180790315574,0.9877102620478112,0.04002872891670595,50,0.5,2,49
0.44320804703557765,0.3102633220104742,0.2520949130274972,0.9892403130944172,-0.13294472502510346,50,0.5,2,50
0.4704783348720198,2.2829049411654094,1.1161467852705529,0.7798879709529991,1.8124266062933896,50,0.5,5,1
0.44054160373608375,0.5832222238882753,0.4441211462629468,0.9535631295038999,0.14268062015219152,50,0.5,5,2
0.3788043097234156,0.5190383726603565,0.4831793658868263,0.9627048203991599,0.14023406293694085,50,0.5,5,3
0.42870266588003947,0.4311966532954677,0.2645353882046185,0.9462174172713509,0.0024939874154282227,50,0.5,5,4
0.49743907541672905,0.3520582638948521,0.3069958043752985,0.9732790629329877,-0.14538081152187693,50,0.5,5,5
0.46700413357566267,0.5916881089333405,0.5087007798226256,0.9238531519883069,0.12468397535767778,50,0.5,5,6
0.46973734492467406,0.6968666646948423,0.5290478090968758,0.9219831768625357,0.2271293197701682,50,0.5,5,7
0.49323296061885036,0.28316412228993804,0.24882893787130103,0.9656729366381069,-0.21006883832891232,50,0.5,5,8
0.4324597809809673,0.2904136301954015,0.2306639633104381,0.9897497564816807,-0.14204615078556582,50,0.5,5,9
0.5074137292417875,0.8341933956254626,0.7034806708170652,0.8130768696431053,0.32677966638367506,50,0.5,5,10
0.4221347593988366,0.6209114483328425,0.4378179677580961,0.9759935730839673,0.1987766889340059,50,0.5,5,11
0.5609547134365062,0.4882502564884794,0.41637932363333857,0.9931110148788506,-0.07270445694802674,50,0.5,5,12
0.42935133148983157,0.7521858350093763,0.5089569829329673,0.9339566218046853,0.32283450351954474,50,0.5,5,13
0.4478802867930114,0.5911614793394812,0.4756218989233686,0.986478870391084,0.14328119254646976,50,0.5,5,14
0.43422870423885396,1.1784883463631548,0.6429890183150844,0.9550679708372729,0.7442596421243008,50,0.5,5,15
0.4848947286884206,0.5519934694407962,0.45447597285224567,0.9671614787176936,0.0670987407523756,50,0.5,5,16
0.49805650931788054,0.505580626792745,0.4111781243318123,0.9501143425732178,0.007524117474864422,50,0.5,5,17
0.4755480884736505,0.6836663992899299,0.5900496384022976,0.7408242808630789,0.2081183108162794,50,0.5,5,18
0.48796187594455415,8.745963494532552,3.2562516425535764,0.0593366992414005,8.258001618587997,50,0.5,5,19
0.4017438374647048,0.6756302030467763,0.579608085230643,0.6874464089721468,0.2738863655820715,50,0.5,5,20
0.36637434161698906,0.5239255285649023,0.46842247706522616,0.9836365486191915,0.1575511869479132,50,0.5,5,21
0.4304520397307549,0.456308077189362,0.35232158691927146,0.9814535017169708,0.025856037458607095,50,0.5,5,22
0.3977935264337232,0.45375243297071527,0.3100191599690295,0.9852380627573203,0.05595890653699209,50,0.5,5,23
0.4753708775919945,0.3206263523537974,0.24676684384722422,0.9970519558126308,-0.1547445252381971,50,0.5,5,24
0.45852827213502095,0.47014444589369514,0.3680925416566666,0.9943793249815335,0.011616173758674186,50,0.5,5,25
0.4827599479183366,0.43657433468463425,0.3465126703095952,0.9201898576993838,-0.04618561323370235,50,0.5,5,26
0.482251219404984,0.3207818553819967,0.2776297458189747,0.9969288080518935,-0.16146936402298728,50,0.5,5,27
0.4130911368311111,0.6310985544060909,0.5331308982086034,0.9647770782066355,0.21800741757497977,50,0.5,5,28
0.5691277156211239,0.52580793438642,0.4272584206217176,0.9310878256570368,-0.043319781234703814,50,0.5,5,29
0.4557597554535255,0.6640528280474426,0.5246850992301261,0.7264974043242757,0.2082930725939171,50,0.5,5,30
0.55826312512894,0.41101447133393737,0.3465064483504339,0.9555008960754495,-0.14724865379500268,50,0.5,5,31
0.4803533944167606,0.450750923202075,0.35719611771860976,0.989550851867972,-0.02960247121468562,50,0.5,5,32
0.5202914795822488,0.6955286147229951,0.480903144855244,0.9810481081632068,0.17523713514074635,50,0.5,5,33
0.5263326316377198,0.42217290888080544,0.32370097004147846,0.991335673929599,-0.10415972275691437,50,0.5,5,34
0.49151023250578735,0.6650607451251848,0.5001697276454588,0.9473940789030312,0.1735505126193974,50,0.5,5,35
0.40436959701678743,0.643402523968328,0.5385637316701256,0.9332637378415922,0.23903292695154055,50,0.5,5,36
0.4375646936206657,0.4784545330734921,0.42381957765896916,0.9764989078439071,0.040889839452826426,50,0.5,5,37
0.5547405256700205,0.6447997156739991,0.5355332498243985,0.9825468397896084,0.09005919000397855,50,0.5,5,38
0.4399313344229788,0.6142980416480429,0.5245740879631553,0.9623386959476866,0.1743667072250641,50,0.5,5,39
0.4770170309706157,1.7584187349526796,1.035057980206942,0.5123172819182591,1.281401703982064,50,0.5,5,40
0.5098029559270246,0.3408841821301492,0.262119993173465,0.985494168615739,-0.16891877379687542,50,0.5,5,41
0.4418047457123299,0.4920703429882418,0.4091005048341826,0.9609073721624124,0.0502655972759119,50,0.5,5,42
0.4388155247746808,0.520891335575533,0.3495342211749735,0.9501686181882768,0.08207581080085224,50,0.5,5,43
0.5582335670742973,0.5515068480578263,0.41125126623475816,0.9615773134677614,-0.006726719016470928,50,0.5,5,44
0.43673520115292824,0.8365766336867924,0.7360848476516824,0.933281906479889,0.3998414325338641,50,0.5,5,45
0.4707618534414909,0.493877540870014,0.3810323420477775,0.9490605338065554,0.023115687428523102,50,0.5,5,46
0.5298218837796003,0.5884120043934831,0.49714567255847236,0.9857314109444696,0.0585901206138828,50,0.5,5,47
0.46951332696436054,0.6448461355105147,0.5513749375082426,0.9536708806354331,0.17533280854615418,50,0.5,5,48
0.49445844674063166,0.6422584274138877,0.49920283402057863,0.8792101111500789,0.14779998067325606,50,0.5,5,49
0.36395606438839717,0.4083693568102043,0.35926335489703926,0.9892204804739513,0.04441329242180714,50,0.5,5,50
0.4954225929857485,0.6895001532710469,0.5412368870973964,0.9555190560901546,0.19407756028529838,50,0.5,10,1
0.40474420361069946,0.3301768380751534,0.28981446694335306,0.9851262712589549,-0.07456736553554605,50,0.5,10,2
0.4554852979384454,0.5057247567990717,0.42411012339448406,0.5606960363499627,0.05023945886062631,50,0.5,10,3
0.4033394473576682,0.8713384129912326,0.7039276477581616,0.9476327796105597,0.4679989656335644,50,0.5,10,4
0.45163605566058806,1211.9273596235198,386.0920422102028,-12697.498949449271,1211.4757235678592,50,0.5,10,5
0.44837147799092375,1.4807536812443163,0.8768715096759057,0.8745624237446432,1.0323822032533925,50,0.5,10,6
0.29331145348749316,221.15842210326508,70.68946670970695,-3705.570399185053,220.8651106497776,50,0.5,10,7
0.45046199179568,21.966355691027754,8.61166697411736,-12.443543266513894,21.515893699232073,50,0.5,10,8
0.4816818255804241,44.25384035379965,14.271929423391402,-86.3991358659291,43.77215852821923,50,0.5,10,9
0.44697991146419663,2.6642570570817687,1.511145065532962,0.7768077793898389,2.217277145617572,50,0.5,10,10
0.49950611361308,0.7821565727484641,0.5389100530068336,0.9687932698264714,0.28265045913538406,50,0.5,10,11
0.41345179074893096,0.6994453343393194,0.5770972347664838,0.9500257184179456,0.2859935435903885,50,0.5,10,12
0.3920227475147302,2.6694518617911114,1.2267149315229025,0.8775448240208851,2.277429114276381,50,0.5,10,13
0.44226246413756076,2.359284738410182,1.1103817359734083,0.08722615011044954,1.9170222742726213,50,0.5,10,14
0.4343304780615995,7.814379224415859,3.165913668151685,-2.8137099721156846,7.38004874635426,50,0.5,10,15
0.501167571311413,5.815991859346733,2.2504179604949672,-2.734007344657013,5.31482428803532,50,0.5,10,16
0.42818530982135716,0.4534983996887886,0.38605280418277743,0.9919644745312522,0.025313089867431415,50,0.5,10,17
0.3790695921428075,0.5973366901161399,0.5118003117180034,0.982740493987403,0.21826709797333238,50,0.5,10,18
0.4242221190626844,465.3654820650136,147.6989870722917,-3100.6758484228662,464.94125994595095,50,0.5,10,19
0.4317500086388947,0.9331295069980783,0.6406247786887529,0.9607386498832807,0.5013794983591836,50,0.5,10,20
0.4239185462373884,3.7514324562054044,1.582160950235452,-0.8951642474447217,3.327513909968016,50,0.5,10,21
0.3741739643057266,0.634782708042868,0.5046791914879813,0.9470565794640499,0.2606087437371414,50,0.5,10,22
0.49347263102964434,6.796260039502064,2.9051472409111185,-2.1415959126995534,6.30278740847242,50,0.5,10,23
0.46841669377075734,7653.893424355448,2421.60398483822,-354953.4765088107,7653.425007661677,50,0.5,10,24
0.4708111476860322,2.099461021106514,1.094499815160205,0.6163798807578088,1.628649873420482,50,0.5,10,25
0.42616122473377976,2.429776450645436,1.2720568895488933,0.475800239795685,2.0036152259116564,50,0.5,10,26
0.4188784637491186,0.45515593332728227,0.38098019449635656,0.9879910786839533,0.03627746957816369,50,0.5,10,27
0.5178251377332467,3.734121563359027,1.6639853753776201,0.6734397090505368,3.21629642562578,50,0.5,10,28
0.4275668605435017,1.0007178966000863,0.7674517682510571,0.9719778596416015,0.5731510360565846,50,0.5,10,29
0.44194824549312456,5.925461069101438,4.131803772557307,-0.9753226625095861,5.483512823608313,50,0.5,10,30
0.4352697591028228,2.769025222580149,1.256209891385382,0.19987504900672404,2.3337554634773263,50,0.5,10,31
0.38002849452931575,0.5377307175447928,0.44171999496096415,0.8434739501362982,0.1577022230154771,50,0.5,10,32
0.33605160838175197,8.19137817243252,2.86127982494284,-0.6339526418896144,7.855326564050769,50,0.5,10,33
0.45744343849464764,0.7065462805908356,0.6236761975138292,0.9595856642888505,0.24910284209618794,50,0.5,10,34
0.46133274967008525,49.97716589737405,16.438798530515815,-94.27294115507974,49.515833147703965,50,0.5,10,35
0.4062295291028094,0.6890745495472895,0.6180377478334179,0.6756954298577191,0.2828450204444801,50,0.5,10,36
0.3902401467217197,0.4892175100847001,0.41407816572442807,0.9788685755841291,0.09897736336298041,50,0.5,10,37
0.39866218415718796,0.5614619742099395,0.5012323514499638,0.9822324767533919,0.16279979005275153,50,0.5,10,38
0.3469113539012772,0.736745634588788,0.6238997879016058,0.9499985709680776,0.38983428068751075,50,0.5,10,39
0.38796699894526604,0.5041395862050166,0.4440000359406639,0.9725921674740465,0.1161725872597506,50,0.5,10,40
0.4613195666427383,0.5716866331071965,0.4826802934662856,0.9418131591261777,0.11036706646445815,50,0.5,10,41
0.45617664780298234,0.5008836039524197,0.31743092773665343,0.9481897204045477,0.04470695614943737,50,0.5,10,42
0.41704795709604375,13.960488291526257,6.251901874588839,-34.369517347825926,13.543440334430214,50,0.5,10,43
0.5028756020699123,0.7803481856415095,0.6702330676855234,0.9531596827210587,0.2774725835715972,50,0.5,10,44
0.41640120802471386,219.7764075258252,76.72175720388584,-1414.2650018666639,219.36000631780047,50,0.5,10,45
0.3809635757836711,3.7387899320994986,1.6497705647228127,0.3851502468656761,3.3578263563158277,50,0.5,10,46
0.369251429466463,0.48289630557630514,0.43426963049349643,0.8890707337491821,0.11364487610984214,50,0.5,10,47
0.41307934206903324,1.7318672192483007,0.9538878887131175,0.3524836531833129,1.3187878771792674,50,0.5,10,48
0.45182171869124826,0.3812762573302522,0.3135730704452584,0.9548023233981,-0.07054546136099604,50,0.5,10,49
0.42544243128791026,4.550054635968656,1.9171693390900586,-1.6347015021105746,4.124612204680745,50,0.5,10,50
2.657415368965367,3.7657737568559595,2.8291040262558265,0.44453034135448133,1.1083583878905925,50,2.0,1,1
3.262476377763136,4.101766198999616,3.159926231552033,-0.38220592657576535,0.8392898212364805,50,2.0,1,2
4.28641737051406,5.826551787752256,3.935650488254795,-1.4862223337812548,1.540134417238196,50,2.0,1,3
2.7760980255846435,2.2885099208721233,1.8602611443325863,0.6585512565377664,-0.4875881047125201,50,2.0,1,4
3.133069473126283,2.6090311889028066,2.0246028792152364,0.5773802670362849,-0.5240382842234763,50,2.0,1,5
3.1147433747520332,5.7169505694907246,4.465498567409604,0.10399036839241449,2.6022071947386913,50,2.0,1,6
3.431946439224253,2.6599429597990705,1.7658904794175687,0.6107748385426124,-0.7720034794251824,50,2.0,1,7
4.296486522887665,3.6319087074479346,3.2306111520597804,-2.4348611707475647,-0.6645778154397308,50,2.0,1,8
2.95646080502102,5.0161487463587,4.034281263599694,0.10444071487127826,2.0596879413376796,50,2.0,1,9
3.1468865362523464,3.1188619179729815,2.4405141892275966,0.6045382138370681,-0.028024618279364866,50,2.0,1,10
3.2843075309291634,4.225393065884183,2.430192116394471,0.4727923379603508,0.9410855349550196,50,2.0,1,11
3.135111850309229,3.3511480907827798,2.8339741950993376,-0.38310919365854645,0.21603624047355074,50,2.0,1,12
2.810710110190091,2.5188886279854508,2.2824720099968756,0.08843206889781308,-0.2918214822046403,50,2.0,1,13
2.5623484719915077,1.7942009393464857,1.4795388737807214,0.6236245174498889,-0.768147532645022,50,2.0,1,14
3.683953019275495,2.7564415836940204,2.372308551887996,0.3856640163642011,-0.9275114355814744,50,2.0,1,15
3.3151679484543912,3.745081014315137,2.714715094675765,0.6524957597982175,0.42991306586074574,50,2.0,1,16
3.558224308223993,3.494899355730224,2.50697300175512,-0.37905846094173024,-0.0633249524937689,50,2.0,1,17
3.9328087791428614,4.19707362911052,3.235323828827073,0.09578525710130781,0.2642648499676583,50,2.0,1,18
2.9276347991741636,2.674042092332385,2.319203297819706,-0.8338014953171027,-0.2535927068417787,50,2.0,1,19
3.589057606617876,2.3571108846700657,1.7963720572113044,-0.07901076188904699,-1.2319467219478102,50,2.0,1,20
2.486858908748767,3.1349964359721896,2.0731808109985037,0.42090382294458595,0.6481375272234224,50,2.0,1,21
2.6447259897481166,3.4069386756375297,3.0066047177588926,0.5074749812725639,0.7622126858894132,50,2.0,1,22
2.9080316905347385,1.3176354669829178,1.1481051506795177,0.5823057665693168,-1.5903962235518208,50,2.0,1,23
3.309553806046876,2.074621415911404,1.8764941629616156,0.7815029484905959,-1.234932390135472,50,2.0,1,24
3.133366472245062,2.6433794364654517,2.2167595924234456,0.30119125373037137,-0.4899870357796101,50,2.0,1,25
2.8183585468559675,2.3828650380233465,2.020927550156304,0.6828378185506114,-0.43549350883262106,50,2.0,1,26
2.6736820642447467,3.5624246301911664,3.30400440220904,0.3770865311877927,0.8887425659464196,50,2.0,1,27
3.358075205003014,3.042485904947989,2.567307160108789,-0.08236593691889449,-0.31558930005502495,50,2.0,1,28
4.5800156885173315,4.731901020147833,3.956103577258216,0.08302722543260199,0.15188533163050177,50,2.0,1,29
2.8242160328700066,4.412532502326998,3.2390121962785754,0.6126334534943758,1.5883164694569918,50,2.0,1,30
2.859433671426226,2.542737959063887,1.9442022031944106,0.7042669924104453,-0.3166957123623386,50,2.0,1,31
3.072524156861653,2.0711872976145447,1.684120460328998,0.36907343445154395,-1.0013368592471084,50,2.0,1,32
3.497946024244663,3.131233468963967,2.6528394358189047,0.22332397640156865,-0.3667125552806958,50,2.0,1,33
3.0783580624072804,2.0720500896953866,1.909514467337086,-0.9780247182897581,-1.0063079727118938,50,2.0,1,34
2.8867416385331817,3.5262253657720093,3.0811993353403095,-0.5329854490791937,0.6394837272388276,50,2.0,1,35
3.02732887677727,3.8401085537624033,3.2839591946174025,-0.3762090729660359,0.8127796769851332,50,2.0,1,36
2.5626477532367837,2.1543425974840416,1.874940487455938,0.018096076793329363,-0.4083051557527422,50,2.0,1,37
2.874391307617758,1.9580275218538166,1.2659333671938604,0.6130438025585254,-0.9163637857639415,50,2.0,1,38
2.508313072220404,3.4448442018683254,2.272144530270899,0.5557610237347946,0.9365311296479213,50,2.0,1,39
3.5743335583563853,2.5856875855118253,2.2056029185019974,-1.16882937079896,-0.98864597284456,50,2.0,1,40
2.747357892698331,2.090196319155274,1.8715662125219787,0.4415907394465495,-0.6571615735430569,50,2.0,1,41
3.724975966231758,4.000264453118802,2.8996830624483785,0.5301864908130565,0.27528848688704377,50,2.0,1,42
2.4377623059594713,2.801300855275814,1.9161047655250392,0.7316819368980062,0.3635385493163428,50,2.0,1,43
2.749224917945237,2.902859674373977,1.8501305467701101,0.023132803186349027,0.15363475642873992,50,2.0,1,44
3.2254240631534943,2.2897209178072893,1.8370536115621907,-0.14246402627877242,-0.935703145346205,50,2.0,1,45
3.5699202416508613,5.931282705120307,4.705825423277266,-0.7465769284693404,2.361362463469446,50,2.0,1,46
3.135942617656137,1.6981985460744597,1.427913028189366,0.6874086344563364,-1.4377440715816772,50,2.0,1,47
3.2415544686808824,2.0255085420588146,1.5634181107900755,0.7665342126778676,-1.2160459266220678,50,2.0,1,48
3.6274176245377676,2.814317657112348,1.9629764878478562,-0.34194481492637996,-0.8130999674254196,50,2.0,1,49
2.920654417761239,2.5270798209005907,1.8375430308955856,0.16162131384307044,-0.3935745968606481,50,2.0,1,50
1.7294134670708596,2.2456389341896865,1.9429975298082325,0.5122183215641982,0.5162254671188269,50,2.0,2,1
2.0809275557714906,1.3815201208425727,1.1786924216639314,0.5963524614986335,-0.6994074349289179,50,2.0,2,2
2.009658184688631,2.1638207813172907,1.8022605725729313,0.8481191776616507,0.15416259662865972,50,2.0,2,3
1.8943134656072358,1.0589930838807493,0.8878496237480398,0.8071479924979829,-0.8353203817264865,50,2.0,2,4
1.5934041969740182,1.5707114935633866,1.2103441983294325,0.2119041185419287,-0.022692703410631676,50,2.0,2,5
1.9603411177691257,2.5445319178998917,2.2119981691707875,0.527043436363192,0.5841908001307661,50,2.0,2,6
1.791498534758578,1.5371662200706744,1.293974053213885,0.8431182438798931,-0.2543323146879035,50,2.0,2,7
2.3284328298290835,1.8692242866003612,1.4685455641033989,0.4156663803619083,-0.4592085432287223,50,2.0,2,8
2.0721318912258146,1.7544565353484416,1.616717728423,0.5931299674423492,-0.31767535587737306,50,2.0,2,9
2.086550602644585,2.656264800759242,1.9988636743643209,0.8126282636745319,0.5697141981146574,50,2.0,2,10
1.880770416336847,2.204091876543575,1.812019391572385,0.048035907700896274,0.32332146020672803,50,2.0,2,11
2.0099423275854047,1.308227069631657,1.1010285193770737,0.7454460665522895,-0.7017152579537478,50,2.0,2,12
2.0317961211179165,1.7446927168842636,1.5088245529116537,0.8874827271621043,-0.2871034042336529,50,2.0,2,13
1.9973952877687415,2.4583085449938444,1.9331642851663111,0.6925743964483706,0.4609132572251029,50,2.0,2,14
1.8263185622445843,2.2745528254533074,1.8741578740997127,0.13126613303467427,0.44823426320872306,50,2.0,2,15
1.730164337110565,2.0938678819127503,1.8947423626080533,0.4133622601549154,0.36370354480218525,50,2.0,2,16
2.1429764319368134,2.2243463091878146,1.8956944197511127,0.846956430484131,0.0813698772510012,50,2.0,2,17
2.0040901644915436,1.9909079626849384,1.702193754767358,0.7849075386314867,-0.013182201806605232,50,2.0,2,18
2.105440993425307,1.8589934738041098,1.4223281587249117,0.7594234311264754,-0.24644751962119726,50,2.0,2,19
1.663710283322786,1.9455568258879787,1.6080859318109049,0.8732700997084448,0.2818465425651928,50,2.0,2,20
2.062881485072657,2.3322188556669743,2.1169904273099016,0.5868048970590638,0.26933737059431717,50,2.0,2,21
1.6631982935705973,2.1291761157948463,1.8094646078098529,0.8064947553002308,0.465977822224249,50,2.0,2,22
1.83391729619382,1.8688321090873985,1.3429995103332897,0.8571052511075916,0.03491481289357856,50,2.0,2,23
1.806000388580654,2.236627074194784,2.068270972424892,0.24877866746093213,0.4306266856141301,50,2.0,2,24
1.4480503563947194,1.9230155870879158,1.588674246960388,0.8188043610531518,0.4749652306931964,50,2.0,2,25
1.7352785033061022,2.5550701326472436,2.191161166998525,0.011780367323300789,0.8197916293411414,50,2.0,2,26
1.8055033083293794,2.9766662145365963,2.094315456749053,0.6855936448639417,1.1711629062072169,50,2.0,2,27
1.790154966783038,1.9312136957010078,1.632956127402624,0.8636911695137485,0.14105872891796967,50,2.0,2,28
1.8153106517624853,1.3691454733950117,1.1572872357352013,0.6553610525822637,-0.4461651783674736,50,2.0,2,29
2.046432777666326,1.571497896144289,1.2561525351557843,0.8007876118430314,-0.4749348815220369,50,2.0,2,30
2.1079333812019367,2.870240340578069,2.3289537494209593,0.7606238542782247,0.7623069593761325,50,2.0,2,31
1.5234466974747207,1.7181216652504774,1.314817366140296,0.8715817627517607,0.19467496777575666,50,2.0,2,32
2.10599078510404,2.500508406325857,2.0762587633578224,0.7093931602457958,0.3945176212218171,50,2.0,2,33
2.165936222357714,2.400208379802373,1.8898608788719387,0.8004926620737371,0.2342721574446589,50,2.0,2,34
2.059483264195671,2.6212351336895146,2.0442428239541655,0.21552987590335704,0.5617518694938437,50,2.0,2,35
1.637211742066175,2.157173000625239,1.7786150556255016,0.257568067580754,0.5199612585590643,50,2.0,2,36
1.813479920765644,3.3960523997559044,2.8528246038247085,0.33627733217992917,1.5825724789902604,50,2.0,2,37
1.771865340530972,1.9713502799960922,1.6025135128043728,0.8845373675406085,0.19948493946512014,50,2.0,2,38
1.7618519888259625,1.3965870246301135,1.216564460271389,0.6572488721563445,-0.365264964195849,50,2.0,2,39
1.919854966106514,1.9503900382355037,1.6342220160795633,0.6805284851748243,0.03053507212898965,50,2.0,2,40
1.9828484116696898,1.3231422277947396,1.1021805464900207,0.8738607834224612,-0.6597061838749503,50,2.0,2,41
1.831991440079686,2.4196108886666874,1.6462441966294903,0.7702842805076504,0.5876194485870014,50,2.0,2,42
1.9790152365640796,2.4782731557973494,1.972224053844713,0.5482376664420352,0.4992579192332698,50,2.0,2,43
1.907467685749036,2.617928331415389,2.1888859954932784,0.69964635342194,0.7104606456663529,50,2.0,2,44
1.9898659232003193,3.2682531316816257,2.673636562203575,0.815979981615629,1.2783872084813064,50,2.0,2,45
1.4290179244130494,2.203817021287061,1.9582586568144358,0.7999765340814173,0.7747990968740115,50,2.0,2,46
1.7751672240702099,2.0879563408898605,1.7100654349637547,0.9027409798915162,0.3127891168196506,50,2.0,2,47
1.8243709583376209,1.10063662151934,0.8579603698181328,0.8546176446027061,-0.7237343368182809,50,2.0,2,48
2.045114612139433,2.5311377923292935,1.9784154394644982,0.5819108132978839,0.4860231801898607,50,2.0,2,49
2.1110138906216833,1.6163573261877198,1.4750663634093573,0.5632617555361885,-0.49465656443396355,50,2.0,2,50
1.557339761353572,2.0732086890862744,1.8000146039776848,0.8215182611434753,0.5158689277327024,50,2.0,5,1
1.4215279467461983,2.4475017110965935,1.968769837429726,0.5705527070080134,1.0259737643503952,50,2.0,5,2
2.003313792964887,1.9019804549026127,1.5706206318989782,-0.005085927088713804,-0.10133333806227429,50,2.0,5,3
1.7760190916306577,2.0710653737442724,1.5587418006684552,0.8247765058654815,0.2950462821136146,50,2.0,5,4
1.9893763425191342,1.880240458153773,1.453472805642079,0.7546696029302677,-0.10913588436536115,50,2.0,5,5
1.7361124261695704,2.7832362484239876,1.7967140905035215,0.6637974466626241,1.0471238222544172,50,2.0,5,6
1.4392013990661425,2.793569777071479,2.418282317973839,0.12714045449579503,1.3543683780053364,50,2.0,5,7
1.7832467092088455,2.4172192097746934,1.803539428713848,0.7304014334012766,0.6339725005658479,50,2.0,5,8
2.3664221045869613,2.546757375520692,2.2297027982559032,0.6823378456301603,0.18033527093373047,50,2.0,5,9
1.8300339472423308,2.7840272410755618,2.403955278415444,0.48364808941924464,0.953993293833231,50,2.0,5,10
2.0198519314538212,1.4690253305838457,1.064937730111876,0.8735962017451843,-0.5508266008699756,50,2.0,5,11
2.0036027592633183,1.4971610263457584,1.2328493307135058,0.19518179709377725,-0.5064417329175599,50,2.0,5,12
1.834091939866478,2.641683686335184,2.2678430772619658,0.46942796307615553,0.8075917464687059,50,2.0,5,13
2.359376344908051,2.323711267460099,1.8878358567634173,0.34979786610414043,-0.03566507744795233,50,2.0,5,14
1.9580518156044842,2.268814029517955,1.4075021842550721,0.6433412864915472,0.3107622139134709,50,2.0,5,15
1.8894325178868645,4.937456686235316,2.657146697475284,-0.391834388466213,3.0480241683484515,50,2.0,5,16
1.7451128486493286,2.2931241363414414,2.1239608667687433,0.7867609655712237,0.5480112876921128,50,2.0,5,17
1.586830687680882,1.8166057974733278,1.2903091024703097,0.38087498124686336,0.22977510979244586,50,2.0,5,18
1.9443327820828928,2.2534996259393205,1.9189975679479854,0.7103969150662967,0.3091668438564277,50,2.0,5,19
1.7686112772366736,1.669033301939605,1.4694975048651717,0.6291024376070761,-0.09957797529706847,50,2.0,5,20
2.226243501122453,2.5158846062099545,2.1215716042825763,0.6439641714091446,0.2896411050875014,50,2.0,5,21
1.9880261012397469,2.406779738957548,1.997093751900541,-0.026407554046856685,0.41875363771780094,50,2.0,5,22
1.9125759918668948,1.4527149075530659,1.3032028918233538,0.5909014843601113,-0.4598610843138289,50,2.0,5,23
1.582662393240016,2.1556682049872276,1.866286212097298,0.7064256621470716,0.5730058117472117,50,2.0,5,24
1.9406548438615223,7.327931179614479,4.191178140158294,-2.160448286390572,5.387276335752957,50,2.0,5,25
1.9267988594825438,2.3075336628342416,2.17663919902818,0.8629314600656136,0.38073480335169774,50,2.0,5,26
2.2508324666435597,2.593452878370612,2.1531927093969148,0.33032697648730847,0.34262041172705215,50,2.0,5,27
1.4900546351757928,3.3136030260580287,2.4414385589375707,0.5006454062671128,1.8235483908822359,50,2.0,5,28
2.161034537264588,2.054202829950906,1.4138507749706952,0.8466033449235448,-0.10683170731368197,50,2.0,5,29
2.1555361156443538,2.0218245604038922,1.6583348362806478,0.8517724699640691,-0.13371155524046152,50,2.0,5,30
2.009700604176967,3.4805167733866695,2.4499119292500033,0.7624939321567081,1.4708161692097024,50,2.0,5,31
1.9899634970857671,1.250478931203408,0.8834451895036912,0.6535919193589266,-0.7394845658823592,50,2.0,5,32
1.704801782802482,1.3297289537060717,1.0468684606491354,0.7901574102771697,-0.37507282909641027,50,2.0,5,33
1.9232507926885658,2.2889674147723027,1.5238775259794397,0.6051597689860975,0.3657166220837369,50,2.0,5,34
1.980734180222658,7.195938915085417,5.268541660664211,-0.32668510161556585,5.215204734862759,50,2.0,5,35
1.9029866503796153,2.08151325130652,1.752560735738141,0.7495364231621111,0.17852660092690487,50,2.0,5,36
1.4043520304113732,1.8083541906672118,1.4605209981263818,0.215710123215211,0.40400216025583857,50,2.0,5,37
1.7364211138448526,4.184110994285699,2.420500843271435,-0.8478818406733875,2.447689880440846,50,2.0,5,38
1.8257224082689347,6.726757672071674,3.9434834376000567,0.24805995207593134,4.901035263802739,50,2.0,5,39
1.4981804721912737,2.6545753123667155,2.079541135745564,-0.030667440784889255,1.1563948401754418,50,2.0,5,40
1.8362186800624216,1.6535224770705876,1.3232787357527798,-0.4548017096003285,-0.18269620299183398,50,2.0,5,41
1.442433570987737,2.0076213943579333,1.690254412066188,0.7651981424557419,0.5651878233701964,50,2.0,5,42
1.8363657786651069,2.086791413921514,1.867310982109449,0.6629348132702924,0.25042563525640693,50,2.0,5,43
1.8406865287710332,1.8514158398011002,1.6467145424390928,0.8419138034418809,0.010729311030067024,50,2.0,5,44
2.1953032816493128,2.0055282209594236,1.6575545051188691,0.3194068379585677,-0.18977506068988914,50,2.0,5,45
1.9925048065076645,1.8820114272140502,1.5961624813049877,0.7049663781846846,-0.11049337929361425,50,2.0,5,46
1.7729401308429418,2.1212358035433367,1.9170571352687449,0.652891063707363,0.34829567270039496,50,2.0,5,47
1.6810782135667042,2.2131894145052717,1.802241432777834,-0.4779273046864907,0.5321112009385676,50,2.0,5,48
1.5761001940243538,1.88905001893283,1.6019585957706206,0.6177486041018897,0.31294982490847634,50,2.0,5,49
2.092029428840002,2.870155537418072,2.0383891460643433,-0.13855384067186893,0.77812610857807,50,2.0,5,50
1.730215626608661,17.804770571528298,8.036235162980052,-8.045047529759481,16.074554944919637,50,2.0,10,1
1.8880827964818752,3.1178182688399136,2.339858144077918,0.35237189195580954,1.2297354723580385,50,2.0,10,2
1.6724975467568683,22.866043566818703,8.408379754836258,-36.20709713552607,21.193546020061834,50,2.0,10,3
1.6352791256659573,1.8861659750648214,1.4800059367362777,0.8452033430522492,0.2508868493988641,50,2.0,10,4
1.8504349247316367,23.153031859110676,10.27699841197605,-25.280857228267912,21.30259693437904,50,2.0,10,5
1.490898667618453,989.9636764407259,441.86417956534467,-18583.195982845147,988.4727777731074,50,2.0,10,6
1.85896839983456,6434.472462648332,2246.942238254779,-910823.5938700367,6432.613494248498,50,2.0,10,7
1.2309692919057644,4.4467969930534545,2.62047612774215,0.23747231170348782,3.21582770114769,50,2.0,10,8
1.8229803251182373,7.188065939162261,3.7956289066030258,-6.7149941232830885,5.365085614044023,50,2.0,10,9
1.3928240056807246,117.68146930394546,39.49835382727248,-171.81108587988564,116.28864529826474,50,2.0,10,10
2.0101879700224194,5.26571528873059,2.5204328118021544,-1.3186754040211048,3.2555273187081704,50,2.0,10,11
1.996609552841952,20.759727095815613,8.896704955983237,-40.83602517338149,18.76311754297366,50,2.0,10,12
1.8447995338070995,2.4745275201671713,1.838505079964386,0.6456190293224529,0.6297279863600718,50,2.0,10,13
1.4902372412575935,2.1964019140043387,1.5794622367327764,0.3551602669600884,0.7061646727467452,50,2.0,10,14
1.4896548915413839,114.34900782364645,38.07228144001411,-398.7753312571099,112.85935293210507,50,2.0,10,15
1.4296981541325453,28022.88173617238,9617.681124973667,-65911803.297985695,28021.452038018248,50,2.0,10,16
1.8146028270449166,1.74467807709624,1.4444686282164514,0.390103299603373,-0.06992474994867659,50,2.0,10,17
1.6563043617591198,1.660921200500549,1.4286277786134014,0.8247589309340639,0.004616838741429152,50,2.0,10,18
1.6625433679724515,6.237527759388007,3.1969493180509163,-2.2190679948605005,4.574984391415555,50,2.0,10,19
1.4638661826068693,22.651252988887432,9.146267065560306,-9.387152352647712,21.187386806280564,50,2.0,10,20
1.577712127248386,56.57555931486797,20.156219378436635,-102.05877371249589,54.997847187619584,50,2.0,10,21
1.2200326718493042,2.6895896346351282,2.3246604174235577,0.3290523537545601,1.469556962785824,50,2.0,10,22
1.738164541151692,20.41517285549866,8.418925306026365,-16.35878516287625,18.677008314346967,50,2.0,10,23
2.072918209407831,16.89199936412045,10.036675546362973,-35.87190795775727,14.81908115471262,50,2.0,10,24
2.184207246891734,1.8950770151172884,1.3663034249921224,0.4089308502413954,-0.2891302317744455,50,2.0,10,25
1.6769739751800754,1.9498121415489285,1.5033084491684494,0.1736147527281613,0.27283816636885305,50,2.0,10,26
1.6647991038734586,1.9046053542475194,1.5805457581470095,0.887836177608041,0.23980625037406078,50,2.0,10,27
1.735234945552807,2.752631061912975,2.268023386241727,0.5849424486643033,1.0173961163601677,50,2.0,10,28
1.9215740536850878,1.1171848889471871,0.8294963664975032,0.8931791062739611,-0.8043891647379007,50,2.0,10,29
1.4391264402693658,395.8535248300367,129.48234233572254,-30889.423011422918,394.4143983897673,50,2.0,10,30
1.7716479742379823,2714.204022748378,860.1312001208076,-1482019.2971997804,2712.43237477414,50,2.0,10,31
1.5318403440611825,1005.1832966953814,319.2421894418522,-44756.23959760095,1003.6514563513202,50,2.0,10,32
1.4103197367416709,6.975809229488753,3.9510699377178655,-0.20301462511371393,5.565489492747083,50,2.0,10,33
1.4509879046822112,2.455598996493043,2.2569256383481444,0.7164922752418096,1.0046110918108317,50,2.0,10,34
1.7142745253973952,9.639797880254092,5.401204184653606,-5.480655300783321,7.925523354856696,50,2.0,10,35
1.330505954425718,2.6630607074471273,2.2555070873539487,0.6238801797202458,1.3325547530214092,50,2.0,10,36
1.584905874948461,423.2724859055376,135.34103843122432,-6234.154504333119,421.6875800305892,50,2.0,10,37
1.549899923567775,2.5438050566712564,2.079691402123072,-1.0337438649299977,0.9939051331034814,50,2.0,10,38
1.4644463508450174,3.30172484631434,2.8057872281236786,-0.2643304564086135,1.8372784954693226,50,2.0,10,39
1.6542511552677734,2.967777969056718,2.520822245331503,0.47887820109406953,1.3135268137889444,50,2.0,10,40
1.9435022642532747,123.95231997210946,40.35509566193859,-2995.3621501933053,122.0088177078562,50,2.0,10,41
1.4886289014916279,1.8331321149934858,1.569569057842433,0.4624748310117329,0.344503213501858,50,2.0,10,42
1.2539012031085086,18.341400794793486,7.492279351097589,-16.53056308752831,17.087499591684978,50,2.0,10,43
1.5795049821023646,3.153720077065807,2.757052149282636,0.19859802187302134,1.5742150949634424,50,2.0,10,44
1.4991610539708893,1.9418842307152664,1.770243927553114,0.7970417962264541,0.4427231767443771,50,2.0,10,45
1.8662254115131298,3.249632621026402,2.7262636177987987,-0.5607309066903214,1.3834072095132721,50,2.0,10,46
1.583856296324943,2.51258466211353,2.209812514015816,0.2893407766815721,0.9287283657885872,50,2.0,10,47
1.6676072341791266,2.016858780410405,1.6257659756188025,0.23875991056065726,0.3492515462312782,50,2.0,10,48
1.4468347536220627,2.1346233303431124,1.6654199778247964,0.41807745894219905,0.6877885767210496,50,2.0,10,49
1.3783642631318092,643.5725956256392,204.56946927074915,-47539.54383403128,642.1942313625074,50,2.0,10,50
5.745630515185349,3.5980465440217033,2.828657559768868,0.47314459140765075,-2.1475839711636455,50,5.0,1,1
6.24098651385329,3.7852880991854603,2.91525319535234,0.6697393687233582,-2.45569841466783,50,5.0,1,2
5.111044125822125,3.94836765570412,3.5378362244973127,-1.222821774539383,-1.1626764701180048,50,5.0,1,3
5.269333226296774,5.945375612256592,4.773628863515105,0.0656920830144877,0.6760423859598186,50,5.0,1,4
5.592775900676738,4.1321196563365,3.4459664669917722,0.23915193908439814,-1.460656244340238,50,5.0,1,5
5.410752931060387,5.773829937585292,4.492738308113565,0.13746543151773916,0.3630770065249056,50,5.0,1,6
4.823336618547444,4.845015356158189,4.186004722252489,0.11036620536847253,0.021678737610745458,50,5.0,1,7
5.368725376612526,7.4629771885807275,5.791368378716252,-0.8977767195828636,2.094251811968202,50,5.0,1,8
4.727439503489347,8.404637643266923,6.253818199520654,-0.024815657173060668,3.677198139777577,50,5.0,1,9
5.791200736490436,4.781683686681523,3.9608721999736174,0.3182092317329591,-1.0095170498089123,50,5.0,1,10
5.4228484862365685,5.137302388171577,4.012107167803235,-0.7436663828727847,-0.28554609806499176,50,5.0,1,11
4.784480348122707,7.8263709334337035,5.60965907347961,-0.6264661574672772,3.0418905853109965,50,5.0,1,12
5.889111948445956,4.301037979144071,3.7787364431215558,0.44334945126476066,-1.5880739693018855,50,5.0,1,13
5.295918532236906,8.652783332939324,7.449547272937437,-0.1926406385478736,3.356864800702418,50,5.0,1,14
5.4813439820906344,4.9336471660200045,3.7157041503041413,-0.03781084141318769,-0.5476968160706299,50,5.0,1,15
5.92215354716146,6.158495778890497,4.9625896583430915,-0.25204324816720236,0.23634223172903734,50,5.0,1,16
5.260112322490295,6.772454353936747,5.728417773424137,-0.13278838791922798,1.512342031446452,50,5.0,1,17
5.753517014054329,4.561340113949898,4.130872131922314,-0.1286464012546964,-1.192176900104431,50,5.0,1,18
4.73622934690599,4.021622654189503,2.893759584514656,0.17131906953731124,-0.7146066927164867,50,5.0,1,19
6.117041519564088,5.796858671585632,4.961596259469529,0.2244102038818958,-0.3201828479784563,50,5.0,1,20
5.24964864754529,6.846869142248058,5.795943922013928,0.33058404296489463,1.5972204947027677,50,5.0,1,21
5.836469983159343,4.221152214088285,3.497628042384607,0.20517192386958694,-1.6153177690710585,50,5.0,1,22
4.179676868315127,6.267064279044592,4.971431967273777,0.3925100182839797,2.087387410729465,50,5.0,1,23
4.562867042444639,4.523530307222804,3.722382019936635,-0.8226668989338364,-0.039336735221835006,50,5.0,1,24
5.297887875487013,5.1458097404615675,4.454870449373006,-0.09490620136525818,-0.15207813502544543,50,5.0,1,25
5.229304979479422,7.083980191240173,4.959437261536535,-0.02184090083963941,1.8546752117607515,50,5.0,1,26
6.473646717503841,4.468994872505191,3.7427524067403475,0.35294295545567955,-2.0046518449986497,50,5.0,1,27
5.250312626783016,3.9573930155770096,3.2359817656597514,0.39557520341838626,-1.2929196112060062,50,5.0,1,28
4.732215782302555,3.198232929055775,3.0331737540984243,-0.3258807666999408,-1.5339828532467803,50,5.0,1,29
5.736917678657202,4.732903996072617,3.4692043743264245,0.5276156710629656,-1.004013682584585,50,5.0,1,30
5.915526605852461,5.428134793367584,3.972619503390219,-0.2546891375155462,-0.4873918124848773,50,5.0,1,31
7.4527829107876915,4.966137788684465,4.618037606606471,-0.43412168344800106,-2.4866451221032264,50,5.0,1,32
4.952927428509333,5.108307039826652,3.7496799415751196,0.30555871667562406,0.15537961131731937,50,5.0,1,33
5.3405357447148,5.791239236344607,4.52112825394199,0.3462117183732215,0.45070349162980694,50,5.0,1,34
6.384617611325396,3.303050770207896,2.287665874962913,0.043923004458052084,-3.0815668411175,50,5.0,1,35
5.698507813183905,4.976343376463951,3.65920555630775,-0.09597856754541012,-0.7221644367199547,50,5.0,1,36
5.106905241254049,5.953876353003635,5.056723635482514,0.1712314065221644,0.8469711117495864,50,5.0,1,37
4.527505210544087,6.64707953232685,5.3932302180118405,0.05178474246479248,2.119574321782763,50,5.0,1,38
6.245633321558624,6.982380762089882,5.627599033370176,-0.060688762296543075,0.736747440531258,50,5.0,1,39
6.265136144286153,6.211918897903833,5.183087167657885,-0.4008559055921017,-0.05321724638231995,50,5.0,1,40
6.0027400605269525,5.5179414732867915,4.431362829492768,0.4900842757511191,-0.484798587240161,50,5.0,1,41
5.004281416114999,7.494419656666522,5.368892098381071,0.24631246606326218,2.4901382405515227,50,5.0,1,42
5.104868060510301,3.7053251190492262,3.1481557286635455,-0.1589396031068,-1.3995429414610752,50,5.0,1,43
4.532793606261269,4.790452925090503,3.9014732433823696,0.2882205565517071,0.25765931882923443,50,5.0,1,44
4.939683180667624,5.383763693532495,4.360471353453888,0.337853423888149,0.44408051286487105,50,5.0,1,45
5.620186147143071,4.781597436402974,4.1336825086476505,-0.03536240706528959,-0.8385887107400976,50,5.0,1,46
5.643166243229559,6.411481622221078,4.526257638242775,0.03704590916071504,0.7683153789915194,50,5.0,1,47
4.986953442617428,3.6663075637629126,3.0598697559701913,0.4151460745413105,-1.3206458788545152,50,5.0,1,48
5.327294037578113,4.993761611549142,4.423674242757407,-2.4045751173884526,-0.33353242602897115,50,5.0,1,49
5.897515247659645,5.011413275070637,4.389303288456627,0.5123379984236103,-0.8861019725890085,50,5.0,1,50
3.798693048009291,4.316451392998716,3.6533025554705874,0.43802851803669973,0.5177583449894252,50,5.0,2,1
5.566942482009992,6.664502834385583,5.811174828904366,-0.21963333160121667,1.0975603523755915,50,5.0,2,2
5.432929253622128,5.725934389539407,5.209517157602611,0.28606571386795765,0.2930051359172783,50,5.0,2,3
4.238462912976553,3.2879337884523503,2.5853084572435585,0.12462497654414961,-0.9505291245242029,50,5.0,2,4
4.832908901348398,4.994690561566108,3.3773526914083094,0.7916900711702772,0.16178166021770934,50,5.0,2,5
3.6065327850496325,7.604094252861934,5.748418709171529,-0.6875944654357478,3.9975614678123015,50,5.0,2,6
4.9342941957393185,7.149402868805057,5.268453843292013,0.26331417820123026,2.215108673065738,50,5.0,2,7
4.250662234498246,4.4774254345770865,3.96169168430306,-0.0344727299950045,0.22676320007884065,50,5.0,2,8
5.415560967585028,5.20207824021708,3.884901557797299,0.4537445420857906,-0.21348272736794804,50,5.0,2,9
4.17845716889908,5.533689524483504,4.589493109713542,0.4968356319753289,1.3552323555844232,50,5.0,2,10
4.572247844925676,4.5603986975997985,3.931630076125874,-0.3379713888418019,-0.011849147325877496,50,5.0,2,11
5.297296784575626,6.128357034552083,5.032575142971426,-0.28281155188199714,0.8310602499764572,50,5.0,2,12
4.214651442138555,5.075694492983555,3.300155139777486,0.33283372906456166,0.8610430508449998,50,5.0,2,13
5.197883614045909,4.697192386874277,4.182839546051839,-0.1301890862971813,-0.5006912271716324,50,5.0,2,14
4.461574314595995,4.72470119570027,3.4775654433956946,-0.23931102689893913,0.2631268811042746,50,5.0,2,15
4.626591903353269,3.062272989908698,2.47487841132627,0.3828701772377223,-1.5643189134445712,50,5.0,2,16
4.17336227876474,5.117251975674503,4.412039350920188,-0.5222719574209442,0.9438896969097632,50,5.0,2,17
5.306329096560191,4.289403276768787,3.522479512225117,0.5432157295705656,-1.0169258197914042,50,5.0,2,18
4.342650431033701,5.050063323152318,3.748461914179903,-0.6265161941567272,0.7074128921186169,50,5.0,2,19
4.21695651289007,7.102969310406923,5.984064836829793,0.2403843868415214,2.8860127975168535,50,5.0,2,20
5.044428322133211,7.439344597933381,6.343117018925124,-0.31673608147738697,2.3949162758001705,50,5.0,2,21
5.366226289402951,3.5133983881986515,2.7046719106792363,-0.37327294341696504,-1.8528279012042992,50,5.0,2,22
4.112025155420712,4.7999375650018985,3.8696983140934336,0.19163429588698466,0.6879124095811866,50,5.0,2,23
4.691749748422115,6.001726716401621,5.010556008242337,0.24224049181811125,1.3099769679795061,50,5.0,2,24
4.463825575390469,5.399642709721678,4.386240814419854,0.14418710720051597,0.9358171343312085,50,5.0,2,25
5.425356195718835,3.6766048252793735,3.271476781659844,-0.727524041620814,-1.7487513704394613,50,5.0,2,26
5.881636596977016,4.122096863091378,2.7574838736213345,0.34801993532336306,-1.7595397338856378,50,5.0,2,27
4.726996595135214,5.350960524120127,4.419373537822968,0.5886060388629295,0.6239639289849128,50,5.0,2,28
5.625564435463847,3.0154883479938968,2.5008369549030642,0.17087364569171948,-2.6100760874699502,50,5.0,2,29
3.75054658341237,4.517267526010106,3.864431481607755,0.47587501660550124,0.7667209425977362,50,5.0,2,30
5.809206517529623,7.773043793043425,6.7753965068445385,-0.8564536420333035,1.9638372755138018,50,5.0,2,31
4.788644559922256,5.4235748461950175,4.413686814350803,0.08800528473108327,0.6349302862727617,50,5.0,2,32
4.540634590512325,5.102308046827543,4.418691668630609,0.7159654207837312,0.5616734563152175,50,5.0,2,33
4.073439604138366,3.943775994176739,3.4195164908625832,0.274944707225935,-0.1296636099616264,50,5.0,2,34
4.468270939372462,4.333394712260505,3.395036540792474,0.6335137262313093,-0.13487622711195701,50,5.0,2,35
4.519345687480121,4.957455724982115,4.450025679248574,0.6597580628072099,0.4381100375019935,50,5.0,2,36
4.579143336879067,3.9439720803740745,3.0331514739636174,0.5651527144029984,-0.6351712565049925,50,5.0,2,37
4.768745582332156,5.205211087445158,4.724248371101886,0.342272702927259,0.4364655051130022,50,5.0,2,38
4.881910587760985,4.496429905677003,3.6496081647455876,0.26817853099895395,-0.38548068208398245,50,5.0,2,39
4.455400932686603,3.830670080986396,3.052417593300972,0.6177939518351812,-0.6247308517002068,50,5.0,2,40
4.92757495685932,4.2825936028611995,3.167421531541012,0.11250210449679332,-0.6449813539981202,50,5.0,2,41
5.014698903851394,5.145939666117374,3.7836092158300643,0.15790185433447057,0.13124076226598014,50,5.0,2,42
5.17136843039298,3.3035120586693756,2.856024779042964,0.32274822345138854,-1.8678563717236045,50,5.0,2,43
3.908684153786861,4.705690633780974,3.724031343713076,0.001856026165401814,0.797006479994113,50,5.0,2,44
4.780570049827264,4.972119436713758,4.172847955303029,-0.5654845057970976,0.1915493868864937,50,5.0,2,45
4.585590124173398,6.745140017090753,5.8607865162894806,-0.36444406681892305,2.1595498929173553,50,5.0,2,46
5.140817898217221,5.8702584700865765,4.855200183923969,0.5491411485921864,0.7294405718693557,50,5.0,2,47
4.752286764639061,4.293812036619239,3.180400898886332,0.39784361586748695,-0.45847472801982203,50,5.0,2,48
3.9572771636732225,7.213273299611723,6.217759709155343,0.27351380508672873,3.2559961359385006,50,5.0,2,49
3.9693639086039245,5.453578149014229,4.246248127698478,0.3741881901388763,1.4842142404103043,50,5.0,2,50
4.733985501581589,4.595983965667274,3.6427894058500976,0.22086333660886093,-0.13800153591431563,50,5.0,5,1
4.8355391717083505,4.051872541947132,3.513282753701651,-0.06816247900003458,-0.7836666297612185,50,5.0,5,2
3.885524419454824,4.96565314099039,4.2828880354457475,-0.033978529212059794,1.0801287215355657,50,5.0,5,3
4.817877043652218,5.908991860589816,4.083804899625738,-1.9228448785138856,1.0911148169375977,50,5.0,5,4
3.813162482925767,3.7321522903884583,3.1999172643226124,0.13350042498822978,-0.08101019253730879,50,5.0,5,5
4.690328854680791,7.737154401625181,5.467550312366685,0.04939592599707099,3.0468255469443903,50,5.0,5,6
3.878309688979922,6.507708629376368,5.891972131315536,-5.410887824671819,2.629398940396446,50,5.0,5,7
3.7583426282939882,5.094865169493065,4.643106082683971,0.46943858395651994,1.336522541199077,50,5.0,5,8
4.511740187758101,5.8451796505906986,4.723805310108664,0.025046124062897857,1.3334394628325974,50,5.0,5,9
4.704697694185238,5.3731245842060185,4.583274810441051,0.5672243398757766,0.6684268900207808,50,5.0,5,10
4.193300779805687,6.224594825529667,5.506594330654108,0.47354623741028146,2.031294045723979,50,5.0,5,11
4.598098000010357,6.945840984200178,5.23062647904545,-0.1955504657340552,2.3477429841898205,50,5.0,5,12
3.99294170130103,6.889973413430994,5.4070299260790575,-0.1159526334585852,2.8970317121299636,50,5.0,5,13
4.834812747779421,5.38487890940478,4.189340598401882,-1.2031190968595085,0.5500661616253595,50,5.0,5,14
3.7838273120395276,5.2264196593078545,3.8686245516912363,0.16702587518826595,1.4425923472683269,50,5.0,5,15
4.411761216753091,7.2559567154813465,5.84972384104938,-0.6120179260058671,2.844195498728255,50,5.0,5,16
5.031389052707444,6.433809315046774,5.773425665905155,0.005659481143746037,1.40242026233933,50,5.0,5,17
4.388250670489143,5.291630855961989,3.9562060257354057,-0.8014966692828531,0.9033801854728463,50,5.0,5,18
4.234447057957841,5.437375591483686,4.605266570834847,-0.14500533179416064,1.2029285335258457,50,5.0,5,19
4.24249611721146,9.446298497515546,6.7260296650446945,0.07427377530827595,5.203802380304086,50,5.0,5,20
5.265444589834482,5.15023506799807,4.114831899220412,-0.3076647543462363,-0.11520952183641242,50,5.0,5,21
4.637119847304153,6.718968582804916,5.6592680206911234,-0.11359783794876788,2.0818487355007624,50,5.0,5,22
5.61246820151829,7.325178996257025,6.319451431607663,-0.10229387761945619,1.7127107947387348,50,5.0,5,23
4.248240711185608,6.885906683221796,5.829632469263208,-0.1384082250977947,2.6376659720361877,50,5.0,5,24
4.212287923814849,3.1429129658041033,2.7289517935756904,0.2758556798051449,-1.0693749580107461,50,5.0,5,25
4.288639346536825,4.849172136554718,3.6027551625672025,-0.16389562993919182,0.5605327900178931,50,5.0,5,26
4.553223425252852,3.122403953428482,2.6310981868169288,0.653516429373562,-1.4308194718243694,50,5.0,5,27
4.595568681677453,4.010657266569977,3.372223954907016,-0.4026841466870288,-0.5849114151074764,50,5.0,5,28
3.8293664785969943,5.055693018344847,4.291954923373733,-0.34620580601979434,1.2263265397478529,50,5.0,5,29
4.385696907144265,5.581454000481722,4.127548465428388,0.033474848077323704,1.1957570933374573,50,5.0,5,30
4.590834114406394,6.146974373818715,5.38750910109944,-0.4782126068982617,1.556140259412321,50,5.0,5,31
5.25951783932933,17.184200189932465,10.200509819627408,-4.446650120822496,11.924682350603135,50,5.0,5,32
3.9433836797115736,4.880631009664871,3.718149359943665,-0.35176672451994295,0.9372473299532973,50,5.0,5,33
4.775719230721793,5.35210451481813,4.049053071711852,0.2883772094442122,0.5763852840963368,50,5.0,5,34
5.118907655991487,8.682606526126646,5.535420592054008,-0.9537744492612821,3.563698870135159,50,5.0,5,35
4.824538037699927,7.195795124550165,6.10871238746106,-0.1915916512653668,2.371257086850238,50,5.0,5,36
4.257828439821494,6.010350714007971,4.70437498193833,0.35436984430124396,1.752522274186477,50,5.0,5,37
4.257890577392048,6.737568903316808,5.936720366792381,0.14935629318624,2.47967832592476,50,5.0,5,38
5.558720413647635,3.0407011620291975,2.3677014761705744,0.23024416992527152,-2.518019251618438,50,5.0,5,39
3.4788619269874443,3.5674276209117783,2.781229893072451,0.28991736956213066,0.088565693924334,50,5.0,5,40
4.5189397771977085,7.614976875459861,6.170348550886042,-0.4250979788530369,3.096037098262152,50,5.0,5,41
4.08176791077995,5.797694936684804,5.138188811992851,0.013234355798683706,1.715927025904854,50,5.0,5,42
4.5200547167650695,12.401104796877833,6.4930308632702465,-12.719467481249183,7.881050080112764,50,5.0,5,43
5.160789031705881,3.847598330355396,2.884902453107335,0.09718232359825363,-1.3131907013504849,50,5.0,5,44
4.39614891038738,3.498583806926687,2.9129080536902308,0.3000300800008714,-0.8975651034606931,50,5.0,5,45
4.384109646430503,5.740909538749443,4.588331597824643,0.5134630013945496,1.3567998923189393,50,5.0,5,46
4.359374228913545,6.1813631773818205,4.1550810942788186,-0.39878099505422093,1.8219889484682756,50,5.0,5,47
4.344142617547688,4.5673845807265785,3.736216734785799,0.12883244539379168,0.22324196317889022,50,5.0,5,48
4.567286623182468,6.775996447167398,5.21610230663418,-0.08764945087369957,2.2087098239849308,50,5.0,5,49
4.99515532025402,2.790567431224483,2.0627124636897873,0.45780021847409613,-2.204587889029537,50,5.0,5,50
3.750209109699588,3.7466254039336766,3.1270582392040995,0.41983264260306585,-0.0035837057659113825,50,5.0,10,1
4.08408205190746,25.324854884243695,11.745545052878084,-14.566247422883777,21.240772832336233,50,5.0,10,2
5.576177664362148,4.627308621177779,3.5184608666948143,0.0019167387165186511,-0.9488690431843692,50,5.0,10,3
4.700216775035217,189.42593272496862,64.47667853531523,-925.1596080996776,184.7257159499334,50,5.0,10,4
4.362760498358634,3.250077411225741,2.806383200734538,0.6125953031920026,-1.112683087132893,50,5.0,10,5
4.158643676028995,14389.923749157115,4554.448664503359,-7515838.157717488,14385.765105481085,50,5.0,10,6
4.435868339282727,84.52504714623456,28.963089821526655,-439.48440835069863,80.08917880695182,50,5.0,10,7
4.30623061929222,4.563615164517976,3.538281593900025,0.5017804104815904,0.25738454522575527,50,5.0,10,8
4.25831794174813,34.81391988775622,19.08916204316268,-46.731772981855954,30.55560194600809,50,5.0,10,9
4.1692788404589445,960.7569968799799,308.16077072097175,-21066.110063599706,956.587718039521,50,5.0,10,10
4.766781240876831,5.214904902417963,4.2863751198818685,-0.18316817860790224,0.4481236615411319,50,5.0,10,11
4.010170266623571,21.591521424565894,11.551017978188876,-13.539492909329493,17.581351157942322,50,5.0,10,12
4.496377192494849,4.615323637322452,3.943074075397665,0.293809456529063,0.11894644482760253,50,5.0,10,13
3.2181484454194105,5.477255009935639,4.687604248634472,0.08321295765735559,2.259106564516229,50,5.0,10,14
4.247639525008709,577759.8454197402,182906.35816662482,-5757481279.623526,577755.5977802152,50,5.0,10,15
5.027933108234321,11.167515774584611,7.109334804953493,-5.068322628219713,6.13958266635029,50,5.0,10,16
4.120795213509017,7.240934568675237,5.937523422678613,-0.6999643285423003,3.12013935516622,50,5.0,10,17
4.166589141711107,6.75578501680393,4.883514844309429,-1.3359086390870294,2.5891958750928232,50,5.0,10,18
5.157463307675545,5.043327582799748,3.7370218907679984,0.44026345317066684,-0.1141357248757977,50,5.0,10,19
3.5600752209134767,5.7722168050529294,4.562094170592945,-0.14695701987391807,2.2121415841394527,50,5.0,10,20
3.1408720901642844,7.060429661256964,6.795365814978757,-0.28013659148851633,3.9195575710926795,50,5.0,10,21
3.6467488551359963,1036.1408484801243,331.2351841727481,-20155.8988688298,1032.4940996249884,50,5.0,10,22
5.044939059173794,288.7849928820012,95.11051535670455,-1115.1401793745888,283.7400538228274,50,5.0,10,23
4.37193688147788,6.274800374451738,5.04592344166093,-0.1975799643027738,1.9028634929738582,50,5.0,10,24
3.9965509115327778,88.48118217815744,32.459666989133865,-404.6268996291516,84.48463126662466,50,5.0,10,25
4.513590763338305,60.15695291395405,21.833911092943254,-105.77731291352666,55.643362150615744,50,5.0,10,26
3.508968218462615,4.589581035231991,3.4218779231755967,-0.2133159331397505,1.0806128167693756,50,5.0,10,27
4.112860553558332,7.0599428801618425,5.828452481312639,-0.2635069288758034,2.9470823266035104,50,5.0,10,28
4.175390783562968,4200.232946720315,1331.719091090505,-434170.8305111459,4196.057555936753,50,5.0,10,29
3.7072456866311216,34.61385158029729,15.035775662086873,-40.57162322460975,30.90660589366617,50,5.0,10,30
3.691773210481925,6.9631370479158665,5.556158869589283,0.0660045270124352,3.2713638374339413,50,5.0,10,31
3.997811577408086,3.109304509627136,2.5128015772445034,0.5438456003793195,-0.8885070677809499,50,5.0,10,32
4.1302844313954274,4.499245467357876,4.112244199516968,-2.0924374001572588,0.36896103596244867,50,5.0,10,33
4.5651080882627415,5.588148353454023,5.114951333114965,0.26541284572647517,1.0230402651912813,50,5.0,10,34
3.9291474271485822,4.559652218149858,4.27530844884523,0.517946756102798,0.6305047910012758,50,5.0,10,35
4.533995510053677,3.7532894180303145,3.1417828717264045,0.22713489759936167,-0.7807060920233622,50,5.0,10,36
5.107987179721528,15.52929876116065,8.002929483784943,-4.07922688568751,10.421311581439122,50,5.0,10,37
4.303922996419281,28.105745930943947,17.726357839728717,-14.504416692477088,23.801822934524665,50,5.0,10,38
3.1192793529406977,8.101881464750344,5.661594766998474,-2.365753998526101,4.982602111809646,50,5.0,10,39
4.0058982155715945,5.0580195805407415,4.324988775667904,-0.0482840696527429,1.052121364969147,50,5.0,10,40
4.299187002531137,4.7159833190196565,3.75370618831914,0.4114707215260881,0.41679631648851956,50,5.0,10,41
4.169131544247554,94.86660069012702,34.42823793954047,-563.4228025004984,90.69746914587947,50,5.0,10,42
4.753263174938864,9.935372302003065,7.6905046512245985,-3.115324832622262,5.1821091270642015,50,5.0,10,43
4.886985460811902,9.095032218179595,7.742498769209922,-2.391577276434756,4.208046757367693,50,5.0,10,44
4.452829065037639,1938.8428303998144,616.8885881331973,-45813.07325463844,1934.3900013347768,50,5.0,10,45
4.662620165571308,6.254449312311449,4.687329274335727,0.23050826316755246,1.5918291467401406,50,5.0,10,46
5.142430890854432,37.755020069974485,15.071758256835171,-30.75652425646536,32.61258917912005,50,5.0,10,47
4.172933101857434,10.488565189951592,7.2141285470528445,-1.136815329510819,6.315632088094158,50,5.0,10,48
5.237145980630068,4.611856827931847,3.4381871729563054,-0.6023508375961273,-0.6252891526982207,50,5.0,10,49
3.964033842309964,149.8961394712293,57.56701205276863,-486.21076667454406,145.93210562891935,50,5.0,10,50
3.3804478628113506,2.5937293688865264,2.200574893430832,0.5989926636005116,-0.7867184939248242,100,0.5,1,1
2.057098866501493,2.2262963133880587,1.6585717937907059,0.6016204545859483,0.16919744688656557,100,0.5,1,2
2.394239835861548,2.3822870405625083,2.1199309716180106,0.6414339843438714,-0.01195279529903992,100,0.5,1,3
3.906806876411286,4.2791145510759465,2.8922596647134156,0.5400191871576864,0.3723076746646603,100,0.5,1,4
2.1335267865542025,2.2116074729201247,1.3815723523280643,0.6806987950919128,0.07808068636592225,100,0.5,1,5
2.549884761945566,3.260124264593064,2.2019658593974567,0.3212717124505343,0.7102395026474984,100,0.5,1,6
2.266164492949267,3.237486309106201,2.113624536601782,0.6480814735690522,0.9713218161569341,100,0.5,1,7
3.3868982629473923,2.999851804082319,2.175531819977933,0.06255465031715335,-0.3870464588650733,100,0.5,1,8
2.976838475543382,4.872619771668296,2.4220082790108584,0.4566445819353997,1.8957812961249139,100,0.5,1,9
3.13233052654681,3.7408982285546095,2.6127541619733474,-0.3565737343169675,0.6085677020077993,100,0.5,1,10
2.8575716377939013,2.73420318180155,2.2091469497190728,0.18159211470838832,-0.12336845599235113,100,0.5,1,11
1.740867713862667,2.2746545504592928,1.7431549939173387,0.7921160847071888,0.5337868365966258,100,0.5,1,12
2.9266025336198296,3.040787188390003,2.070330554070524,0.1512140358143007,0.11418465477017348,100,0.5,1,13
2.2344444247612762,2.461806022354728,1.7176557175563452,0.4712781016934823,0.22736159759345176,100,0.5,1,14
2.102881403780723,2.5592825136060586,1.8813737033841442,0.6798139257978133,0.45640110982533555,100,0.5,1,15
2.4757048058551594,2.3222389550945244,1.9098304986279964,0.6626007637164346,-0.15346585076063501,100,0.5,1,16
3.150655223578046,5.333002487924333,3.0207195340734954,-2.042039188384617,2.1823472643462876,100,0.5,1,17
2.903263968634546,2.13706191379037,1.660853935028245,0.13151506802621038,-0.7662020548441757,100,0.5,1,18
1.9256990138468717,2.131277530664416,1.6425912511476455,0.7058652911480701,0.20557851681754413,100,0.5,1,19
2.874527110443335,4.268053554481824,2.364475346794426,0.44064184125220307,1.3935264440384891,100,0.5,1,20
2.0907110241670104,3.4020510513942286,2.2668449400934536,0.5764629130347391,1.3113400272272182,100,0.5,1,21
2.7757291648069593,2.3714974171861587,1.932489010528481,0.6275347790804511,-0.4042317476208006,100,0.5,1,22
3.5399255991956298,2.339250593235314,2.1412376303199117,0.46059451424481246,-1.2006750059603157,100,0.5,1,23
1.9436888766587648,3.722577266914867,2.1632215420744325,0.5426399992729867,1.7788883902561021,100,0.5,1,24
2.549512441215117,2.056011822193458,1.7235514058328338,0.5099541577268469,-0.49350061902165887,100,0.5,1,25
2.4635376073525195,1.6830833544953,1.4030973994779807,0.5474134775623223,-0.7804542528572194,100,0.5,1,26
2.2147129069826073,2.0742945773299946,1.6746842481189668,0.6636457410021708,-0.1404183296526127,100,0.5,1,27
2.101590520510166,3.348566335319336,2.480243305080122,0.539961387937343,1.2469758148091699,100,0.5,1,28
2.257290004815112,2.1002265192763483,1.5849465537738605,0.7211396220852127,-0.15706348553876381,100,0.5,1,29
3.2562641883611216,3.1960135690388887,2.6078913427019903,0.463825875041482,-0.06025061932223297,100,0.5,1,30
2.2983872984685156,2.473870437345414,1.6896590519433796,-0.26703869025494487,0.17548313887689826,100,0.5,1,31
2.3026034067909547,1.9628054737447844,1.5452050411242002,0.7999449209688879,-0.33979793304617023,100,0.5,1,32
1.8207794406277522,3.1754283958803375,2.01364398631697,0.6538822988714371,1.3546489552525853,100,0.5,1,33
2.259876674596925,2.2543848099461608,1.7393694139355014,0.6246096599859092,-0.005491864650764455,100,0.5,1,34
2.5679633677534777,1.4048536417642479,1.225043719761885,0.6771766112659672,-1.1631097259892298,100,0.5,1,35
3.437130064656518,4.103727592601241,3.19874420699668,0.6732230948962084,0.6665975279447229,100,0.5,1,36
3.484220484877137,1.8497041836654076,1.5498419656827713,-0.06560357244252923,-1.6345163012117296,100,0.5,1,37
2.475789603645487,1.507116826450688,1.3132701013944357,0.44702378565932166,-0.9686727771947992,100,0.5,1,38
2.3946204770521295,2.031346002433584,1.4961557049162906,0.47547992795643923,-0.36327447461854545,100,0.5,1,39
3.508458915074209,2.629386325427108,1.94656178109592,0.3762867607641037,-0.8790725896471008,100,0.5,1,40
2.8630967373745975,3.6890460126255467,2.5013189435427226,-0.5174067772960529,0.8259492752509492,100,0.5,1,41
2.7202347709151784,1.6970672610183595,1.3609157733753605,0.861527109508617,-1.023167509896819,100,0.5,1,42
2.405108763397862,2.329035763390069,1.5865724887366386,0.17837943896168762,-0.07607300000779293,100,0.5,1,43
3.504984415707083,2.2710181724288447,1.9286340546668725,0.49153755837268875,-1.2339662432782381,100,0.5,1,44
4.218934439950248,4.7047674159850725,3.2897327594936927,0.5655596238658464,0.4858329760348248,100,0.5,1,45
3.2023781124832578,3.622862998200452,2.7727472773702915,-0.1383898900789753,0.42048488571719433,100,0.5,1,46
3.04306728072593,2.4791900346894127,2.024851025012733,0.03122502337085664,-0.5638772460365171,100,0.5,1,47
2.0380728413754152,2.9318155550423537,1.9842489332121336,0.40665806726793485,0.8937427136669385,100,0.5,1,48
2.859686488667776,2.705850287342257,2.1378105237212104,0.5165170046514682,-0.153836201325519,100,0.5,1,49
2.567614104526322,2.5070751402359406,1.8801015130942118,0.7096235859561477,-0.060538964290381525,100,0.5,1,50
0.5387742309007516,0.5502119644476606,0.4912126441317741,0.9582251694330249,0.011437733546909024,100,0.5,2,1
0.484517727150171,0.470881251920065,0.361693582977174,0.9954668547424664,-0.013636475230105971,100,0.5,2,2
0.47883329769082855,0.5778094870523286,0.4352654932324853,0.9493600913745265,0.09897618936150004,100,0.5,2,3
0.5131327009373944,0.43683086854067993,0.3303880518330994,0.9906431217806695,-0.07630183239671445,100,0.5,2,4
0.5656066568669587,0.6753196482431058,0.5132184294009516,0.9434894772460725,0.1097129913761471,100,0.5,2,5
0.5356010189609416,0.44119149354293735,0.3542149546224202,0.9950391227796237,-0.09440952541800424,100,0.5,2,6
0.46283088776816267,0.3840927125934404,0.30492094797097535,0.9943929084972498,-0.07873817517472226,100,0.5,2,7
0.5497245275601026,0.42499370702231815,0.32823785407868356,0.9931237993142793,-0.12473082053778445,100,0.5,2,8
0.5051093828373091,0.4950836105465353,0.392782989127485,0.9517392219099552,-0.010025772290773782,100,0.5,2,9
0.4877402212482655,0.50610086463093,0.38185594503284637,0.9642351836018429,0.018360643382664465,100,0.5,2,10
0.42412766303928784,0.4535578284710108,0.36819879886124757,0.9966688228129844,0.029430165431722943,100,0.5,2,11
0.42020728598116924,0.45284333349350797,0.3590920956089145,0.989984204910532,0.03263604751233873,100,0.5,2,12
0.4904174478930706,0.6068134951299716,0.493793169313333,0.9787532292807257,0.116396047236901,100,0.5,2,13
0.4823059337996747,0.6165355887579476,0.5290949613893556,0.9805700148969506,0.13422965495827288,100,0.5,2,14
0.44626741189963665,0.5608695414833917,0.4501773869718665,0.9868609166902572,0.1146021295837551,100,0.5,2,15
0.46919634297621027,0.6615716341761274,0.5280285040494384,0.986993612256211,0.19237529119991714,100,0.5,2,16
0.47273070011795676,0.6130612880430639,0.5302496989887326,0.9485533019306609,0.14033058792510716,100,0.5,2,17
0.5548538785612336,0.47710363619697604,0.38703715037181624,0.9760036964034553,-0.07775024236425754,100,0.5,2,18
0.45870613312409864,0.6276357599258503,0.5404415731325148,0.9815251783656274,0.16892962680175166,100,0.5,2,19
0.47075742181146,0.45983826482683027,0.3498326320393682,0.9807868994791418,-0.010919156984629752,100,0.5,2,20
0.5281311583976855,0.5528005632814081,0.4549997404651225,0.9573871123646931,0.0246694048837226,100,0.5,2,21
0.4828513520514013,0.5305937892675803,0.4155460074977267,0.9924990880527024,0.04774243721617899,100,0.5,2,22
0.5439318690893884,0.525655124847715,0.43162722777250917,0.977175077835,-0.01827674424167336,100,0.5,2,23
0.5368256347345406,0.48311005064445317,0.35402702146440523,0.9411678906398592,-0.05371558409008742,100,0.5,2,24
0.46130392033375245,0.4690028331299472,0.4097179483439338,0.9714229274091813,0.007698912796194779,100,0.5,2,25
0.4905924878857188,0.505302207240974,0.3517340827502523,0.9885704954642422,0.014709719355255169,100,0.5,2,26
0.535065718481594,0.4295068251093218,0.343667419996233,0.9948539570998637,-0.1055588933722722,100,0.5,2,27
0.5201613994727794,0.45879720724201073,0.37629736341958536,0.9905127834994838,-0.061364192230768666,100,0.5,2,28
0.4651237645742478,0.48093564404124184,0.37718296160696735,0.984373486708655,0.015811879466994028,100,0.5,2,29
0.43661110155281685,0.6034511485118369,0.5147869634253719,0.9642798468507495,0.16684004695902005,100,0.5,2,30
0.5012088866269859,0.5356627241874528,0.4218173389823601,0.9641220129291128,0.03445383756046683,100,0.5,2,31
0.51180173429258,0.4518162095757072,0.3495751094369285,0.9763835537889685,-0.05998552471687285,100,0.5,2,32
0.42713829382678964,0.4563174402017498,0.38844532106405416,0.9962019687856494,0.029179146374960163,100,0.5,2,33
0.5345341227534429,0.43714324644398456,0.36044619276268974,0.9547223590939878,-0.09739087630945836,100,0.5,2,34
0.5364587957217603,0.4252203263510629,0.3755419936991481,0.9615499053414238,-0.11123846937069737,100,0.5,2,35
0.5037980729095073,0.5137550561084337,0.41424058508033373,0.9903063344443888,0.009956983198926461,100,0.5,2,36
0.4573868573495352,0.4296999562910174,0.3297896318692317,0.9839918770135764,-0.027686901058517788,100,0.5,2,37
0.475376277028892,0.5267248302253942,0.42987814713181854,0.9766539628221063,0.05134855319650217,100,0.5,2,38
0.47437485174566496,0.5409172814021322,0.3943127282315828,0.9913372790644077,0.06654242965646728,100,0.5,2,39
0.47413918119573145,0.4421457218965705,0.36370584815167206,0.9897272458324172,-0.031993459299160976,100,0.5,2,40
0.4357208005709583,0.5001475944491346,0.41606103848526815,0.9952319509405585,0.06442679387817629,100,0.5,2,41
0.4719826402384394,0.4855261538955242,0.37998497338090087,0.9757442352834595,0.013543513657084838,100,0.5,2,42
0.42912489764890444,0.528695150692653,0.404901682515929,0.9875769553768419,0.09957025304374861,100,0.5,2,43
0.44210242220191176,0.5115619535248375,0.40568196747800667,0.9478240854552242,0.0694595313229257,100,0.5,2,44
0.4866595018883304,0.49424931548626705,0.39309673021503777,0.9774245073882648,0.0075898135979366455,100,0.5,2,45
0.5686495292234514,0.6082943167047475,0.554884246867126,0.9178608849006867,0.039644787481296184,100,0.5,2,46
0.48628453380146164,0.5526536092777593,0.4491628283141081,0.9493480106561827,0.06636907547629767,100,0.5,2,47
0.4337253111090466,0.39641496098793144,0.34766578284460103,0.9908174680485078,-0.037310350121115166,100,0.5,2,48
0.5096632565946899,0.5396601177833494,0.4184424401686576,0.9695997220651089,0.029996861188659518,100,0.5,2,49
0.4564532102077404,0.3869535478496336,0.31204888177045126,0.9778605141671484,-0.06949966235810678,100,0.5,2,50
0.4990279284699642,0.530422759497205,0.41034839281122437,0.9736056737482583,0.03139483102724078,100,0.5,5,1
0.4554641948388138,0.4841374191407902,0.3664697615146545,0.9890523420143278,0.02867322430197644,100,0.5,5,2
0.4884800864812346,0.4585025235293646,0.39718280560649843,0.9865662592440655,-0.029977562951869985,100,0.5,5,3
0.4380530777147308,0.6052871493485855,0.45966471692913824,0.9740854177407438,0.16723407163385473,100,0.5,5,4
0.5171238552986251,0.5500813702112971,0.4633566670393924,0.8899870069118463,0.03295751491267196,100,0.5,5,5
0.40253894000816337,0.5372114856059493,0.46449295366524257,0.9531501546519785,0.13467254559778596,100,0.5,5,6
0.519578190984826,0.6274372389310579,0.5144749138681173,0.9828732541114102,0.1078590479462318,100,0.5,5,7
0.48486163470057475,0.41742582106748966,0.3358986652776955,0.9913951982465201,-0.0674358136330851,100,0.5,5,8
0.4684473383675923,0.4113667668777316,0.32678174780450087,0.9908399368270104,-0.057080571489860676,100,0.5,5,9
0.5345239574536433,0.4610244366860631,0.3721329938084019,0.9577007358007751,-0.07349952076758026,100,0.5,5,10
0.49562979161112813,0.496885891017647,0.4074811851698669,0.9933015306856668,0.0012560994065188846,100,0.5,5,11
0.4191898170000663,0.6825112692187943,0.5714620074387367,0.9813195443640097,0.26332145221872805,100,0.5,5,12
0.4871217661544363,0.5823634144305717,0.4542610320946846,0.9770766283805817,0.0952416482761354,100,0.5,5,13
0.47092012489279056,0.40399735570659084,0.31450475835111114,0.9848677065343127,-0.06692276918619972,100,0.5,5,14
0.4037345795536182,0.419415048818621,0.3601116405918508,0.9439035524960646,0.015680469265002828,100,0.5,5,15
0.535520450762994,0.3760651370768398,0.27482088789417947,0.9902330291789114,-0.15945531368615423,100,0.5,5,16
0.44014290121355715,0.4198174377514996,0.3541843648284056,0.9543615001707466,-0.020325463462057547,100,0.5,5,17
0.46456222452789414,0.4620854066216694,0.3649339351383337,0.9800574599456893,-0.0024768179062247264,100,0.5,5,18
0.4730343316877237,0.7574492433660808,0.5806407757646987,0.9738504400993852,0.2844149116783571,100,0.5,5,19
0.46697896163031,0.42247674387754125,0.37818843863517626,0.968916764442443,-0.04450221775276875,100,0.5,5,20
0.44087898355343536,0.5672283235742199,0.4518777286325468,0.9912257102779891,0.12634934002078457,100,0.5,5,21
0.5274096221086781,0.3972791705331263,0.3174001836837626,0.9762741429803518,-0.13013045157555186,100,0.5,5,22
0.4957997018262913,0.595355734024116,0.4760788934022305,0.9896104510569963,0.09955603219782472,100,0.5,5,23
0.5500736873591595,0.3560961050917722,0.31632196878996455,0.947367694333853,-0.19397758226738732,100,0.5,5,24
0.6021043892728837,0.40280650722966443,0.32554907519218407,0.9925647432783428,-0.19929788204321924,100,0.5,5,25
0.44630944791412264,0.47977129647212025,0.3744064644726279,0.9886165895258352,0.03346184855799761,100,0.5,5,26
0.5019309484422811,0.5430123729803723,0.4913947119724851,0.9675590323228263,0.04108142453809116,100,0.5,5,27
0.481778002231308,0.47923656669709314,0.35923712856710477,0.9528920180198749,-0.0025414355342148753,100,0.5,5,28
0.4759841703808775,0.5110670471331088,0.4440171515892876,0.965084528860224,0.03508287675223132,100,0.5,5,29
0.4683679466906195,0.46995912109417715,0.3649284823171432,0.9688794763135978,0.0015911744035576603,100,0.5,5,30
0.4316596693451404,0.5609161577227477,0.4818003250109449,0.9879483508071633,0.12925648837760734,100,0.5,5,31
0.4254334043564017,0.47620542740974936,0.37188949454804343,0.9906133208955559,0.05077202305334766,100,0.5,5,32
0.44086977811796896,0.4243285981848234,0.3397903936109003,0.9855292173987716,-0.016541179933145578,100,0.5,5,33
0.43687029198474414,0.5541883036572837,0.44637288140458614,0.9892666598539162,0.11731801167253952,100,0.5,5,34
0.49422337704535224,0.46019754623255654,0.3949858248992423,0.9872666632440077,-0.0340258308127957,100,0.5,5,35
0.5635709022845026,0.5880020147750613,0.4748741720084631,0.902910721603041,0.024431112490558737,100,0.5,5,36
0.45262091138107285,1.0697861952668568,0.6773395624309126,0.9534644606559353,0.617165283885784,100,0.5,5,37
0.45562964335262135,0.5953231509927207,0.4926889070525931,0.979165502709275,0.13969350764009936,100,0.5,5,38
0.49718584032816326,0.5865269433753164,0.5243616360673011,0.9467531655835062,0.08934110304715315,100,0.5,5,39
0.5085411926787521,2.2604117822980703,0.8064706645221025,0.6067988378668466,1.751870589619318,100,0.5,5,40
0.43679085912666277,0.46570569573741516,0.388631813632849,0.9898104687685847,0.028914836610752392,100,0.5,5,41
0.4965430633282336,0.4685237058797494,0.4215411146531253,0.9636056841608465,-0.028019357448484217,100,0.5,5,42
0.4815160641772861,0.44879800581818147,0.31641543781947223,0.9778932966031684,-0.03271805835910463,100,0.5,5,43
0.5243170595071306,0.42450487427230565,0.3296998422290552,0.9672493049896741,-0.09981218523482493,100,0.5,5,44
0.5197097131511383,0.5749812626955284,0.49055920521731283,0.9751704885412917,0.055271549544390064,100,0.5,5,45
0.42430712087299705,0.49182957256854143,0.39560499268760607,0.973542894230433,0.06752245169554438,100,0.5,5,46
0.5682861302318196,0.5084624181850791,0.42399908923213026,0.9315379282143837,-0.05982371204674053,100,0.5,5,47
0.5617879448836832,0.5048318697940548,0.38862691627552265,0.9732012663414868,-0.05695607508962841,100,0.5,5,48
0.4792829586671478,0.5739409366123577,0.525487278374783,0.9527575811546887,0.09465797794520986,100,0.5,5,49
0.4842438971702031,1.0164215236929606,0.7084052653955403,0.8548023591660514,0.5321776265227575,100,0.5,5,50
0.46980140524132213,4.9471841040249505,1.4972798855375364,-1.6381534047714963,4.477382698783629,100,0.5,10,1
0.4542349542501593,1.0408674103221116,0.6030735142947081,0.9162863918496607,0.5866324560719522,100,0.5,10,2
0.5197254535231643,0.5757981826530327,0.45578002129080497,0.9585803027381574,0.05607272912986838,100,0.5,10,3
0.4223212457364197,141.39673985434118,43.02429118600096,-4603.945712388509,140.97441860860476,100,0.5,10,4
0.46705921510795306,1.2977573307797698,0.6555826385940232,0.837503574867291,0.8306981156718167,100,0.5,10,5
0.5162797078683427,7.497211965809628,2.121227796327968,-11.210589021537393,6.980932257941285,100,0.5,10,6
0.4694515966412503,0.6547599129023775,0.4705468520252949,0.9406811319278964,0.18530831626112715,100,0.5,10,7
0.45516044332096145,0.42537004582437926,0.32735144050487924,0.9747493615072531,-0.02979039749658219,100,0.5,10,8
0.42814712059347243,0.48372834288309785,0.39906577063521814,0.9652029360688849,0.05558122228962542,100,0.5,10,9
0.450200641386724,0.960007391428249,0.6046234488429242,0.8754598374334981,0.509806750041525,100,0.5,10,10
0.3878322825162206,0.5174765837273994,0.4047923919703805,0.9840658537860884,0.12964430121117876,100,0.5,10,11
0.4004951814959494,1.0278000421621574,0.646688868212955,0.9050582944258094,0.6273048606662079,100,0.5,10,12
0.390418015291555,435.20675489178996,97.85375181707846,-7252.805359659168,434.8163368764984,100,0.5,10,13
0.38577859564993944,0.5708441260406977,0.45244054299557657,0.9736870027001852,0.18506553039075824,100,0.5,10,14
0.44932423472654137,0.56645303440267,0.46549473086214394,0.9839153090408781,0.11712879967612866,100,0.5,10,15
0.47167107584766227,0.6985128376834919,0.6248484082928698,0.9797490600926635,0.22684176183582966,100,0.5,10,16
0.4297571467183266,0.5531764652023459,0.40280311842529776,0.9029767422897177,0.12341931848401927,100,0.5,10,17
0.4865936079653795,0.5896937942512915,0.5012226024458313,0.976107739662249,0.10310018628591205,100,0.5,10,18
0.41440369340091743,0.5751093908084435,0.4375378158472401,0.9723112256224494,0.16070569740752605,100,0.5,10,19
0.44968718391309415,0.45341443204766774,0.3756897574456506,0.9922443033973986,0.003727248134573591,100,0.5,10,20
0.4905625496138921,0.5239214815659058,0.43515617692927344,0.9864151695337933,0.03335893195201367,100,0.5,10,21
0.4715488701864644,0.4915359611802736,0.39241783214111653,0.9784146205102927,0.019987090993809187,100,0.5,10,22
0.49779699005399114,0.4109434496933484,0.30823698042349407,0.9855129830519254,-0.08685354036064274,100,0.5,10,23
0.4099855603664491,0.6349241133443728,0.4990156039575694,0.9695859116142647,0.2249385529779237,100,0.5,10,24
0.4183792925714708,0.5138508648020264,0.40747707511192444,0.9796979755748579,0.09547157223055558,100,0.5,10,25
0.49787368604134513,0.6772106321035853,0.5734433599872497,0.949512006143181,0.1793369460622402,100,0.5,10,26
0.3859236940725644,0.6127699879971011,0.5081152384672315,0.9536432792426155,0.22684629392453676,100,0.5,10,27
0.5294694641638624,0.70273092706638,0.5585718221604676,0.960465096016114,0.17326146290251754,100,0.5,10,28
0.5187334219742193,0.581905837826813,0.48233078591501294,0.9483942496161974,0.0631724158525937,100,0.5,10,29
0.46658328162574014,1.834299065029333,0.7982435653546713,0.9463058161546068,1.3677157834035927,100,0.5,10,30
0.4994761321140083,0.6131467078207571,0.47784741432170774,0.9408050363979155,0.11367057570674877,100,0.5,10,31
0.4752165800607391,0.4152506398268248,0.30885915790718166,0.9603087023143819,-0.05996594023391427,100,0.5,10,32
0.4000608493222209,0.5644347698820723,0.43012153710642737,0.9873744011774189,0.1643739205598514,100,0.5,10,33
0.463006050166452,0.5457624533778985,0.4336143007187686,0.9744761194641297,0.0827564032114465,100,0.5,10,34
0.4634993881687676,1.4037039793600832,0.7641671147172601,0.7810971993264056,0.9402045911913155,100,0.5,10,35
0.5071162722834811,0.55293148250934,0.43296494304042793,0.9777959876853993,0.04581521022585888,100,0.5,10,36
0.5188239457138688,25.263462680935767,5.955396576751016,-44.69883772511618,24.744638735221898,100,0.5,10,37
0.4540898684206362,30.736242527728916,7.265140600475381,-30.750445144284136,30.28215265930828,100,0.5,10,38
0.5056780015697919,19.601697505866998,4.616143919978266,-28.22834135299018,19.096019504297207,100,0.5,10,39
0.44534084237642674,0.6363509321085196,0.4926687298830017,0.9489198342521956,0.19101008973209282,100,0.5,10,40
0.450066516786422,0.6470304371597,0.4821133986954699,0.9682685715141237,0.19696392037327798,100,0.5,10,41
0.5222419298063685,0.42016006122847155,0.3435821492827176,0.9907934967161999,-0.10208186857789697,100,0.5,10,42
0.40831884599474677,0.782681221734619,0.5647714258316042,0.9566907461690033,0.3743623757398722,100,0.5,10,43
0.4525152280374214,0.7730797750434093,0.5376215609537356,0.9454464466823198,0.3205645470059879,100,0.5,10,44
0.4751610184267783,1.3888065912146887,0.6639676841637928,0.8412403654962199,0.9136455727879105,100,0.5,10,45
0.4517447611229151,2.8740007516904154,1.0443878825662651,0.5905534939238646,2.4222559905675003,100,0.5,10,46
0.48055218514608367,0.5055813329953837,0.3479132220489344,0.9737583333803637,0.025029147849299993,100,0.5,10,47
0.4647566197721881,0.5526450302382863,0.4323464074512374,0.9590496533217545,0.08788841046609819,100,0.5,10,48
0.44187074954997063,0.48818325207047636,0.3720912648975416,0.9735420991247942,0.04631250252050573,100,0.5,10,49
0.45196982816515024,9.415641315260576,2.5500184005196536,-7.1273443535858565,8.963671487095425,100,0.5,10,50
3.886927477141333,2.7838381004912223,2.216283928604265,-0.0357367250252727,-1.1030893766501109,100,2.0,1,1
4.0291304429615,2.5642135751877873,2.036623464624104,0.43453575230352504,-1.4649168677737125,100,2.0,1,2
2.9822987685264497,3.0808345523521212,2.4096644663500184,0.21238370131337925,0.09853578382567152,100,2.0,1,3
3.0496898485113615,3.601023857026231,2.852910716425439,0.3732906991548487,0.5513340085148695,100,2.0,1,4
3.2085701124493986,2.6722852446658667,2.322596899459453,0.23989699238124063,-0.5362848677835319,100,2.0,1,5
3.6148651882642286,2.8940857604840797,2.350116957743316,0.3617206872297911,-0.7207794277801489,100,2.0,1,6
3.159650960492773,2.5532972082725105,2.0758213876129097,0.6570973830956595,-0.6063537522202624,100,2.0,1,7
3.1132812907842933,2.4374921838947325,2.1857222398848544,0.6443064072797601,-0.6757891068895607,100,2.0,1,8
3.514592901310252,3.0230332866701985,2.455061831803519,0.4784075235136668,-0.4915596146400536,100,2.0,1,9
2.821015280267029,3.144599917158792,2.3083175118743324,0.4339897784270552,0.32358463689176276,100,2.0,1,10
3.5218404810006847,4.320792575142265,2.7378416326135815,-0.27823569350793576,0.7989520941415806,100,2.0,1,11
2.791923280243412,2.3562988022098206,1.9660544499961197,0.5860116057553753,-0.4356244780335916,100,2.0,1,12
3.6374082685910265,3.9332547552818022,2.91459110101122,0.44070317939278236,0.29584648669077573,100,2.0,1,13
3.432557015516908,3.7376655353586905,2.9344027400846833,0.13507845796406193,0.30510851984178267,100,2.0,1,14
2.891214685765743,3.724354795190877,2.699623145788009,-1.1220550795306852,0.8331401094251341,100,2.0,1,15
3.756952203595721,4.239534767086317,2.9868870706094137,0.3266062604269504,0.48258256349059625,100,2.0,1,16
2.9344179442567273,3.422560675369032,2.8439735888909445,0.17416333732146116,0.4881427311123048,100,2.0,1,17
3.5334222176077463,2.913372087348551,2.1478264560173472,-0.06628683065212582,-0.6200501302591954,100,2.0,1,18
2.997091975324199,3.855874952215931,2.166455453483125,-0.2647114044902876,0.8587829768917321,100,2.0,1,19
2.897145022874651,3.396134047650118,2.454806255362358,0.08034415256415917,0.4989890247754669,100,2.0,1,20
2.849210890104163,4.587636340747696,2.650007122395372,0.3432418037267687,1.7384254506435326,100,2.0,1,21
3.641272179685766,3.3570704997532355,2.6862506115827625,0.2617346416731823,-0.28420167993253065,100,2.0,1,22
3.4366905606287137,4.908939754086161,2.7881637473957546,-0.7637058546615074,1.472249193457447,100,2.0,1,23
3.934451581341762,3.851377237510157,2.872216566352585,0.5881115191420258,-0.08307434383160484,100,2.0,1,24
3.425322872827073,2.6353077101608693,2.2205980109330286,0.06841341631422349,-0.7900151626662035,100,2.0,1,25
4.741637104591468,2.8340104348197963,2.218480171494935,0.4637757503623725,-1.9076266697716715,100,2.0,1,26
3.231224312477779,3.1716298574781496,2.3484869545358853,0.570266042727578,-0.05959445499962923,100,2.0,1,27
3.1847857703675024,2.7480828236032395,2.1952465172037496,0.51216740685417,-0.4367029467642629,100,2.0,1,28
3.675898404324718,3.8178493410685053,2.834666999131705,0.39258089618159286,0.14195093674378745,100,2.0,1,29
3.210272461415546,4.546140301716884,3.0277995282366037,0.5520963829892256,1.3358678403013378,100,2.0,1,30
3.438916498050387,6.243200661887754,3.364442608053852,0.03457155825253566,2.8042841638373672,100,2.0,1,31
2.68660966205086,3.263900814896065,2.035828202912764,-0.32841849926560673,0.5772911528452047,100,2.0,1,32
3.885141790643583,3.0893984988136656,2.4976566553460158,0.4732631200748887,-0.7957432918299174,100,2.0,1,33
4.167248843534336,2.464193668908005,2.0400876049448717,0.12628309009220917,-1.7030551746263307,100,2.0,1,34
4.657161088926624,3.471434312230662,2.9506833446307,0.3650103655739444,-1.1857267766959616,100,2.0,1,35
2.996541552056228,6.008063318301307,3.969015223082539,0.5708948573303527,3.011521766245079,100,2.0,1,36
3.2095041759442893,4.508337939171672,2.906179609176629,0.4323879484505736,1.2988337632273828,100,2.0,1,37
3.029865605884677,4.338911284773534,3.1327757957407574,0.5032690167559813,1.309045678888857,100,2.0,1,38
2.8230222179301365,3.1042014518291414,2.7453118213665855,0.5047515319065543,0.2811792338990049,100,2.0,1,39
2.807434736622254,2.886423985429046,2.3078803399393992,-0.03551222398470921,0.07898924880679203,100,2.0,1,40
3.381145357731583,4.407887677552359,3.066280502062291,0.6289703678485417,1.0267423198207757,100,2.0,1,41
2.9851694328894345,2.0818995917730905,1.5475458817612835,0.5917866477236314,-0.903269841116344,100,2.0,1,42
2.49343018899898,1.1618767205271634,0.9032369599251148,0.6113141134977393,-1.3315534684718167,100,2.0,1,43
3.7890130072948,2.278246157468052,1.8260827365863104,0.6129415827283831,-1.510766849826748,100,2.0,1,44
3.1127056567238887,2.1522501597248773,1.7276204845816956,0.7536500843736791,-0.9604554969990113,100,2.0,1,45
3.408746701058407,3.443588089272194,2.9625710072877043,0.5228574057590262,0.03484138821378702,100,2.0,1,46
2.672885469650805,2.6537699273260396,2.1675978480989304,0.44895705168520983,-0.01911554232476531,100,2.0,1,47
2.951499216314918,3.7533845995181085,2.6413475523001675,0.3355794057019329,0.8018853832031905,100,2.0,1,48
3.2287175311359624,1.6573457223116381,1.4042750624348046,0.7172804065646898,-1.5713718088243243,100,2.0,1,49
3.3332729154990153,3.8269551435718077,2.68652209741922,-0.3125549388187696,0.4936822280727924,100,2.0,1,50
2.0337308539987995,1.3995733102252552,1.1930762936828774,0.9270621628295084,-0.6341575437735443,100,2.0,2,1
2.1634071552529317,1.9803303070029563,1.5906870707063774,0.6787362774029464,-0.1830768482499754,100,2.0,2,2
1.8694760947092157,1.6765718051379779,1.3643963556295948,0.7374167398158513,-0.19290428957123784,100,2.0,2,3
2.1007479043256176,1.8988811130239014,1.5294194436525197,0.7174295883562651,-0.20186679130171625,100,2.0,2,4
1.7815697727382567,1.916353784283328,1.5492558409360355,0.7492113654477279,0.13478401154507136,100,2.0,2,5
2.1386347401683,2.0710089747321527,1.6493141371528242,0.8410619873924694,-0.0676257654361474,100,2.0,2,6
1.9025141705246051,2.401012608623855,1.8887210070502274,0.36592685528384417,0.4984984380992499,100,2.0,2,7
2.0269398270475123,1.963191313940472,1.6103229051723722,0.5510125297885262,-0.06374851310704033,100,2.0,2,8
1.9350855164457568,1.7381070856029437,1.399820787135232,0.8622349192836127,-0.19697843084281308,100,2.0,2,9
1.9891427535603252,1.8951916562583229,1.5332348750775864,0.38170878037823874,-0.09395109730200235,100,2.0,2,10
2.1931062009107385,2.212910004967156,1.6434098926197862,0.8346093175025444,0.019803804056417462,100,2.0,2,11
1.831071478630396,1.7719212670950946,1.5464704296313367,0.8205393105710226,-0.05915021153530153,100,2.0,2,12
2.0310974262237806,2.3380633098151278,1.9314990800654541,0.33400028823095196,0.30696588359134713,100,2.0,2,13
2.0568533226881778,2.0668740502800746,1.5354786283455841,0.5629921030676528,0.010020727591896872,100,2.0,2,14
2.0844728257167535,1.8371868017948132,1.3801222793466688,0.8053978277490582,-0.24728602392194032,100,2.0,2,15
2.0806911946589906,2.292707986693183,1.9262422881921357,0.4950796173427773,0.21201679203419266,100,2.0,2,16
2.021911194390721,1.5562175665349707,1.2959044404870999,0.7900411982155032,-0.4656936278557504,100,2.0,2,17
1.776624822470563,2.278257863585916,1.8277600873921773,0.5877882363257851,0.5016330411153531,100,2.0,2,18
1.5512702375959748,1.8424845136587118,1.5694361154091425,0.757657346862974,0.291214276062737,100,2.0,2,19
1.9708646423029863,2.5086883855243536,1.9391935175285937,0.7667704113773556,0.5378237432213673,100,2.0,2,20
1.869997306394014,1.6591670421683469,1.1799650644983548,0.6248435393586398,-0.2108302642256672,100,2.0,2,21
1.776959963363455,1.944812977674336,1.544972448551576,0.9281150267735142,0.16785301431088095,100,2.0,2,22
1.9070645548504943,2.2663596223020095,2.007775365217797,0.5192613015665729,0.3592950674515152,100,2.0,2,23
1.8841358846149352,1.5510330087396433,1.3176369263196488,0.8686350260226415,-0.33310287587529186,100,2.0,2,24
2.073048947899945,2.130524803724383,1.5823443082640982,0.8471730169858225,0.057475855824437705,100,2.0,2,25
2.108791096085235,1.796640734444566,1.5859106619573484,0.8221339720762939,-0.3121503616406689,100,2.0,2,26
2.328060463478132,2.4086776890105512,1.9925473560207205,0.530913276008512,0.08061722553241912,100,2.0,2,27
1.9950850193309835,1.9113686424707794,1.4023127853907866,0.8248456558022039,-0.08371637686020406,100,2.0,2,28
1.8939993919972966,1.9624637346612368,1.59873127366397,0.7593411092856469,0.06846434266394019,100,2.0,2,29
1.9498267527075464,2.2364987802476133,1.9376288628898428,0.6514082152067046,0.28667202754006693,100,2.0,2,30
1.7733085814021237,2.231005816987494,1.6387070522304144,0.5153332251748808,0.4576972355853701,100,2.0,2,31
1.6373638615722226,2.171131523962169,1.7611751003818086,0.47277659392485394,0.5337676623899466,100,2.0,2,32
1.8293145829018336,1.4501896562846361,1.1817286086154466,0.7364027545530394,-0.37912492661719743,100,2.0,2,33
2.0792339547770315,1.9147350324489039,1.6014679294159966,0.6666745337624995,-0.16449892232812768,100,2.0,2,34
1.818632839517161,1.8061770159576234,1.5611048436229118,0.8308628332489385,-0.01245582355953756,100,2.0,2,35
1.8448375033100968,2.630105117580647,2.138437908327767,0.48470124526574976,0.7852676142705501,100,2.0,2,36
2.0422739678178465,1.8112708786709126,1.3925224737707997,0.4948481443192674,-0.2310030891469339,100,2.0,2,37
1.9847574199338605,1.549305157962145,1.224370348555387,0.8130591321438856,-0.4354522619717154,100,2.0,2,38
2.2522702431191597,2.297736213558428,2.0051726468459856,0.8327552489067024,0.045465970439268144,100,2.0,2,39
1.9202765565512232,1.6085155291093707,1.378031534441893,0.821631234931241,-0.3117610274418525,100,2.0,2,40
1.760002203669486,1.1482631606493308,0.9016983538110376,0.9373041310959408,-0.6117390430201552,100,2.0,2,41
1.9125970437590674,1.4473159212171605,1.1511496674013044,0.8608668033710829,-0.4652811225419069,100,2.0,2,42
1.7983151915370108,2.6885634735858606,2.2432549326776217,0.4624460241495233,0.8902482820488498,100,2.0,2,43
2.3153696506968373,2.356838218498196,1.895716410346915,0.6435353219558998,0.04146856780135888,100,2.0,2,44
1.8808614759923248,1.5147090910854548,1.2564804989702776,0.880868590536409,-0.36615238490686997,100,2.0,2,45
1.8108469969424865,2.339415866571887,1.9458708621920429,0.6916283958687206,0.5285688696294004,100,2.0,2,46
1.9272698260714427,2.0647094364048257,1.8230798678844082,0.6927106596456039,0.13743961033338303,100,2.0,2,47
1.7285021521453736,1.811440646411893,1.4835839469347398,0.8449182802062329,0.08293849426651945,100,2.0,2,48
1.9413648243374644,2.5194142500344463,2.19475582560429,0.7064104406447331,0.5780494256969819,100,2.0,2,49
1.6939422897170155,2.422724405724123,1.9485259080128152,0.7876126539046371,0.7287821160071073,100,2.0,2,50
1.9165730332200241,1.7587469177530408,1.4452804433146695,0.8029124340803596,-0.15782611546698333,100,2.0,5,1
1.6502145273088813,3.4117071895568154,2.442495828063837,0.5882236024797125,1.761492662247934,100,2.0,5,2
1.8417287594464231,10.087128133053351,3.5275041968027834,-2.3677935014996927,8.245399373606928,100,2.0,5,3
1.6214171839876357,1.9920575421402562,1.5266553640703227,0.6728998100449859,0.37064035815262053,100,2.0,5,4
2.015165931136377,1.951121300487873,1.5709369222170928,0.8223818715122146,-0.06404463064850408,100,2.0,5,5
2.0796403292801156,2.800804261756555,2.4542639918307017,0.8861744413889052,0.7211639324764394,100,2.0,5,6
2.0159222846865057,1.741159705375899,1.3902468485396318,0.5407915010669189,-0.27476257931060677,100,2.0,5,7
1.9811894944282418,2.5080533720998757,1.8075201374282308,0.6629290967966295,0.5268638776716339,100,2.0,5,8
1.8885648196697054,2.6047135507239645,2.2249285703454165,0.7834139935228167,0.7161487310542591,100,2.0,5,9
2.1435545393723205,1.6341945290338786,1.4456877981662704,0.7979347446733308,-0.5093600103384419,100,2.0,5,10
1.8744793777864164,2.194559625415845,1.7471518888678321,0.7404540954761426,0.32008024762942844,100,2.0,5,11
1.9764413796678104,1.9322369257617915,1.657541617428714,0.6785351042114323,-0.0442044539060189,100,2.0,5,12
1.9093966778537732,3.4282339378770867,2.1410155808507736,0.7473924164313354,1.5188372600233135,100,2.0,5,13
2.033090035358968,1.7611390065741046,1.3584871427173522,0.785648816486948,-0.2719510287848632,100,2.0,5,14
2.0270921586714796,1.9568458433844238,1.6557263367157025,0.7091618964536013,-0.07024631528705583,100,2.0,5,15
1.83516156528584,2.153143484033674,1.7843718819486702,0.672863478655084,0.3179819187478341,100,2.0,5,16
1.8294415927346992,3.516554106280746,2.3350653152805485,0.7407427953188925,1.687112513546047,100,2.0,5,17
1.9236677315858712,2.096746876889539,1.7319240301098806,0.8222952885144414,0.17307914530366797,100,2.0,5,18
1.8593433986209307,1.7062874243504205,1.4469870265513196,0.8430169336321087,-0.1530559742705102,100,2.0,5,19
1.9527758130921602,16.894423936096473,5.32417867971618,-12.918252356790045,14.941648123004313,100,2.0,5,20
1.9493303795411097,2.3880451517816237,1.9791854621746225,0.7858542907842753,0.43871477224051403,100,2.0,5,21
1.9487980815238308,8.388741559339348,2.9332846763596665,-0.7382599140888266,6.4399434778155165,100,2.0,5,22
1.9835912307487509,2.1298076194037447,1.7244860083043405,0.7367293382379501,0.14621638865499387,100,2.0,5,23
2.0414614868928056,1.7429776510749027,1.3566182172330343,0.7642630450241708,-0.29848383581790294,100,2.0,5,24
1.7060393339077828,2.6902525190235487,2.2151919072582484,0.8067663577325752,0.9842131851157658,100,2.0,5,25
1.826427766371496,1.8044083581261925,1.486948203160918,0.7013664970615217,-0.022019408245303573,100,2.0,5,26
1.8665392612206813,2.1182169196392606,1.714330126317471,0.6608266053852913,0.25167765841857936,100,2.0,5,27
2.0805892829757306,2.7986821757455154,1.9945238702942008,0.6589527989556999,0.7180928927697847,100,2.0,5,28
1.877722598306047,2.1173262702162043,1.830553465928642,0.4830362509704369,0.2396036719101573,100,2.0,5,29
1.8316910926708792,2.407973495970398,1.7925939807252913,0.7199611737907863,0.5762824032995186,100,2.0,5,30
1.929416452596657,1.9130232798365705,1.5397127067788312,0.6288291459099453,-0.01639317276008656,100,2.0,5,31
2.1199366953363934,1.9499327686795742,1.5052528035384825,0.6808796214204466,-0.17000392665681918,100,2.0,5,32
2.1372012009210146,1.701363771308745,1.2924467465644724,0.44571555016821474,-0.43583742961226957,100,2.0,5,33
2.1069858619052892,2.055083383962232,1.6796094114585987,0.25236611395401687,-0.051902477943057246,100,2.0,5,34
2.0177315474535082,2.059305786945007,1.700440295112156,0.6934407328675278,0.041574239491498854,100,2.0,5,35
1.8842839427652018,2.166331741472847,1.513643857948447,0.7482150326277806,0.2820477987076453,100,2.0,5,36
1.8867135528860925,2.5375428023736983,1.9387751938220923,0.6728329638747468,0.6508292494876058,100,2.0,5,37
2.086069547215214,1.6080430014566098,1.3466959712066724,0.46892585596486425,-0.47802654575860437,100,2.0,5,38
2.0803397746650085,2.0091999501125852,1.7070214379634894,0.5853539850161709,-0.07113982455242329,100,2.0,5,39
1.9609387641973777,1.5129943259489824,1.2212008547875235,0.8625377289171965,-0.44794443824839525,100,2.0,5,40
1.7948244980370935,2.3289578737613583,1.9505560782352194,0.5404363806119796,0.5341333757242648,100,2.0,5,41
1.7125329264550735,2.069359731042231,1.6575071473258478,0.807347879278017,0.35682680458715765,100,2.0,5,42
1.7081661829191168,1.5919930200266557,1.3227526761265418,0.9022939708789998,-0.11617316289246116,100,2.0,5,43
1.8623448269765648,2.705007038124414,1.9196729554393808,0.6448571633148237,0.8426622111478492,100,2.0,5,44
1.9357047664898774,2.075487823097657,1.7516424556436898,0.7420595584306273,0.13978305660777957,100,2.0,5,45
1.4074618843817948,2.2093094601820353,1.8117807410576248,0.8668221858656585,0.8018475758002406,100,2.0,5,46
2.178442273092025,1.9675908826857333,1.5328006143071942,0.6002539330116876,-0.21085139040629164,100,2.0,5,47
2.247503949109449,1.2170509106025877,0.9867042334916437,0.9101093329757428,-1.030453038506861,100,2.0,5,48
1.8629332701898975,2.030987434070807,1.597898712007833,0.827585145204216,0.16805416388090944,100,2.0,5,49
2.115422656720214,1.8775769492484575,1.5060703375199502,0.7355247946023766,-0.23784570747175637,100,2.0,5,50
1.8521727360086786,12.85328062911507,4.580044897909312,-7.065765666379994,11.00110789310639,100,2.0,10,1
1.6261834200083658,1.984805535105916,1.5369305203227368,0.5785840685934127,0.35862211509755015,100,2.0,10,2
1.6060625318648556,2.3034990798204062,1.7294811947761217,0.599113260717544,0.6974365479555507,100,2.0,10,3
1.794751406728167,3.6828860620524098,1.9112902986072673,-1.137159056585773,1.8881346553242428,100,2.0,10,4
1.9661146572987718,1.7645866143367128,1.3288109317707288,0.6684805789062269,-0.20152804296205895,100,2.0,10,5
1.9027553188187254,2.1133739327959273,1.7498645561507007,0.3874677647255048,0.21061861397720194,100,2.0,10,6
2.027726998742895,1.9332804186762431,1.4895727404173278,0.6979154133658243,-0.09444658006665185,100,2.0,10,7
1.9637846298173132,2.3923938885362994,1.8571335590194926,0.7660119839822901,0.42860925871898625,100,2.0,10,8
2.0212207272807423,2.265614912893186,1.843505680091944,0.6304186076552685,0.24439418561244386,100,2.0,10,9
1.7667804907049565,342.47190788991213,78.35455479173001,-6471.534927377688,340.7051273992072,100,2.0,10,10
1.5631815390811927,2.2250696487154777,1.8320078695906605,0.6165836213824105,0.661888109634285,100,2.0,10,11
1.9463329059076238,124.83082913885629,29.80886240687675,-284.08245090259544,122.88449623294866,100,2.0,10,12
1.66603657098258,1.660275116007482,1.3165891091849573,0.8259657344286615,-0.005761454975097946,100,2.0,10,13
1.9900802562016084,2.2261550502734813,1.7905920890825962,0.6198089837499436,0.23607479407187282,100,2.0,10,14
1.7543896932881153,5.555953565876171,2.6649131264543695,-2.392356893651143,3.801563872588056,100,2.0,10,15
1.7969110995390196,1.8472531790678395,1.4045245255912637,0.7105831507054736,0.05034207952881986,100,2.0,10,16
1.770673620753857,1.5164657113998485,1.2622030956058299,0.7853822038084651,-0.2542079093540084,100,2.0,10,17
1.908460390656713,2.712351730546165,2.195776779481947,0.6883485981689733,0.8038913398894518,100,2.0,10,18
1.6077154793238857,1.4317890641814208,1.2239981356223772,0.8853132039683226,-0.17592641514246488,100,2.0,10,19
1.9160125726362864,2.1149534718398333,1.7523937831828829,0.72599268100743,0.19894089920354685,100,2.0,10,20
2.0413463226571795,1.7586706102924599,1.3894640474998121,0.8563106030912069,-0.28267571236471967,100,2.0,10,21
1.8598092856414479,2.1958269930612917,1.755116390497075,0.6330064421810765,0.3360177074198438,100,2.0,10,22
1.7891505807940533,2.8845824512455707,2.4487295729855902,-0.4103918736539105,1.0954318704515174,100,2.0,10,23
1.886351323317383,16.617334331009005,5.163507914670694,-38.48492323997505,14.730983007691622,100,2.0,10,24
1.7606251546870175,3.2057259693903863,2.4755008875987965,0.17044583766287347,1.4451008147033688,100,2.0,10,25
1.9700329742042921,1.6392306135598023,1.4064211425652646,0.9108795785189032,-0.33080236064448987,100,2.0,10,26
1.9832352410460283,91.26302779801655,21.651860788471687,-1192.474553334151,89.27979255697052,100,2.0,10,27
1.8400645754828735,20.716667870179897,6.663951440229061,-21.30793123638827,18.876603294697023,100,2.0,10,28
2.06196979234096,2.500444049570672,1.989863062267191,0.5803430484562666,0.438474257229712,100,2.0,10,29
2.040275317117709,2.0369986951840104,1.6255406455835586,0.8090619690226648,-0.003276621933698376,100,2.0,10,30
1.8821690573646732,1.7354883602510942,1.360549919369106,0.9281585235217595,-0.146680697113579,100,2.0,10,31
2.0681131517920326,2.334772690220649,1.8866118926864808,0.6721091579791778,0.26665953842861656,100,2.0,10,32
2.023593179565614,30.852225926925197,8.539449608603736,-21.8672385256415,28.828632747359585,100,2.0,10,33
1.8746758877442917,2.2397332034119644,1.8915091809632432,0.1986227279558792,0.36505731566767263,100,2.0,10,34
2.035904577171366,2.226661498761242,1.7674597089587087,0.729898639571231,0.1907569215898759,100,2.0,10,35
2.122982327738473,438.1097990584706,99.5278296284342,-17775.85659296558,435.98681673073213,100,2.0,10,36
2.37382013541181,2.3160773783623667,1.8871132475153864,0.5761332454182369,-0.057742757049443316,100,2.0,10,37
1.8671981848437584,2.1518005409970606,1.825230625841339,0.7025717124990789,0.2846023561533022,100,2.0,10,38
1.9861843331315954,1.8856905437296596,1.5517295485555145,0.29787093967768064,-0.10049378940193576,100,2.0,10,39
1.774276786423946,67.11984791404333,16.652450577908027,-350.149508595615,65.3455711276194,100,2.0,10,40
1.832475772358624,6.188309362544363,2.963051459720903,-1.3743336769573573,4.355833590185739,100,2.0,10,41
2.0889935964841286,55.085971964284774,14.003095003150799,-117.38113607176659,52.996978367800644,100,2.0,10,42
1.993045942184535,2.4879193601791427,2.0115716825764673,-0.4970039397836854,0.4948734179946077,100,2.0,10,43
1.812659762889931,46.47973175236853,12.278485735652769,-147.84277615581857,44.6670719894786,100,2.0,10,44
2.0498369027223475,1.7125495759288452,1.2180178654168574,0.8138924023327485,-0.3372873267935024,100,2.0,10,45
1.6478978605918848,2.2170140835780727,1.7784850706197477,0.7992050546004357,0.5691162229861879,100,2.0,10,46
2.055365042732245,2.6011470309209543,2.048940236171205,0.5700275073916146,0.5457819881887094,100,2.0,10,47
1.8854684741975345,2.775193797600419,1.866229689003481,0.69745555210291,0.8897253234028843,100,2.0,10,48
2.181025964427911,2.1360413042482773,1.8228844799620512,0.6389797325683576,-0.04498466017963354,100,2.0,10,49
1.765506725126626,2.9780232554249353,2.1326279767524907,0.4055652037757411,1.2125165302983092,100,2.0,10,50
5.407350539230553,5.4259358546499925,4.069088030614606,0.18116668336028385,0.018585315419439752,100,5.0,1,1
5.39328572174925,4.389638116848896,3.545175003219115,0.44817243239532645,-1.0036476049003547,100,5.0,1,2
5.433912502781377,5.409337873110319,4.165044844928918,0.002305917675671121,-0.024574629671057835,100,5.0,1,3
4.950196789334926,4.418089274564865,3.4470212505929516,0.32529114663991643,-0.5321075147700611,100,5.0,1,4
5.564542784881473,5.899983866939755,5.0712481424917115,0.1947882837047088,0.33544108205828227,100,5.0,1,5
4.877249588770828,5.286507907155405,3.991114791521813,0.4584355993075183,0.4092583183845777,100,5.0,1,6
5.080254343003009,6.970094081146405,5.495351086455907,0.34779170965425166,1.8898397381433956,100,5.0,1,7
6.193883479595044,6.714675323591766,5.754934674938985,0.1893017118021446,0.5207918439967223,100,5.0,1,8
6.889346250817506,4.307067849951519,3.181539115688684,0.47459556604968356,-2.582278400865987,100,5.0,1,9
6.276295234039649,7.513210703704386,6.421142390197721,0.16548409977724066,1.236915469664737,100,5.0,1,10
5.4633695407594995,5.670059859277674,4.306259138631393,0.34010494489981835,0.20669031851817454,100,5.0,1,11
5.296704762719077,6.5457368513429275,5.106423586227261,0.2505841863593401,1.2490320886238502,100,5.0,1,12
5.351322035489609,7.08123385491986,5.937546136627569,0.15867408026827423,1.7299118194302512,100,5.0,1,13
5.662500273031419,4.210245552857524,2.796912298749359,0.32534277164933967,-1.4522547201738956,100,5.0,1,14
5.476768476474154,4.48246994564008,3.961724998464626,0.28448706823462444,-0.9942985308340742,100,5.0,1,15
5.809441289739075,6.081482557399007,4.645421184364226,-0.11748499082651365,0.2720412676599322,100,5.0,1,16
5.8280772296741885,6.395020738993642,5.647260054699986,0.12781458767108222,0.5669435093194535,100,5.0,1,17
4.883392337918096,5.306953314894899,4.550652451363765,0.04876955855355147,0.4235609769768027,100,5.0,1,18
6.8063833869463615,4.165455385132984,3.405103149273665,0.1548056899857596,-2.6409280018133776,100,5.0,1,19
5.927336014451178,4.468045667700207,3.4106438148613427,-0.11369375930310888,-1.4592903467509712,100,5.0,1,20
5.366952367142026,4.6515108812008,3.954928759616787,0.14249060133693314,-0.7154414859412253,100,5.0,1,21
5.409309782891217,6.906975667005561,5.415552197261153,0.13802289552332725,1.497665884114344,100,5.0,1,22
5.994926654488598,7.439613271064301,5.364737173967377,0.24141363786750059,1.4446866165757033,100,5.0,1,23
5.5752563245312645,5.142943594885288,4.118469814827395,0.21933866467740504,-0.4323127296459761,100,5.0,1,24
5.7212821279611,5.145878591047504,3.875881537662238,0.09572291656846332,-0.5754035369135959,100,5.0,1,25
5.391883433405138,5.570700632328692,4.407714383980488,0.04335802917167075,0.17881719892355363,100,5.0,1,26
5.868501647726445,5.522380674422877,4.861681436932764,0.41279883416378305,-0.3461209733035684,100,5.0,1,27
5.32632800456889,5.7196373428871485,4.6713148226293715,-0.09184017195042316,0.3933093383182582,100,5.0,1,28
5.936069946546338,6.3847156191751475,5.128011823658005,0.23127928843858303,0.4486456726288095,100,5.0,1,29
5.246104745915444,4.2090019347471,3.222410655982288,0.19516491423544846,-1.037102811168344,100,5.0,1,30
5.821715409332616,4.530841887506247,3.6830828514982117,-0.036230938527996415,-1.2908735218263692,100,5.0,1,31
5.379755687846731,8.55930150305504,6.349595584603568,0.19713616030517256,3.17954581520831,100,5.0,1,32
5.291644023754345,4.751210508932197,3.9613782532722785,0.12676027565122638,-0.5404335148221477,100,5.0,1,33
5.631864680160494,6.203446988738962,4.1540416198922845,-0.25941009382389857,0.5715823085784679,100,5.0,1,34
6.233648690567417,5.028967932735888,3.472725508956249,0.11315355054611265,-1.2046807578315288,100,5.0,1,35
6.241621424143275,5.997427794585747,5.081213077182222,-0.3080963614838583,-0.244193629557528,100,5.0,1,36
6.326757887106343,6.6608419707353965,4.42475952230714,-0.22661438999822558,0.33408408362905373,100,5.0,1,37
6.0948178671886115,5.6081228473113836,4.82288525872997,0.2691118979093069,-0.48669501987722796,100,5.0,1,38
6.5321418114702965,4.840824822256515,3.3613719318165933,0.48481859685009165,-1.6913169892137816,100,5.0,1,39
5.20597246256767,6.406830322868181,4.968053519835755,-0.25120507267820535,1.200857860300511,100,5.0,1,40
4.844948325502832,4.705232327384955,3.661649758771616,-0.13397555300833708,-0.13971599811787705,100,5.0,1,41
5.359567432814316,6.958263472586725,5.7200909703167975,0.35118122076775204,1.5986960397724088,100,5.0,1,42
4.951662734807565,5.367032730717483,4.496229551762281,0.3926958568018327,0.4153699959099182,100,5.0,1,43
5.2499731659750015,5.0868337558398835,4.14872430077029,0.22023451311449194,-0.163139410135118,100,5.0,1,44
5.171280779657484,6.850177577937034,5.324945833803049,0.03117480871244882,1.67889679827955,100,5.0,1,45
5.134570452754381,4.889596381499151,3.6978617749982847,0.11908691092409374,-0.2449740712552293,100,5.0,1,46
5.178265655248282,5.751378824092858,4.750236084288671,0.15267939189716195,0.5731131688445759,100,5.0,1,47
6.111812267413213,3.8945246107080664,3.0691206950685266,0.11835390893729303,-2.2172876567051465,100,5.0,1,48
5.178276545364113,5.746496050627018,4.542545011715651,-0.13669374625837238,0.5682195052629044,100,5.0,1,49
5.05752159181859,7.732072398257508,5.468915557960963,-0.22152787080587588,2.6745508064389183,100,5.0,1,50
5.127445850269146,4.019240144307003,3.240057328615312,0.7487309043539121,-1.1082057059621429,100,5.0,2,1
5.93889675127771,5.742949769180188,4.772206679675986,0.5831471626408309,-0.1959469820975217,100,5.0,2,2
5.037717298790193,5.008515041422416,3.939918442211355,-0.11299242505646179,-0.029202257367777484,100,5.0,2,3
4.915651720096693,4.063955357463485,3.402061600387852,0.5349005015505698,-0.8516963626332084,100,5.0,2,4
4.96020795620324,4.6137582610234045,3.8360367176149692,0.2995560669085858,-0.34644969517983526,100,5.0,2,5
4.5871215919876045,4.31072901799384,2.963507583859962,0.33098406093513966,-0.27639257399376493,100,5.0,2,6
4.385304740391409,5.828392932395462,4.183619648686849,0.13058713073582773,1.443088192004053,100,5.0,2,7
5.118741082028746,4.452744246517424,3.4660394626200506,0.24777839020535564,-0.6659968355113213,100,5.0,2,8
5.571100603043538,3.747862321795946,2.7524926492697235,0.5383883480519414,-1.8232382812475922,100,5.0,2,9
4.999440402124149,3.717647568457324,3.2141535804767423,0.6667026883688142,-1.2817928336668252,100,5.0,2,10
5.2416740292555595,6.105384180459464,5.0938456308619315,-0.05261210381118997,0.8637101512039047,100,5.0,2,11
5.069146466153008,4.601676488098476,3.252208896365391,0.3708969442506578,-0.46746997805453194,100,5.0,2,12
5.241290497398432,3.836391855115355,3.1233211843202575,0.33002142217948793,-1.4048986422830771,100,5.0,2,13
4.729393067575457,5.81838193112636,4.55525854054118,0.08243991645814397,1.0889888635509024,100,5.0,2,14
4.6849953830099125,5.804824245789827,4.580666318564804,0.24975113785975278,1.1198288627799142,100,5.0,2,15
5.001829675612971,3.969061204728437,3.281831053972881,0.08132392344524897,-1.032768470884534,100,5.0,2,16
5.42325380927317,5.6775005218687715,4.3614141682689676,0.17322540486207516,0.2542467125956014,100,5.0,2,17
5.134674597536624,6.318936531383138,5.222980622697104,0.18394949401799643,1.1842619338465141,100,5.0,2,18
4.990015446902396,5.225159617544749,4.247972571474178,0.04381716956616677,0.2351441706423536,100,5.0,2,19
4.93011645014226,4.496353371222669,3.725715728790754,-0.47780974534292486,-0.43376307891959165,100,5.0,2,20
5.288635519555688,5.375624630487012,4.924409010578486,-0.19520312105551363,0.08698911093132455,100,5.0,2,21
4.005562898183236,5.486042368283687,4.3685150179951595,0.052080991090877826,1.4804794701004518,100,5.0,2,22
5.249846827480247,4.137384563069493,3.345709105665166,0.25405974833270106,-1.1124622644107536,100,5.0,2,23
4.7872081027917295,3.223634383197062,2.467819121360246,0.2714080170708624,-1.5635737195946673,100,5.0,2,24
5.4888954808780355,5.741940571758083,4.559201952320753,0.2866645486983791,0.2530450908800477,100,5.0,2,25
5.244358501237,4.2590144774246355,3.5435416080886277,0.4456742784372687,-0.985344023812365,100,5.0,2,26
5.313137471629913,5.582425031277398,3.960559819704971,-0.026449172643536523,0.2692875596474851,100,5.0,2,27
4.80610229289524,4.294702786621869,3.2921969902501025,0.1411971436581797,-0.5113995062733707,100,5.0,2,28
4.776006844941925,5.727468918380376,4.4628143134290985,0.08224052268101645,0.9514620734384511,100,5.0,2,29
4.741121774837218,4.104279387983578,3.5467868776277007,0.6533899235101633,-0.6368423868536404,100,5.0,2,30
4.832194707433607,5.665721946427866,3.9646026817298337,0.28594533921235965,0.8335272389942592,100,5.0,2,31
4.9418575604420205,4.634037458584556,3.7837522808963286,-0.09795125766894719,-0.3078201018574642,100,5.0,2,32
4.5119010676378375,4.579510091866691,3.9250148760535923,0.4186842159816808,0.06760902422885362,100,5.0,2,33
4.741902737453798,4.937498158369451,4.3484623227783805,0.70636480746412,0.19559542091565252,100,5.0,2,34
4.803173412345136,4.500583296354657,3.636702114609927,0.24736294480481524,-0.3025901159904789,100,5.0,2,35
4.491545407241272,4.331224210904622,3.540019582488675,0.2160228267700034,-0.16032119633664976,100,5.0,2,36
5.615134329871664,4.954769232145815,3.6722342636268914,-0.6261695632580269,-0.6603650977258484,100,5.0,2,37
4.234245285443648,3.5942818650280843,2.8130037007146456,0.29223384799453256,-0.6399634204155635,100,5.0,2,38
5.099040880596493,4.1460488987651045,3.1911739445075993,0.5024762208568705,-0.9529919818313886,100,5.0,2,39
4.94538777921986,7.6280585015657865,6.062504248744353,-0.1972547854658806,2.682670722345926,100,5.0,2,40
5.0358018481524365,3.9272515297065276,3.44579800393347,0.7189954365431512,-1.108550318445909,100,5.0,2,41
5.10527489728305,4.7635494509775835,3.872118566035465,0.01369044948708742,-0.34172544630546664,100,5.0,2,42
4.9870368067293676,4.032012370822863,3.160786488995373,0.46488566212255156,-0.9550244359065045,100,5.0,2,43
4.418294606643495,5.59883629727645,4.531710399632131,-0.21155476505017745,1.180541690632955,100,5.0,2,44
5.001945841032209,4.544038093069767,3.752621335832361,0.05865805719906414,-0.4579077479624427,100,5.0,2,45
4.756862721229597,6.199392098526169,5.014485588532472,-0.1483897149532658,1.4425293772965722,100,5.0,2,46
5.122936138459896,3.7402889136947945,3.0279406975440315,0.29298745798133985,-1.3826472247651016,100,5.0,2,47
4.317234986414022,3.9507785369720425,3.082267206058429,-0.16808344173025724,-0.3664564494419791,100,5.0,2,48
4.885855182636045,5.5165523267505465,4.2989133273012685,-0.16555968604237425,0.6306971441145013,100,5.0,2,49
5.3751403247198795,4.6848968600323095,3.73503527318242,0.5791682837548484,-0.6902434646875699,100,5.0,2,50
4.805197749092045,4.976838613599284,4.132031678849716,0.3375793147206704,0.17164086450723914,100,5.0,5,1
4.84997538217514,5.130751671949043,3.9240408762671124,0.4135246418655615,0.280776289773903,100,5.0,5,2
4.891796502252724,19.938646316504478,10.080887774288477,-3.7146179003614472,15.046849814251754,100,5.0,5,3
4.264148866997761,6.295936736062921,4.52143359791837,0.18868755457634667,2.03178786906516,100,5.0,5,4
4.817476846331171,4.206670745132958,3.588120785335506,0.34140187593173243,-0.6108061011982127,100,5.0,5,5
6.2376465877962834,4.89782629186308,4.05918210843225,-0.08487003174474372,-1.3398202959332037,100,5.0,5,6
5.34100325523546,5.3913710355401125,4.60111231678511,0.5208341235579064,0.0503677803046525,100,5.0,5,7
4.46118514610392,4.232273393969922,3.606719497224566,0.6266603416749068,-0.22891175213399784,100,5.0,5,8
4.465255158236065,5.098678891084071,3.9895557387344907,-0.07083222295090841,0.6334237328480059,100,5.0,5,9
4.545013450773113,6.629715613557327,4.427446508705296,-0.47910871931075727,2.0847021627842137,100,5.0,5,10
4.56918480772937,5.008347705084832,3.881990150049083,-0.024126313762361296,0.43916289735546155,100,5.0,5,11
5.026505720073151,4.538301792164473,4.013563025172775,0.365423587323606,-0.4882039279086774,100,5.0,5,12
4.0434270006810715,5.876528675784637,4.669554274113455,0.44716079765658545,1.8331016751035651,100,5.0,5,13
5.107513994339004,4.842674214727971,3.8532498616220616,0.16216370094814814,-0.2648397796110329,100,5.0,5,14
4.674831314216525,17.694317846295608,7.518457874838761,-4.220462148787662,13.019486532079082,100,5.0,5,15
4.824336094080374,4.675291696886973,3.646530922663151,0.46245151198815837,-0.14904439719340168,100,5.0,5,16
4.861014186245072,4.688397493497953,3.9066212614472056,0.20183075505329695,-0.17261669274711888,100,5.0,5,17
5.477555578853496,4.7989335292580275,3.8253503537626847,0.36572723784870165,-0.6786220495954689,100,5.0,5,18
5.185609039978808,4.970535366211984,3.799121274106239,0.2143542582198319,-0.21507367376682396,100,5.0,5,19
5.433020748355306,15.18939056112992,8.328723180409423,-2.396496114752973,9.756369812774615,100,5.0,5,20
5.078062994361531,5.070655667342884,3.4182407181616297,0.0768831532179014,-0.007407327018646548,100,5.0,5,21
4.029262235070295,5.864632088570076,4.7483464716123915,0.34379124379144643,1.835369853499781,100,5.0,5,22
5.230893233391052,4.566853418547856,3.721366336765354,0.29374698353444173,-0.6640398148431963,100,5.0,5,23
4.174319912554561,5.761348281924176,4.481033706020305,0.021339259128015042,1.587028369369615,100,5.0,5,24
4.240246102340543,4.557739642704382,3.4730561846613655,0.1292399840102414,0.3174935403638388,100,5.0,5,25
5.400978072116693,5.3581195885951916,4.184908177972851,0.2674147041745658,-0.04285848352150179,100,5.0,5,26
4.7625918345940175,5.295952186489819,4.274931198353914,0.014591761058250219,0.5333603518958014,100,5.0,5,27
4.634626036841131,5.091532607531345,4.38140573759093,0.30070042704379274,0.45690657069021423,100,5.0,5,28
4.878366915278893,6.067401239196443,4.958683147948317,0.45344623593766065,1.18903432391755,100,5.0,5,29
5.578362434270975,4.670659142380207,3.886488855469511,0.5334037592440748,-0.9077032918907681,100,5.0,5,30
5.078949444729629,6.235834296461093,4.819470961138839,-0.38806927951946,1.1568848517314638,100,5.0,5,31
4.936839154579158,6.0406489880720695,4.729824254745222,0.3684373556059378,1.1038098334929112,100,5.0,5,32
4.974588853136842,4.66055814680087,3.6812390341922807,0.12008612608080727,-0.31403070633597174,100,5.0,5,33
4.302108401494343,5.60981473052343,4.341426054129393,-0.22960796928867921,1.3077063290290871,100,5.0,5,34
4.370080621009081,3.2319958276085927,2.5429551767528666,0.5632845730385646,-1.1380847934004885,100,5.0,5,35
4.407027763009316,4.606690651299484,3.8984329619877363,0.45019693398376337,0.19966288829016765,100,5.0,5,36
5.627826600726981,4.927536422448793,3.891877830083545,0.2236134291444022,-0.7002901782781876,100,5.0,5,37
4.5529470960510094,5.8857273546222775,4.5602673957001505,0.16159080732489584,1.332780258571268,100,5.0,5,38
5.0455955977762805,5.6534412374007035,4.932235516198945,-0.062171746121530314,0.607845639624423,100,5.0,5,39
5.3569224586015105,5.727710196700484,4.004375683042556,-0.4718026698311357,0.3707877380989739,100,5.0,5,40
5.360132004336618,5.1742198015342025,4.036355719137353,-0.10932347596127756,-0.18591220280241583,100,5.0,5,41
4.409945391585804,4.21505447726165,3.3367106955169725,0.4678267777383027,-0.19489091432415417,100,5.0,5,42
5.114172753747686,4.079081503402045,3.1758315821881453,0.15375791119963977,-1.0350912503456415,100,5.0,5,43
4.499253925383371,5.046017448351711,3.80347783041593,0.2493435812511815,0.5467635229683401,100,5.0,5,44
4.382786784591463,4.051708768266628,3.293301875873901,0.42666007311877874,-0.33107801632483547,100,5.0,5,45
4.608852939062085,5.035937197138263,4.049554872076884,0.16398866173260962,0.427084258076178,100,5.0,5,46
4.640155183922232,6.6250375246357915,5.101773241539928,-0.3186009374815557,1.9848823407135594,100,5.0,5,47
5.445256662157983,4.617806863189551,3.7635348892608356,0.41168777393776834,-0.8274497989684324,100,5.0,5,48
5.55216877791075,4.989131397940014,3.95611611901355,0.14349694336957708,-0.5630373799707362,100,5.0,5,49
5.000645643831453,3.9528981931391103,3.391811159376026,0.20362905066017212,-1.0477474506923423,100,5.0,5,50
4.823677323526776,6.04616132976077,5.055429048243486,0.16363223496232482,1.2224840062339943,100,5.0,10,1
4.705413935475005,4.898268048878932,3.3997490845302103,0.05526543677353746,0.19285411340392677,100,5.0,10,2
4.650546396474521,4.769555153662398,3.4247732950074807,0.3247008056952888,0.11900875718787685,100,5.0,10,3
4.20479298266026,11.91685871724438,7.150481550410234,-2.33110817769867,7.712065734584121,100,5.0,10,4
4.758416804191034,7.220342324486829,5.79941398932478,0.06160171568627426,2.461925520295795,100,5.0,10,5
4.525274410936593,22.96974745544947,8.55991015654982,-16.24262621923214,18.444473044512876,100,5.0,10,6
4.627241909528192,4.913829741016786,4.258399719683668,0.3163136015013105,0.28658783148859435,100,5.0,10,7
4.813794843596636,5.620314043750859,4.390860247053477,0.19276278150274317,0.8065192001542236,100,5.0,10,8
3.7904235579029284,5.2330320686122125,3.8142896387070038,-0.8329010235529719,1.442608510709284,100,5.0,10,9
3.7446635790888405,6.378063424822986,5.087664273658009,-0.1749169193443898,2.633399845734145,100,5.0,10,10
4.816331744982933,5.604980488768515,4.858252125575632,-0.15611271084867062,0.7886487437855818,100,5.0,10,11
3.9373326039890495,5.105872508637531,3.9000185903125852,0.13872532243081548,1.1685399046484815,100,5.0,10,12
4.159463682254885,5.356656025120622,4.028566353572962,-0.037306431534653406,1.197192342865737,100,5.0,10,13
4.638475443105629,4.5833448904733025,3.6755940497542667,0.20893141990140907,-0.05513055263232669,100,5.0,10,14
4.358928071246626,1691.3848951561572,420.72761202879394,-63910.26236857219,1687.0259670849105,100,5.0,10,15
4.6340269479718685,4.216573174493401,3.4992772293156973,0.23591241539703056,-0.4174537734784671,100,5.0,10,16
4.433215532006653,5.31713559182971,3.944183951999129,0.057448145413095175,0.8839200598230574,100,5.0,10,17
4.896967734826229,482.7350876869011,112.97512951217917,-6447.609542172749,477.8381199520749,100,5.0,10,18
4.682965627409103,4.708994522274299,3.6808153387158433,0.3071549100644847,0.026028894865196328,100,5.0,10,19
4.395137059065256,4.168038459196744,3.241316340835027,0.1222071181166774,-0.227098599868512,100,5.0,10,20
3.9760204010143085,5.623721644743449,4.695412586602945,0.27234625883455765,1.64770124372914,100,5.0,10,21
4.550813647558557,6.643148932270345,5.425338900391446,-0.41226553010825584,2.0923352847117886,100,5.0,10,22
5.134492471280144,9.280590442276543,6.069830047776341,-2.6665419561676202,4.146097970996399,100,5.0,10,23
4.280288220137513,4.163765257824428,3.5051116420430306,0.3370964216995147,-0.11652296231308501,100,5.0,10,24
5.176772871649473,5.053089401503897,4.2814749351424695,0.36670123594428905,-0.12368347014557646,100,5.0,10,25
4.62667493007591,5.113758908659695,4.180591041097861,0.20536818078465913,0.4870839785837848,100,5.0,10,26
4.524464435475471,6.55115856447877,5.327422224311851,-0.3245206575055084,2.0266941290032996,100,5.0,10,27
4.759516809320757,6.733703427096093,5.01667547040351,-0.358062652314981,1.9741866177753362,100,5.0,10,28
4.644224821986685,5.230373544661162,3.797313162812158,0.2981404933637424,0.5861487226744764,100,5.0,10,29
4.823639349897609,4.516420939506666,3.6545049295806145,0.24308058535973642,-0.30721841039094233,100,5.0,10,30
4.0424136584034995,7.802524645818468,6.7356011429147555,0.4623197805417538,3.7601109874149685,100,5.0,10,31
4.865129053343122,5.117195025090722,4.071496757132278,0.07706953046633136,0.2520659717475997,100,5.0,10,32
5.1328309612134575,117.32651925658497,30.370231479893977,-405.2962122532329,112.19368829537152,100,5.0,10,33
5.037952428994755,122.16495415638391,32.59055051659325,-540.2219752760584,117.12700172738916,100,5.0,10,34
4.322157659572245,6.141332384676782,4.85399144597455,-0.5144553279786594,1.8191747251045376,100,5.0,10,35
4.981472532666164,5.107132643860593,4.156042973034741,0.29753845271786605,0.12566011119442955,100,5.0,10,36
5.2705014578223395,9.468641197811479,5.896820702477645,-0.19488268807493658,4.19813973998914,100,5.0,10,37
4.863710688785311,5.375984252482892,4.081075381897298,0.059219064665308796,0.5122735636975815,100,5.0,10,38
3.6772892768924064,5.372993207460705,4.634035673793586,0.26496051766898543,1.6957039305682984,100,5.0,10,39
4.028211458710761,6.303153633978142,5.257723529329666,-0.9370236367712659,2.2749421752673813,100,5.0,10,40
4.449629116696647,8.902674883568764,6.041871116644931,-0.9379335008233276,4.453045766872117,100,5.0,10,41
4.923453738836288,15.9604132458386,8.604283766423825,-4.4167770167228815,11.036959507002312,100,5.0,10,42
4.505029339430951,11.084964299531778,6.306205645947123,-2.6853605706506802,6.579934960100827,100,5.0,10,43
5.174457138166683,4.789383691400288,3.805990214842917,0.11837856275848602,-0.38507344676639477,100,5.0,10,44
4.27684679309089,764.7676221879666,174.88235547807446,-13799.783923888956,760.4907753948758,100,5.0,10,45
4.839198409549477,12.378844087492507,6.580149730949539,-1.7972081478469502,7.53964567794303,100,5.0,10,46
4.743133555693733,4.6870382229417045,4.024208036018252,0.5907127152053413,-0.056095332752028604,100,5.0,10,47
4.393011752635508,50969.01629604023,11399.88308122737,-42013550.65303883,50964.6232842876,100,5.0,10,48
4.511465467834524,5.348081994907097,4.0384811174507,0.028013749223907536,0.8366165270725725,100,5.0,10,49
5.4050313535810695,4.617422485206834,3.457638174077439,0.5403589868280608,-0.7876088683742353,100,5.0,10,50
2.593419177967452,3.1258006654032675,2.278244215361884,0.42666625793469215,0.5323814874358157,250,0.5,1,1
3.070308558465442,2.0163575325414183,1.7648052580705502,0.42750555761652986,-1.053951025924024,250,0.5,1,2
2.8932054976669828,2.5296795299957617,1.9061508116270978,0.36399026478150454,-0.36352596767122103,250,0.5,1,3
2.4689234437884804,2.1124323668465,1.5103019923066177,0.6427359620637055,-0.35649107694198046,250,0.5,1,4
3.581110123899528,4.4004186924251325,2.5814877573585955,0.3699827743410481,0.8193085685256043,250,0.5,1,5
2.7161314785445665,2.750697486086335,1.8894480614378901,0.6405502036436714,0.03456600754176842,250,0.5,1,6
2.522133646287429,2.343290235339148,1.76914231153904,0.07448430308722065,-0.17884341094828127,250,0.5,1,7
2.528962134266967,1.9286350135120094,1.5378813541791962,0.7160120955967677,-0.6003271207549574,250,0.5,1,8
2.761485714467866,3.221153443608194,2.2291719837363457,0.52845948254433,0.4596677291403277,250,0.5,1,9
2.815957110717383,2.02682764082902,1.7673484994706576,0.5967702410857318,-0.7891294698883629,250,0.5,1,10
2.668683835984452,2.4091902917557486,1.8063840090632755,0.4978732868462542,-0.2594935442287034,250,0.5,1,11
2.5171033230503568,1.9069516708909804,1.5917249493545098,0.6953627706812571,-0.6101516521593764,250,0.5,1,12
2.745622369181135,2.3684868652561955,1.8447230534620787,0.5113758508227628,-0.37713550392493955,250,0.5,1,13
2.8073382985433994,3.404859373089268,2.196650634506983,0.5601089257152234,0.5975210745458686,250,0.5,1,14
2.5892905623703486,3.160874530271799,2.3093650381599398,0.45549517818461727,0.5715839679014505,250,0.5,1,15
2.6983752632769233,2.9980714598522056,1.9599980032481847,0.5290788086511212,0.29969619657528224,250,0.5,1,16
2.9071401629970923,2.288775384943585,1.8014119792565202,0.6171899656656896,-0.6183647780535075,250,0.5,1,17
2.9880279203909708,3.5764470404356343,2.01078108179593,0.5090584235886455,0.5884191200446636,250,0.5,1,18
2.655748948371295,2.2667036644252367,1.77407891813687,0.06908496578771739,-0.3890452839460581,250,0.5,1,19
2.757947106736138,3.986276329995776,2.1207071247303264,0.5759580764880905,1.2283292232596383,250,0.5,1,20
2.786933634998126,3.3831590671394904,2.24380564664829,0.41374372435478524,0.5962254321413645,250,0.5,1,21
2.672679314160963,2.4124467299503896,1.9334937640071612,0.5082338078997293,-0.2602325842105735,250,0.5,1,22
2.5076646578199795,1.995902490090569,1.5353088926170901,0.7467945471691988,-0.5117621677294104,250,0.5,1,23
2.1834920945363447,2.105835957665787,1.5417800171617777,0.5844640962163153,-0.07765613687055772,250,0.5,1,24
2.9429138025807196,3.2359228876337225,2.479478833173853,0.4306154903802877,0.29300908505300294,250,0.5,1,25
3.088900913338003,3.730228146616852,2.5615464044610796,0.6251173277742701,0.6413272332788487,250,0.5,1,26
2.9702368142806272,2.453217608907259,1.6709010921061798,0.5991473849419431,-0.5170192053733684,250,0.5,1,27
2.7694473194992306,3.302595593569438,2.1728948710497087,0.5136499448966727,0.5331482740702076,250,0.5,1,28
2.761013022906834,1.8280325468002885,1.569626448040644,0.686024664441516,-0.9329804761065454,250,0.5,1,29
2.9833602426411914,2.251773254762824,1.6072894316225876,0.6801268091202,-0.7315869878783672,250,0.5,1,30
3.521428706235294,2.199581922134146,1.8727854619112627,0.6094116979638007,-1.3218467841011479,250,0.5,1,31
2.403478401620022,3.2778043541196213,2.152349665363274,0.19364676070568942,0.8743259524995994,250,0.5,1,32
3.029564999042502,2.55451894839756,1.8354599601394745,0.6850950258157115,-0.4750460506449423,250,0.5,1,33
3.3683637144203358,2.191455151532206,1.6224261991137383,0.489675302259841,-1.17690856288813,250,0.5,1,34
2.709859709225476,3.382468319334298,2.2932200793961033,0.46248463532245787,0.672608610108822,250,0.5,1,35
3.291470738529479,2.4744354899626435,2.0461746086038497,0.5201047907721099,-0.8170352485668353,250,0.5,1,36
2.8077692551825644,2.919932813565925,1.8632345885809611,0.6036773541852735,0.11216355838336067,250,0.5,1,37
2.8722787113049395,2.1943446855167568,1.8048780953138819,0.6892396158596495,-0.6779340257881827,250,0.5,1,38
3.040437503732605,2.949241793010731,2.023180199244784,0.5323547406983893,-0.09119571072187371,250,0.5,1,39
3.078457240831005,3.6545445267671304,2.5863417012072967,0.5013810156735055,0.5760872859361252,250,0.5,1,40
2.855552764721364,2.7617560966348287,2.0751489104793364,0.6904809328321235,-0.0937966680865352,250,0.5,1,41
3.987158103433679,2.869367537065137,2.36084441612061,0.0947056562498908,-1.1177905663685421,250,0.5,1,42
2.9180920458693946,2.594366105050679,2.0575132764875494,0.5479272827221241,-0.3237259408187154,250,0.5,1,43
3.229287180562695,3.10182626589467,2.2164287494631707,0.1470166864588459,-0.127460914668025,250,0.5,1,44
3.5471744706559525,4.95874636573855,2.8881129004060746,0.5477152238973124,1.4115718950825977,250,0.5,1,45
3.434318126045716,1.8511853213258729,1.424590379624008,0.6705518164743807,-1.583132804719843,250,0.5,1,46
3.0410561354281427,2.982650125859865,1.9702357620342417,-0.05116976457337086,-0.05840600956827746,250,0.5,1,47
2.8782723945020865,2.916440761851164,1.9837718171224976,0.3468873436929004,0.03816836734907758,250,0.5,1,48
2.72458403639183,3.728760341461895,2.452635859998887,0.410044762117601,1.004176305070065,250,0.5,1,49
2.6449680085414244,2.651711843891673,1.797276150692443,0.3667313267951131,0.006743835350248695,250,0.5,1,50
0.5085027691240303,0.49081453466919056,0.3838705183933715,0.9899001689753429,-0.01768823445483969,250,0.5,2,1
0.5384794859405192,0.5278601875377702,0.41718856836255086,0.9777206503777395,-0.010619298402749,250,0.5,2,2
0.5243030508976211,0.49124045339519107,0.38551106919725003,0.9817773562665911,-0.03306259750243001,250,0.5,2,3
0.507786223614225,0.597307152850145,0.4658436165329526,0.9797877963217377,0.08952092923592003,250,0.5,2,4
0.4801425165251415,0.5017352830255,0.3971546878738389,0.979968498958758,0.021592766500358462,250,0.5,2,5
0.5203504146478455,0.4517119554389628,0.36083797933949685,0.965973593108742,-0.06863845920888267,250,0.5,2,6
0.5039493162146478,0.5143666427017968,0.39092769056430354,0.9871986386119094,0.010417326487148992,250,0.5,2,7
0.5353102123465369,0.44449998437809085,0.34646864403851124,0.9926261730501994,-0.09081022796844601,250,0.5,2,8
0.5262306396127929,0.49946213102965303,0.4165473029029732,0.9851147888638168,-0.026768508583139894,250,0.5,2,9
0.5079394995197951,0.5725203147272542,0.4595650630749591,0.984040857634591,0.06458081520745906,250,0.5,2,10
0.49395752325865405,0.5973296920898861,0.4638055341534638,0.9634412646520404,0.10337216883123201,250,0.5,2,11
0.5060770678064233,0.5202830575902795,0.41293424489483754,0.9785003375822229,0.014205989783856232,250,0.5,2,12
0.49441612899934617,0.4473625867582968,0.3872443371479747,0.9900668320800637,-0.04705354224104935,250,0.5,2,13
0.4941983272394259,0.5567686229891722,0.4437712885228451,0.9742519902989727,0.06257029574974626,250,0.5,2,14
0.5017022432102081,0.5054064988450774,0.4113699793023967,0.9845656725119083,0.0037042556348693134,250,0.5,2,15
0.5243464790821821,0.4923818561424239,0.4004150758172937,0.9793926780917095,-0.031964622939758214,250,0.5,2,16
0.4782922905139403,0.5148925872067613,0.41378926603027866,0.9873711593877383,0.036600296692821055,250,0.5,2,17
0.5393382983277698,0.49576452036239166,0.40599474596815066,0.9806613582206161,-0.043573777965378147,250,0.5,2,18
0.5304721443932373,0.6254112214864153,0.5091892124756007,0.9698351516599241,0.09493907709317795,250,0.5,2,19
0.5224450462963929,0.4528786371685801,0.3555737244337105,0.9895928727407424,-0.06956640912781276,250,0.5,2,20
0.5570153128112506,0.5851316382581225,0.47436095846462356,0.9842238850683769,0.028116325446871926,250,0.5,2,21
0.4858884266136557,0.4266150989919364,0.3277270535700454,0.9829765628139735,-0.05927332762171933,250,0.5,2,22
0.5307456243636242,0.4774757526990198,0.4014287051377986,0.9868785096869126,-0.05326987166460434,250,0.5,2,23
0.5136334780334688,0.48875953144241874,0.388771576309678,0.9812965589604623,-0.024873946591050078,250,0.5,2,24
0.5043235825564035,0.5042156038113556,0.3908642583761548,0.9811342741270931,-0.00010797874504797633,250,0.5,2,25
0.5019189053574916,0.5365505665185765,0.43763568866662256,0.9685321590761868,0.03463166116108485,250,0.5,2,26
0.47834621299574404,0.4184463921171372,0.35330181137188893,0.9904589761062687,-0.059899820878606846,250,0.5,2,27
0.4824182471011899,0.5186519485185562,0.4189964425208222,0.9775213516676003,0.036233701417366315,250,0.5,2,28
0.490986905742897,0.42597425479051126,0.3387095583538543,0.9779508829248219,-0.06501265095238573,250,0.5,2,29
0.4889078971651316,0.44423841394209174,0.35236607054344676,0.9893292262982887,-0.044669483223039874,250,0.5,2,30
0.4912762514034779,0.5309558466653007,0.4172543936544266,0.9803218449702156,0.0396795952618228,250,0.5,2,31
0.48352767019899234,0.4716497059028771,0.3921441625023491,0.9670422140402444,-0.011877964296115262,250,0.5,2,32
0.47995136086634765,0.41707618945126884,0.32286513629894925,0.9894904027089203,-0.06287517141507881,250,0.5,2,33
0.5110476244121124,0.44983907264931594,0.3836458334701428,0.9920963102871082,-0.06120855176279644,250,0.5,2,34
0.4741133322152533,0.5150952746840151,0.4147123499559621,0.9806518202808981,0.040981942468761745,250,0.5,2,35
0.478382655600003,0.4806730500596125,0.3854045023802401,0.9892351700569232,0.002290394459609546,250,0.5,2,36
0.4529494609740605,0.4444916537077374,0.34744902226298535,0.9828964241000341,-0.008457807266323114,250,0.5,2,37
0.4482435184208892,0.4877259021019511,0.4035766998698428,0.9882363004592748,0.03948238368106188,250,0.5,2,38
0.4853734818218223,0.5506844661347524,0.4436655392014332,0.9857065812407033,0.06531098431293014,250,0.5,2,39
0.5398618401040837,0.4311516483896782,0.35112495240177877,0.9918690328717233,-0.10871019171440549,250,0.5,2,40
0.4858293122301255,0.4249954704342848,0.344477029698737,0.9843479109158196,-0.06083384179584067,250,0.5,2,41
0.5241441148577619,0.470209690888373,0.3943136888980444,0.97840998729723,-0.05393442396938891,250,0.5,2,42
0.49044419605735545,0.5501036525570674,0.45958192454578844,0.9835009549399438,0.05965945649971194,250,0.5,2,43
0.47784422759897427,0.46209011291262264,0.36390782928787074,0.9925773459234444,-0.015754114686351628,250,0.5,2,44
0.49007903838519423,0.4902582785967716,0.4180354052182559,0.9863862690467486,0.00017924021157739167,250,0.5,2,45
0.523779614614421,0.5553454560670269,0.43852704555058675,0.9873619966724396,0.03156584145260588,250,0.5,2,46
0.49861894120876227,0.4265975777758028,0.3513137140418338,0.9910802376004487,-0.07202136343295945,250,0.5,2,47
0.48677729517720475,0.5930364721387555,0.4634394045109421,0.9726605752462583,0.1062591769615508,250,0.5,2,48
0.495557056213271,0.3756318303626517,0.29513919841825287,0.9939464039580186,-0.11992522585061932,250,0.5,2,49
0.4870502422187157,0.5241124254547487,0.3867041981721321,0.9901579808146516,0.037062183236033,250,0.5,2,50
0.49362338486685137,0.4436493940414043,0.3565690965756058,0.9948053675652154,-0.04997399082544707,250,0.5,5,1
0.4552931152073146,0.46636347999523287,0.35480445831778384,0.9729160792493963,0.011070364787918285,250,0.5,5,2
0.4725770661645718,0.493414445097328,0.41039097396407265,0.9660257014657437,0.020837378932756223,250,0.5,5,3
0.4571443206530923,0.4697159779837345,0.3556053448181919,0.989114840594533,0.012571657330642194,250,0.5,5,4
0.5104264597263869,0.5598267173189934,0.4634427632420158,0.9730562550360637,0.04940025759260647,250,0.5,5,5
0.46695261240866204,0.5052236757059674,0.40159521793064684,0.9922780099760027,0.03827106329730534,250,0.5,5,6
0.4826896154657088,0.49006828979452927,0.38178065863755145,0.9829402813259619,0.007378674328820445,250,0.5,5,7
0.5121346771002954,0.4420257317349116,0.3506735174356673,0.9902388653908035,-0.07010894536538376,250,0.5,5,8
0.48829280812015335,0.4915057776790369,0.40293768587264256,0.9852551404409332,0.0032129695588835605,250,0.5,5,9
0.5444889880097031,0.47395319803633523,0.38759588585540244,0.9678988492595026,-0.0705357899733679,250,0.5,5,10
0.502852225785918,0.3966884512873358,0.30009802188109735,0.9873557465336437,-0.10616377449858222,250,0.5,5,11
0.4690843968063384,0.46415223121254784,0.37834937332389784,0.9912468229481388,-0.004932165593790561,250,0.5,5,12
0.46718095180557817,0.6052458945812637,0.4516458402292217,0.9806167138418509,0.13806494277568548,250,0.5,5,13
0.4623397169916788,0.553474566322716,0.4355581141355161,0.9822501378270033,0.09113484933103716,250,0.5,5,14
0.472344998754134,0.5197799383535382,0.4482407884260371,0.970265736846076,0.0474349395994042,250,0.5,5,15
0.553220853544405,0.5222452940705811,0.40671132294249296,0.9438635888687558,-0.03097555947382391,250,0.5,5,16
0.46964054260151067,0.5363187196503492,0.4434184750205797,0.977029843543318,0.0666781770488385,250,0.5,5,17
0.5265392549265946,0.6732991522180398,0.47668545116005534,0.976409985284159,0.14675989729144523,250,0.5,5,18
0.5190983364915652,0.5410632186476554,0.4338954768159524,0.9785934784472645,0.02196488215609016,250,0.5,5,19
0.4882889851963008,0.5037924100442719,0.4139381742838077,0.9782912602624421,0.01550342484797107,250,0.5,5,20
0.5337479474328104,0.5515877831330841,0.4671346948882163,0.9832458976501509,0.0178398357002737,250,0.5,5,21
0.47076672927964075,0.4732726229051665,0.3915003631889082,0.9699684934734337,0.0025058936255257236,250,0.5,5,22
0.5093027403909018,0.5394857882224245,0.41397263707103993,0.9682600901726408,0.030183047831522702,250,0.5,5,23
0.4892736811086334,0.5186386533037105,0.4184855074853211,0.9890462721455833,0.02936497219507711,250,0.5,5,24
0.5138188178224796,0.49253127911022493,0.4088769390672285,0.9929832662233216,-0.021287538712254694,250,0.5,5,25
0.48703520794826327,0.5046792821692161,0.42248367568464396,0.9728051305459336,0.01764407422095282,250,0.5,5,26
0.4644037262048679,0.5605656835324898,0.4548728690634353,0.9848398404846915,0.0961619573276219,250,0.5,5,27
0.545445313087158,0.500390066229886,0.34651517687089867,0.9912932298288571,-0.045055246857272024,250,0.5,5,28
0.481585627265767,0.4531722336701878,0.36105603863011704,0.9829303476966481,-0.028413393595579206,250,0.5,5,29
0.5021015854566281,0.5322442221162601,0.41175977439395745,0.959324150416387,0.030142636659632016,250,0.5,5,30
0.48644667784459195,0.454950716972714,0.3698876022043552,0.9891603538503515,-0.03149596087187795,250,0.5,5,31
0.505278723418187,0.44565758793590216,0.33539448873051225,0.9910710894769867,-0.05962113548228487,250,0.5,5,32
0.5048775918880375,0.4074726468891162,0.3247341130572308,0.9939791845591074,-0.09740494499892127,250,0.5,5,33
0.4493101295062618,0.51780428832529,0.42554002781121836,0.9821256844266001,0.0684941588190282,250,0.5,5,34
0.501558399435729,0.543684713152721,0.4462578515899394,0.9803038521112685,0.04212631371699205,250,0.5,5,35
0.5302384180601096,0.43569871665547394,0.35790073087242896,0.9849007525992232,-0.09453970140463569,250,0.5,5,36
0.4760870822935118,0.5062255100161837,0.40761232702618616,0.975667397662446,0.030138427722671834,250,0.5,5,37
0.4975906693074378,0.49951771630062597,0.40387316697831727,0.9878241035753944,0.0019270469931881862,250,0.5,5,38
0.4747600345574069,0.495855990782071,0.40015326934979323,0.9908548499172403,0.021095956224664092,250,0.5,5,39
0.5031240600066692,0.6561321185403273,0.47757648189363083,0.9385822209694017,0.15300805853365806,250,0.5,5,40
0.48454144377456276,0.5133935887443816,0.41123789069119737,0.9815753597654479,0.028852144969818805,250,0.5,5,41
0.512780554368908,0.4485002088168269,0.3465425002601584,0.9683633689695184,-0.06428034555208112,250,0.5,5,42
0.4759712814215409,0.518528357010698,0.41345209556947504,0.9876383765515984,0.04255707558915711,250,0.5,5,43
0.5220693598897994,0.4809388078528557,0.37375726258547687,0.9898220711900424,-0.04113055203694371,250,0.5,5,44
0.4922908407983618,0.5366324891781921,0.43720188289760725,0.9844134935664777,0.04434164837983029,250,0.5,5,45
0.5300270467088661,0.547698426581178,0.42184370019221695,0.9770078356344353,0.01767137987231182,250,0.5,5,46
0.48553531718088605,0.4829131481504161,0.3850285214569055,0.9905659685597159,-0.0026221690304699674,250,0.5,5,47
0.4775481231431488,0.5318770836286769,0.39339591132408225,0.984914470157064,0.0543289604855281,250,0.5,5,48
0.43988966929789675,0.5987432553228157,0.46439643188096774,0.9823472707194711,0.15885358602491895,250,0.5,5,49
0.5101035946471885,0.4990336409491807,0.4200050894490501,0.9611385133633931,-0.011069953698007784,250,0.5,5,50
0.495698754599373,0.5369615061409171,0.4332050305224695,0.9843564718428031,0.041262751541544074,250,0.5,10,1
0.4867859617591183,0.45367998377546703,0.3542967470412514,0.9849200841771585,-0.03310597798365128,250,0.5,10,2
0.48286193347690176,0.5385741624112721,0.40059524032205784,0.9805764766805035,0.055712228934370334,250,0.5,10,3
0.437092467046034,0.569925965342165,0.4331102950220223,0.9577255275083227,0.132833498296131,250,0.5,10,4
0.4906664036948606,3.9438799409379732,0.9628891425300066,-0.14608516265449123,3.4532135372431125,250,0.5,10,5
0.48353372851926996,0.5281699365884822,0.4427818793488988,0.9800057617215028,0.04463620806921226,250,0.5,10,6
0.4568705757270046,0.5632746320834423,0.42951422684607077,0.9455316139470956,0.10640405635643768,250,0.5,10,7
0.46417835505588645,1.449771986783755,0.590004815799913,0.8558671035653378,0.9855936317278686,250,0.5,10,8
0.4898387791028746,0.5426230305416748,0.42130585476487753,0.9850712860662487,0.05278425143880022,250,0.5,10,9
0.47567602924209257,0.5045801420618398,0.3872968767997244,0.983088727514771,0.028904112819747196,250,0.5,10,10
0.465094756181656,2.5399966009520223,0.7130075985262089,0.6924555011256646,2.074901844770366,250,0.5,10,11
0.5220491681707008,1.3478002489227585,0.5587093750948395,0.9213191562273957,0.8257510807520577,250,0.5,10,12
0.4594261126306852,0.5378867679296812,0.41714350653019466,0.9903764546622071,0.07846065529899593,250,0.5,10,13
0.469064861307189,0.48586789957542326,0.3656177079967348,0.983431409936202,0.01680303826823426,250,0.5,10,14
0.4773998440230089,1.5658710394476247,0.6370224333841741,0.9065116703907504,1.0884711954246158,250,0.5,10,15
0.5151107786383315,36.166487079922874,5.496672556315844,-42.79695490666858,35.65137630128454,250,0.5,10,16
0.46722529954463315,1.0561279647553368,0.5407863004817384,0.8853388374119281,0.5889026652107037,250,0.5,10,17
0.5259586112315197,1.6638933368233808,0.5877517727744036,0.8620378841536347,1.1379347255918613,250,0.5,10,18
0.4639375434285638,0.4323902283753209,0.3216445427974805,0.9873401521988747,-0.03154731505324293,250,0.5,10,19
0.4958795917373718,0.5195802712979929,0.3881970494350042,0.9759055592568902,0.023700679560621107,250,0.5,10,20
0.49689348480845885,0.5554167284043795,0.46463557995760263,0.9683034501365173,0.05852324359592065,250,0.5,10,21
0.46096820070984657,0.5086205763112002,0.37712397969683414,0.9914091255124985,0.0476523756013536,250,0.5,10,22
0.48416931106461425,0.46752941086187394,0.36977737965021623,0.9909635280068858,-0.01663990020274031,250,0.5,10,23
0.5251157003040292,0.42041569386291433,0.3524019364419042,0.9894161073202218,-0.10470000644111488,250,0.5,10,24
0.507716102031571,0.4907129466585099,0.40736626265522363,0.9903415837752996,-0.01700315537306113,250,0.5,10,25
0.45943906765575593,0.46754842055028367,0.34841073579963405,0.9806453323480107,0.008109352894527744,250,0.5,10,26
0.4714205174452692,0.5332035541778558,0.4287308426833857,0.972024689942218,0.061783036732586616,250,0.5,10,27
0.47103274827712127,0.626266279289252,0.5137311812594434,0.9813026779932504,0.15523353101213078,250,0.5,10,28
0.49193954743497365,0.5057422328719667,0.4128056188764386,0.9832517275040372,0.01380268543699309,250,0.5,10,29
0.4484970857327534,15.000132819061026,2.4449253814093286,-3.946112152517685,14.551635733328272,250,0.5,10,30
0.5013355441341564,0.5483011781243399,0.4109851463379855,0.9784583496688829,0.0469656339901835,250,0.5,10,31
0.5167416470813847,0.5040593038985076,0.3917139941829946,0.9878633815148175,-0.012682343182877087,250,0.5,10,32
0.44879667937126433,0.486351867938607,0.365580541408059,0.9924767277588421,0.03755518856734269,250,0.5,10,33
0.5034459723336909,0.5470246650785933,0.4462873118215916,0.9639915431008711,0.043578692744902336,250,0.5,10,34
0.484419251817,0.4911569506561231,0.3888062795651674,0.9734546662280549,0.006737698839123063,250,0.5,10,35
0.47913970667981587,0.4656029295030752,0.3610897823210103,0.9832726229739585,-0.013536777176740677,250,0.5,10,36
0.5002413150072802,0.518213905842322,0.4336231914662038,0.9823057463998346,0.01797259083504177,250,0.5,10,37
0.5563043308013823,0.5717908961573103,0.39785801943650256,0.9691364309650086,0.015486565355927961,250,0.5,10,38
0.46158795550924575,0.5284779702083475,0.3980473638514437,0.9910775445423831,0.06689001469910177,250,0.5,10,39
0.46904784522268644,1.4004339884646733,0.5575575264152997,0.8889664535849663,0.9313861432419868,250,0.5,10,40
0.5137559066664642,0.47606609293599633,0.4012588258151495,0.9880290284052048,-0.03768981373046787,250,0.5,10,41
0.4998163081725899,0.560323090539802,0.4553062412623035,0.9673492230801245,0.06050678236721213,250,0.5,10,42
0.4869239725322203,0.4491276627878717,0.36617354049282264,0.9762148769147412,-0.03779630974434861,250,0.5,10,43
0.4791985122188126,0.5879036643009203,0.45826120654525937,0.9718688357397866,0.10870515208210774,250,0.5,10,44
0.505771703212814,0.5688386443447938,0.45449560213696094,0.947000583638002,0.06306694113197986,250,0.5,10,45
0.4716571634376474,0.5348157882802509,0.42254460736783,0.9866056207229853,0.06315862484260348,250,0.5,10,46
0.470278302183581,0.5689347470667739,0.49183871650342303,0.9750714975547766,0.09865644488319292,250,0.5,10,47
0.5150428628434651,0.6092896394211705,0.49823033744191597,0.9855310559235455,0.09424677657770542,250,0.5,10,48
0.463323269147233,0.42157035619300737,0.333901144594596,0.988878071552755,-0.04175291295422562,250,0.5,10,49
0.5000038586349504,0.5382389391738183,0.4308384104409979,0.9668667676704621,0.038235080538867816,250,0.5,10,50
3.3580814959163496,2.7274582950036237,2.174597472920419,0.46281434151051715,-0.630623200912726,250,2.0,1,1
3.284497197052665,3.5673807961026283,2.8471071897470095,0.22721547234005268,0.2828835990499634,250,2.0,1,2
3.6249258931777812,3.530161582645819,2.632679299814648,0.5249216931052862,-0.09476431053196244,250,2.0,1,3
3.700256367226078,3.8293352925796587,3.011055148244357,0.4249782635839865,0.12907892535358068,250,2.0,1,4
3.291827234964653,2.7495800079031136,2.2263316985410775,0.5712684631635039,-0.5422472270615395,250,2.0,1,5
3.7403847645939767,2.8969677804818614,2.2244607660129767,0.4439299064555161,-0.8434169841121153,250,2.0,1,6
3.7004696436379816,2.8739842664073634,2.321971112148372,0.39780295429557944,-0.8264853772306182,250,2.0,1,7
3.6076806894697375,3.6697613289517035,3.1669035658735827,0.25235790974288497,0.06208063948196596,250,2.0,1,8
3.565155294575228,4.170884525266701,2.9855899989519457,0.4493864158829486,0.6057292306914732,250,2.0,1,9
3.296189668855764,3.056380966043935,2.1365745729452974,0.5092116181101762,-0.2398087028118292,250,2.0,1,10
2.4747066302595897,2.879598783393031,2.3033488905920216,0.4306344701695133,0.4048921531334413,250,2.0,1,11
3.689455224121005,4.487161478285446,2.9264856295908057,0.4671656640787556,0.7977062541644413,250,2.0,1,12
2.992968549463793,3.4802552545008143,2.6224001359859357,0.6295780124104196,0.4872867050370213,250,2.0,1,13
3.1208318158859116,3.0582460007670815,2.250443849933964,0.46893652579925793,-0.0625858151188301,250,2.0,1,14
3.489581335595275,2.7202459490400015,2.032168664848993,0.6535268780759671,-0.7693353865552734,250,2.0,1,15
3.006075958475616,3.5953159479434262,2.7290342886390793,0.44975166601604366,0.5892399894678104,250,2.0,1,16
4.4057436152308584,2.9008346438724866,2.1519295100688094,0.2822774458956384,-1.5049089713583719,250,2.0,1,17
3.237671538715467,3.5420336455696035,2.4472352693401715,0.026211035086640133,0.30436210685413645,250,2.0,1,18
3.4698081637190237,3.0081182651827922,1.9948128677587358,0.5579949152473705,-0.46168989853623144,250,2.0,1,19
3.4490519970929494,3.5910549660714213,2.4977330215506415,0.5226139443007087,0.14200296897847187,250,2.0,1,20
3.303681848315978,3.796824649292351,2.646749586006763,0.2832960276863119,0.493142800976373,250,2.0,1,21
3.2461683253956166,3.6478765119582763,2.613298291390271,0.29378582758080507,0.4017081865626597,250,2.0,1,22
3.0700531143741467,2.9086133432627608,2.1055490745532017,0.5823839672316424,-0.16143977111138597,250,2.0,1,23
3.641163970455321,2.8839060508550354,2.3101303370787094,0.47581678402648475,-0.7572579196002858,250,2.0,1,24
3.2097313785082084,3.5350825211607866,2.6896962287541073,0.4138679774261166,0.32535114265257814,250,2.0,1,25
3.169447526214498,3.555726422532632,2.4239157344549347,0.6175007455282702,0.38627889631813384,250,2.0,1,26
3.609741520896069,3.000038050970192,2.3450157494391433,0.6090046048945243,-0.609703469925877,250,2.0,1,27
3.378807897974287,3.5051196874640533,2.320111596803992,0.6261430812477439,0.1263117894897663,250,2.0,1,28
3.56289933526461,3.0574697416021017,2.330911801017722,0.5859288618553171,-0.5054295936625084,250,2.0,1,29
3.5340509338687163,3.3891132952998517,2.5280304672422496,0.36216710894072945,-0.14493763856886455,250,2.0,1,30
4.281335936200834,3.171589806887552,2.3226398563960853,0.4843432365533148,-1.1097461293132818,250,2.0,1,31
3.1974039890856365,3.5775828211528995,2.5725434720301688,0.4052443611522011,0.380178832067263,250,2.0,1,32
3.6788385238505574,3.5547716316760374,2.524090347939339,0.38586303426113244,-0.12406689217452005,250,2.0,1,33
4.006484307083515,3.972963091395033,2.966036470163413,0.49856898045144726,-0.03352121568848254,250,2.0,1,34
3.424731359992132,3.8250097778425305,2.7145478439604522,0.4547736296290309,0.4002784178503984,250,2.0,1,35
3.676115881237232,3.628254126107098,2.7521243666231943,0.5537775867679353,-0.04786175513013369,250,2.0,1,36
2.8796745832850834,2.526391691918774,1.9511180351962734,0.4994631635164761,-0.3532828913663093,250,2.0,1,37
4.08668986533326,3.91909899798383,3.1338151972785306,-0.39389566833929845,-0.16759086734942974,250,2.0,1,38
3.157653350499475,3.245852389615798,2.5570511521201595,0.5616343412456957,0.08819903911632299,250,2.0,1,39
3.1413112234744007,5.747825970542311,3.63978765345012,0.42922123305086735,2.6065147470679104,250,2.0,1,40
3.5019090676072206,2.9024100907842794,2.330600341248603,0.6161252000175232,-0.5994989768229413,250,2.0,1,41
3.5703027491481722,4.897032605893741,3.6846541114531743,0.3430478499803792,1.3267298567455685,250,2.0,1,42
3.336334135821381,4.430264500310478,2.9457864768500794,0.43776100901354764,1.0939303644890965,250,2.0,1,43
3.1737161378005325,3.8156479612209155,2.686399022934256,-0.021160147216315206,0.641931823420383,250,2.0,1,44
3.1509343497364863,3.925575545811153,2.663709896403032,-0.24440312592636082,0.7746411960746666,250,2.0,1,45
3.5454250448304196,3.4036413899281315,2.431614366767854,0.3769657637961312,-0.14178365490228817,250,2.0,1,46
3.0589170302560724,3.9216214558548192,2.917230195877177,0.036990538179711874,0.8627044255987468,250,2.0,1,47
3.580267998979954,3.3461770067775856,2.702110749450788,0.5117158677193379,-0.2340909922023684,250,2.0,1,48
3.3644113069578054,4.049965055815855,2.858618246230859,0.3774936046500146,0.6855537488580499,250,2.0,1,49
3.1313202055433065,3.684348879122675,2.6916722667643653,0.3630791013620265,0.5530286735793686,250,2.0,1,50
1.7791549496348922,1.7475740126362214,1.4683220158697086,0.8426116467502978,-0.03158093699867082,250,2.0,2,1
1.9907816682043036,2.1959360664797143,1.7496612720985636,0.8056558156711721,0.2051543982754107,250,2.0,2,2
2.0008025052879654,2.1547778446335957,1.6893958247969167,0.8630860327816025,0.15397533934563024,250,2.0,2,3
1.9681109643322168,1.9964652187395433,1.623108407362933,0.6826954225534269,0.02835425440732653,250,2.0,2,4
1.9254863897835597,1.881337360540029,1.4443814394128334,0.7408339810492552,-0.0441490292435307,250,2.0,2,5
1.747446355903271,1.8593817948908284,1.4422618267405793,0.793734526510376,0.11193543898755753,250,2.0,2,6
1.871010034321879,2.397907953219013,1.9617782327012316,0.7419180023205902,0.5268979188971341,250,2.0,2,7
2.1135776530125296,1.9760129689044845,1.6048550789798914,0.7838488348385502,-0.13756468410804512,250,2.0,2,8
2.08757293228539,2.0921015629765276,1.6799050991908586,0.775039506708531,0.004528630691137625,250,2.0,2,9
2.001974977087078,1.8507515709149038,1.5107153123178692,0.7094200266517512,-0.15122340617217422,250,2.0,2,10
1.921849348923891,2.0010874263804066,1.631739650770672,0.7436586931519056,0.07923807745651557,250,2.0,2,11
2.1226097644795696,2.10961354695424,1.7220229843838586,0.6274453947168528,-0.012996217525329534,250,2.0,2,12
2.041806400001175,1.912746144389818,1.580780650231145,0.8163283253347976,-0.12906025561135714,250,2.0,2,13
2.0693767674558963,1.979216732138167,1.5249078980838306,0.857685815797102,-0.0901600353177292,250,2.0,2,14
1.789277900159318,2.1037296767124904,1.7064384164131612,0.7171500585278233,0.31445177655317247,250,2.0,2,15
1.898373817492291,1.9102352204168298,1.5861607314524486,0.8329199139655842,0.011861402924538744,250,2.0,2,16
1.9506340873770998,2.0579892995828404,1.60893393480699,0.5876800622046725,0.10735521220574062,250,2.0,2,17
1.9482597404602255,1.8999236932663663,1.608614545035578,0.8305822930615195,-0.0483360471938592,250,2.0,2,18
2.200709067099223,1.6085672716272459,1.3137758265711335,0.8628391560954948,-0.592141795471977,250,2.0,2,19
1.9805085990925928,2.7592744438302503,2.0478574785249264,0.6281848234744886,0.7787658447376575,250,2.0,2,20
1.9954059808595463,1.9874557800465622,1.5873884141166075,0.9103506715075954,-0.007950200812984143,250,2.0,2,21
1.8826983154821937,1.916609536408593,1.5632657607876723,0.7859200256479745,0.03391122092639942,250,2.0,2,22
2.0935891180528534,2.3957528533086703,1.7837359483047883,0.8341477798314554,0.30216373525581686,250,2.0,2,23
2.1041588838883105,1.9718325118307196,1.6422326549999378,0.7780094261288238,-0.1323263720575909,250,2.0,2,24
2.1956659945825767,1.7488368356422856,1.4198911083249062,0.7961059816514029,-0.44682915894029107,250,2.0,2,25
2.035958417966492,1.9652136225644794,1.435581290820105,0.5752737332036715,-0.07074479540201262,250,2.0,2,26
1.9703294125325632,1.9654016314195304,1.5341573594725981,0.878374826211004,-0.004927781113032825,250,2.0,2,27
2.004548518758345,2.1520549194291334,1.6639929354217673,0.5849493802769257,0.14750640067078846,250,2.0,2,28
2.0454435386663343,1.8907923955020554,1.5130444813963322,0.874913596925682,-0.15465114316427897,250,2.0,2,29
2.1119014013543245,1.8189106373654922,1.4663680214590382,0.8726753949732022,-0.2929907639888323,250,2.0,2,30
2.014039316716086,2.205771028050876,1.7519858774919803,0.47164785625805783,0.19173171133479006,250,2.0,2,31
1.9098625839206629,2.028656166489412,1.6655116383056288,0.7973969095373235,0.11879358256874895,250,2.0,2,32
1.9310454847938114,1.90600394571406,1.5153900103075082,0.7937890854995607,-0.025041539079751374,250,2.0,2,33
2.007558427751388,2.2313380491336243,1.7644260839710797,0.7202243120462953,0.22377962138223628,250,2.0,2,34
1.7918353699514054,1.8086543853228412,1.4139876194224983,0.8459352618537122,0.01681901537143582,250,2.0,2,35
1.875078883076407,2.0801424890200653,1.606699219878894,0.7808318931213447,0.20506360594365836,250,2.0,2,36
1.9589865158828461,1.9362559266594919,1.501577070890957,0.8310209348950072,-0.022730589223354247,250,2.0,2,37
1.9130380569833003,2.2311124156600193,1.7933691156423077,0.7149323492643322,0.31807435867671896,250,2.0,2,38
2.0538157717856222,2.225586798357083,1.6568088625282424,0.8140946665860982,0.1717710265714607,250,2.0,2,39
1.8639120179802304,1.8101782544511829,1.4556493137611515,0.7621217385388713,-0.053733763529047573,250,2.0,2,40
2.0371051217373255,1.9200299518773618,1.60965753739124,0.6996369325117315,-0.11707516985996369,250,2.0,2,41
1.9744128597797623,1.875439344247562,1.487140986181179,0.8445701057888242,-0.09897351553220024,250,2.0,2,42
1.8044522553718638,1.8321360051065512,1.296550584250877,0.8606429813113381,0.027683749734687346,250,2.0,2,43
2.03076945259218,2.04153460323703,1.6325147899379966,0.8905129184679628,0.010765150644850063,250,2.0,2,44
1.9850533085091409,1.8078686207027534,1.4991127100440087,0.8687769335962727,-0.1771846878063874,250,2.0,2,45
1.8418952526686074,2.1065258976937664,1.7501923372100163,0.6534286908386031,0.264630645025159,250,2.0,2,46
2.0525060928971475,1.8727859478627085,1.5210590623149671,0.6356501493988038,-0.179720145034439,250,2.0,2,47
2.119366913142279,1.9809578648056845,1.6078395272025272,0.8491795268580127,-0.1384090483365945,250,2.0,2,48
1.8546596335488212,2.168790672970286,1.7461829652336016,0.7897506304922988,0.3141310394214649,250,2.0,2,49
1.9864725122036104,1.8425447975120255,1.5016575905298004,0.7496859874130872,-0.14392771469158494,250,2.0,2,50
2.0826314268300146,2.0597366921794933,1.6667264526599521,0.7498074484850963,-0.022894734650521276,250,2.0,5,1
1.946294990707659,1.9822127993465362,1.6101421091070764,0.8142274220089222,0.03591780863887717,250,2.0,5,2
1.8452353512685338,2.187145426281703,1.8237207628080514,0.7223833979205435,0.34191007501316917,250,2.0,5,3
2.0275786236024707,1.9738584694333015,1.6334044562716372,0.802597999479832,-0.0537201541691692,250,2.0,5,4
1.9062422109837986,2.1424174387258526,1.5724348776335442,0.7643909656279084,0.2361752277420539,250,2.0,5,5
1.96482518983172,2.2526818659249326,1.8026313594251024,0.6670955793466841,0.28785667609321264,250,2.0,5,6
1.9849843021255682,1.784427449193237,1.4108884413890215,0.8220437344967331,-0.20055685293233116,250,2.0,5,7
2.018434057816045,2.2891612644196497,1.8486206259976754,0.716083321910847,0.27072720660360483,250,2.0,5,8
2.074791477800527,1.8781361213389296,1.425058294101769,0.7116739962293659,-0.19665535646159737,250,2.0,5,9
1.9990061844297107,2.3007803771416864,1.8042460219707612,0.6732315887562249,0.3017741927119757,250,2.0,5,10
1.8888578826638518,2.3418674093822274,2.002070163599142,0.7803447930282532,0.4530095267183756,250,2.0,5,11
1.8791477736771285,1.8901784259386982,1.5704396611489368,0.6722391817390201,0.01103065226156974,250,2.0,5,12
1.9378827591803485,2.871878729141142,2.004109709648678,0.8367555582435515,0.9339959699607934,250,2.0,5,13
2.0048929835156573,2.2478873510096418,1.7495659147987468,0.8237999418931359,0.2429943674939845,250,2.0,5,14
1.84043354636806,2.6856228406878397,1.8955341336960345,0.7542407237470389,0.8451892943197798,250,2.0,5,15
1.913554029718149,2.097075189212993,1.692864813313387,0.6395657600135454,0.18352115949484404,250,2.0,5,16
2.1584083190555736,2.1154801430306773,1.6113318145986826,0.9110202650869268,-0.04292817602489629,250,2.0,5,17
2.0432278390728813,2.150355882557098,1.5330424238343066,0.8401296479769516,0.10712804348421656,250,2.0,5,18
2.0144039380869807,1.9585455764697492,1.483096882793058,0.7967247853198658,-0.055858361617231456,250,2.0,5,19
2.075630455189111,1.7185122170370386,1.44742972286323,0.8465550906383974,-0.35711823815207255,250,2.0,5,20
1.965606011293639,1.9684669538246944,1.559220731546833,0.844865543978631,0.0028609425310552883,250,2.0,5,21
1.9937116925447276,2.1287072813691794,1.634739212103555,0.7202759732119794,0.13499558882445184,250,2.0,5,22
2.0603981782031515,2.392434260355465,2.06699427294504,0.7107542458095721,0.3320360821523134,250,2.0,5,23
1.8642963337955334,2.078723351063976,1.616047961995341,0.9133702739024323,0.21442701726844282,250,2.0,5,24
1.9476937343392136,1.993088497497535,1.6469194405017245,0.7669159704756283,0.04539476315832136,250,2.0,5,25
2.02051134927952,2.0389021554341236,1.683208071738834,0.8090445578077748,0.018390806154603645,250,2.0,5,26
1.957971087487469,1.7538521305093353,1.4136360932256746,0.7480099268587175,-0.20411895697813365,250,2.0,5,27
2.1425651266353567,1.9173892241814119,1.5155262077885394,0.7623994354858852,-0.2251759024539448,250,2.0,5,28
1.8052120621582626,2.2866358996752476,1.9178779259124703,0.7377054547196117,0.48142383751698503,250,2.0,5,29
1.8571445585948065,1.8181475272990557,1.5826871578685657,0.7590479495777732,-0.03899703129575083,250,2.0,5,30
1.9698591785660375,2.107942013114566,1.6969588376780766,0.6567232386492678,0.13808283454852832,250,2.0,5,31
1.9996178847717736,2.517938223485478,2.030259896175715,0.7271679302122842,0.5183203387137045,250,2.0,5,32
2.1515691510158623,2.2865059781673596,1.7428908452876928,0.648659605912755,0.13493682715149724,250,2.0,5,33
1.9173300416993664,2.158354233583461,1.675018336374204,0.6240179141559843,0.24102419188409474,250,2.0,5,34
1.8643692218271377,1.888233580649267,1.5664510309602493,0.8219303550303194,0.023864358822129228,250,2.0,5,35
1.924622286976712,1.8651044448649687,1.4216157783529542,0.8401912395829938,-0.05951784211174327,250,2.0,5,36
1.9515412100088616,1.5259220238830988,1.2113906994971053,0.8034519039898662,-0.42561918612576277,250,2.0,5,37
2.0076738425950387,2.2617207307487623,1.7702431235393303,0.7698301882155201,0.25404688815372367,250,2.0,5,38
1.9200185514818255,1.7295380616264064,1.3799492416865313,0.6597513482169002,-0.1904804898554191,250,2.0,5,39
1.795865339621574,1.8085520438594473,1.4961381471283648,0.8599783435856301,0.012686704237873325,250,2.0,5,40
1.921612365810357,1.7934702166731962,1.4327792971106417,0.8000417877637183,-0.12814214913716082,250,2.0,5,41
2.0362235844861933,2.4307974385586055,1.9009417430081794,0.700429279123109,0.3945738540724122,250,2.0,5,42
2.0070024291840767,1.96082244284608,1.6513407439143737,0.7468967342469205,-0.04617998633799658,250,2.0,5,43
1.72112086978283,1.7113480939077281,1.2824944980330288,0.8788908177469383,-0.009772775875101836,250,2.0,5,44
1.9177500852408198,2.262891065424731,1.6784119781252564,0.7194825132065992,0.34514098018391137,250,2.0,5,45
1.9264880873719799,1.730585379809059,1.3938838693427287,0.7939165617671733,-0.19590270756292094,250,2.0,5,46
1.9431747170807212,1.8447480532061282,1.4725968820049797,0.9006311234517809,-0.09842666387459298,250,2.0,5,47
2.276835732537597,2.259091925253295,1.6920035725775084,0.7153656819676718,-0.017743807284301916,250,2.0,5,48
2.0164104171058175,1.7870062982188546,1.4884104192485494,0.9074540218291836,-0.22940411888696288,250,2.0,5,49
1.7728745271438617,2.025440500185269,1.688407569013538,0.6880303685556043,0.25256597304140715,250,2.0,5,50
1.8937779170599973,2.218337751347609,1.7931291477546798,0.7076920061202929,0.3245598342876117,250,2.0,10,1
1.9559470273435966,2.252554343442909,1.7063005843066912,0.7586508008208581,0.29660731609931257,250,2.0,10,2
1.964404424159925,1.9694382457212491,1.4839912947933558,0.8518434887861647,0.005033821561324148,250,2.0,10,3
1.9594187219502388,2.2917663681855647,1.8179495062323519,0.5490915750447262,0.33234764623532587,250,2.0,10,4
1.7299888468351463,1.811650210224055,1.4433246408572722,0.73603780148502,0.08166136338890873,250,2.0,10,5
1.9712719642467955,1.948578330228909,1.4234211242536567,0.7565613639734274,-0.022693634017886488,250,2.0,10,6
1.966072324643754,2.2310071042494872,1.749176083435058,0.7018400894601943,0.2649347796057333,250,2.0,10,7
2.0173562681205834,2.4754447134710618,2.0338346053002563,0.6427148998605761,0.4580884453504783,250,2.0,10,8
1.9390091298282397,19.082543717061558,4.342302567657181,-9.604905885724918,17.14353458723332,250,2.0,10,9
1.8695582607662187,1.7618849982328477,1.375024348596769,0.746500696274432,-0.10767326253337095,250,2.0,10,10
1.8611734593762428,2.350302634863708,1.9126379656249126,0.7416978034203219,0.48912917548746515,250,2.0,10,11
1.792111536255922,2.48667104614431,1.9755676081446438,0.7058944074307949,0.6945595098883881,250,2.0,10,12
1.993791568983606,34.61894841285381,8.00497522665175,-39.1000120044427,32.62515684387021,250,2.0,10,13
1.9422631256389564,6.121382701082468,2.3077877647183183,0.13544818856708463,4.1791195754435115,250,2.0,10,14
1.9761650110513262,2.3052677409444704,1.6523682497044414,0.6898838877699405,0.32910272989314415,250,2.0,10,15
1.8894455486070243,1.960378939034122,1.5502359240674974,0.8092279749149982,0.07093339042709768,250,2.0,10,16
2.122617415531061,2.4283279486055336,1.7083930081287753,0.5247320505600692,0.3057105330744725,250,2.0,10,17
1.89816738785823,2.3123307852326995,1.8821219490943886,0.6291910972267967,0.4141633973744696,250,2.0,10,18
1.889559426463917,2.150450684011956,1.7821319204310118,0.716230802171639,0.2608912575480391,250,2.0,10,19
1.8860363442328132,5.317503914765782,2.106473772509708,-0.10838297263435948,3.4314675705329685,250,2.0,10,20
2.042839620877543,2.090889113862435,1.7076410776583484,0.8119589179276662,0.048049492984891806,250,2.0,10,21
2.026752316656975,17.3123289398787,4.144213829765965,-11.037403571507376,15.285576623221726,250,2.0,10,22
1.9021704013056682,1.9126978100767995,1.5112847375808014,0.7422175876524638,0.010527408771131341,250,2.0,10,23
2.1025417746036643,1.6990060339461879,1.2637094729309193,0.8200458170138488,-0.40353574065747644,250,2.0,10,24
1.9961792685343336,2.07170602013166,1.6794897574405547,0.7287969928700744,0.07552675159732658,250,2.0,10,25
2.0320642680486256,5.816880440672454,2.312782151635135,-0.4139455890998218,3.7848161726238287,250,2.0,10,26
2.031258609248799,2.009934727092759,1.701070084195007,0.656512356554225,-0.021323882156039975,250,2.0,10,27
1.7703853394878384,2.328642076627892,1.8550944660873911,0.771706558789252,0.5582567371400535,250,2.0,10,28
1.8217940953828622,2.322649527344266,1.8846718207670028,0.7457254958796959,0.500855431961404,250,2.0,10,29
1.9064197463958468,1.8705420061919982,1.5034840214064797,0.6937908097039137,-0.035877740203848596,250,2.0,10,30
1.9252442714459375,2.1777665250755875,1.736366998903772,0.797115206164704,0.2525222536296501,250,2.0,10,31
1.8358018879181321,2.1608465092157196,1.77709306034619,0.6289695782050612,0.3250446212975875,250,2.0,10,32
1.9945806349337831,17.670140670105596,4.142051564527646,-15.453683993763768,15.675560035171813,250,2.0,10,33
2.0015385035199653,2.148813989533509,1.7004053796908292,0.5965230863325648,0.14727548601354368,250,2.0,10,34
1.935276147068158,1.938065182844956,1.5989314607564464,0.820275097968479,0.002789035776797899,250,2.0,10,35
1.9916395899135009,140.11640545307316,21.192196244141687,-1187.833543456947,138.12476586315967,250,2.0,10,36
2.138324670620292,2.2345192465518298,1.63713599843338,0.5905946819336042,0.09619457593153768,250,2.0,10,37
1.9751662865047914,3.5700721438747265,1.9512125588073865,0.343832925508592,1.594905857369935,250,2.0,10,38
2.0511169370592217,1.7152644328928284,1.3468913293056541,0.8266110970428961,-0.33585250416639334,250,2.0,10,39
1.9498792170264774,9.076052134548826,3.1863077831492497,-0.9983966159031215,7.126172917522348,250,2.0,10,40
2.094026074367875,2.498485526181733,1.5586899012177964,0.6969912487437953,0.404459451813858,250,2.0,10,41
1.889173468535706,42.33134483646655,7.583407485734939,-94.59601116359165,40.44217136793084,250,2.0,10,42
1.9170492809148487,1.8500049387196806,1.555386845330162,0.7800373033549615,-0.06704434219516808,250,2.0,10,43
1.9663445719863915,1.852852096306063,1.5159496370679362,0.8097460664252438,-0.11349247568032839,250,2.0,10,44
1.9642476630194177,2.593565850366886,1.913727497009001,0.7740600829069133,0.6293181873474685,250,2.0,10,45
2.0240801322731876,2.350289370729427,1.6710301977575908,0.5810479863358089,0.32620923845623917,250,2.0,10,46
1.9882246183628143,2.3677132462296626,1.8907112179749999,0.6448279731375052,0.37948862786684834,250,2.0,10,47
1.8925089273874371,2.1411789800956154,1.7325059891082004,0.6065456167772842,0.2486700527081782,250,2.0,10,48
1.9612197564640668,15.873784979207128,3.7525310456661924,-8.031551017834735,13.912565222743062,250,2.0,10,49
1.9884445334035203,2.1472071888927777,1.7200314273836543,0.8183889683253068,0.1587626554892574,250,2.0,10,50
5.6585765150958505,5.236286592593458,3.9499859913523694,0.2064687068814367,-0.42228992250239283,250,5.0,1,1
7.106070849549838,5.081750498498575,4.019685490312776,0.0979411243221796,-2.024320351051263,250,5.0,1,2
5.831795684205318,5.878550492976425,4.430188247887927,0.30295017096110577,0.04675480877110694,250,5.0,1,3
5.648270649260499,5.342342864417433,4.066794480146268,0.1602150605211391,-0.3059277848430657,250,5.0,1,4
5.410791365742417,6.211221161146182,5.053847484577309,0.03637402073214169,0.8004297954037645,250,5.0,1,5
6.454929759615885,6.454299196109504,5.4547946732908414,0.1410395965865031,-0.000630563506380355,250,5.0,1,6
5.777442134286478,5.713867642696844,4.652791182978603,0.4324283391503253,-0.06357449158963391,250,5.0,1,7
5.925355787695185,5.396948839847423,4.196562453859173,0.20369335587865944,-0.5284069478477624,250,5.0,1,8
5.480956276670115,4.627618658327808,3.772165366857329,0.31080818702188384,-0.8533376183423069,250,5.0,1,9
6.123989389973562,6.802110082352992,5.282722946348591,0.15166948614806652,0.6781206923794301,250,5.0,1,10
5.482065839611999,5.369224186460284,4.303912678337608,-0.03700972648141887,-0.11284165315171535,250,5.0,1,11
5.332411927500101,5.658312398691085,4.367894670346752,-0.12315972544125353,0.32590047119098386,250,5.0,1,12
5.071839552639807,6.378530979795727,4.369086124543471,-0.10798630689772026,1.3066914271559202,250,5.0,1,13
5.814397956053005,5.544266256702788,4.290748080909657,0.23784848427297034,-0.27013169935021697,250,5.0,1,14
5.931682239007402,5.4131369061194325,4.052948824916889,0.21021793963386637,-0.5185453328879692,250,5.0,1,15
5.652719145087394,6.717039071713886,4.813150739063593,-0.09403442386463734,1.0643199266264922,250,5.0,1,16
5.278582188614389,5.126468821460121,3.766771234062104,-0.001594354261792441,-0.15211336715426782,250,5.0,1,17
5.777307612315276,6.150894910988144,4.958878366362621,0.27525607648176376,0.37358729867286744,250,5.0,1,18
5.78769400345306,4.936447944131059,3.8971915904272003,0.09698429636581163,-0.8512460593220013,250,5.0,1,19
5.644091781092499,5.409042717954541,4.17640187755979,-0.10120849406395016,-0.23504906313795804,250,5.0,1,20
5.464411682513937,5.246726658061326,3.914558656603489,-0.05195246241314422,-0.21768502445261095,250,5.0,1,21
6.078838971480764,4.576960625932893,3.6852828706555307,-0.05904582731027608,-1.5018783455478708,250,5.0,1,22
5.800403684266747,7.068479859537361,5.1016169424416,0.18892283287477418,1.2680761752706147,250,5.0,1,23
6.063517447982834,5.985999607447116,4.727229152846333,0.20877280498255302,-0.07751784053571775,250,5.0,1,24
5.378370039352759,6.835198473809424,4.0649440779781045,-0.23375377656962693,1.456828434456665,250,5.0,1,25
6.219962449823459,6.294852567592421,5.1453827360467645,0.23830531678212252,0.0748901177689616,250,5.0,1,26
5.985584395644461,5.0530161151773605,3.8745330876111437,0.37870883195716065,-0.9325682804671009,250,5.0,1,27
5.197172248560935,6.474607776480746,5.065245922327054,0.20385941614087866,1.2774355279198115,250,5.0,1,28
5.9258995457071935,4.691134400339505,3.79197709697316,0.3847255723682491,-1.2347651453676889,250,5.0,1,29
5.849584081816751,6.310717227714807,4.699115827082981,0.34306018513969794,0.46113314589805654,250,5.0,1,30
5.764184316797125,6.474706842352089,5.410435088475302,0.1936770055961441,0.7105225255549641,250,5.0,1,31
6.063398260378484,6.644972408994483,4.6155511288059135,0.19543045508355117,0.5815741486159984,250,5.0,1,32
5.9270409726678075,5.946271254465244,4.338698034013549,0.22670921359240048,0.019230281797436355,250,5.0,1,33
6.406319271026779,5.94106479495368,4.559442619143802,0.28371879777562814,-0.465254476073099,250,5.0,1,34
5.381736247422144,6.7497352503175225,5.360368391179017,0.17315250412662153,1.3679990028953783,250,5.0,1,35
5.4410137903385625,6.008808546685633,4.725040846228685,0.23105680351537916,0.5677947563470704,250,5.0,1,36
5.473336208502195,5.517447547922778,4.3669458202487785,0.1513367201085326,0.04411133942058321,250,5.0,1,37
5.79661189325416,5.909588188890468,4.907089505496285,0.22054925605484255,0.11297629563630807,250,5.0,1,38
6.032960147239591,6.243234223022392,4.714398691725947,0.060159418206573334,0.21027407578280055,250,5.0,1,39
6.414058171340655,4.7601488003158074,4.209852771753067,0.09830492684174652,-1.6539093710248478,250,5.0,1,40
5.752865360803063,5.620286555458768,4.502994074841824,0.0704910089361932,-0.1325788053442949,250,5.0,1,41
5.269297398231042,5.31470506388478,4.151762566447385,0.23583201930436348,0.04540766565373833,250,5.0,1,42
5.700390178983786,5.89263162581029,5.024891762125305,0.31458505217015087,0.1922414468265048,250,5.0,1,43
6.035567663997355,5.931316651424166,4.755168104663873,0.29808074907305127,-0.10425101257318925,250,5.0,1,44
5.637176800242294,5.553155120764697,4.543603178204479,0.2169934253652257,-0.08402167947759676,250,5.0,1,45
5.497799343237903,5.221024385667222,4.391220040233228,0.19778508719417387,-0.27677495757068105,250,5.0,1,46
4.989853710592118,5.526527029031164,4.221494786929978,0.23196141982584562,0.5366733184390462,250,5.0,1,47
5.6475433981321626,5.00877789337022,4.084593583832671,0.08457388025131374,-0.6387655047619427,250,5.0,1,48
6.234711354762669,5.899606205687144,4.208748454574413,0.504837360060264,-0.3351051490755248,250,5.0,1,49
5.855649795278418,4.563082651898364,3.382590106635712,0.2817816535143628,-1.2925671433800536,250,5.0,1,50
4.99068207735219,4.109712140228185,3.3448097816870574,0.5388383821384849,-0.8809699371240054,250,5.0,2,1
4.760558359322655,4.951726860585347,3.973443444855793,0.0598760604876305,0.19116850126269203,250,5.0,2,2
5.282282422773998,5.71401099920579,4.4018481125158075,0.24173270995985718,0.43172857643179174,250,5.0,2,3
4.800139527585826,4.846014516480256,3.7994963633904275,0.31141371757283953,0.04587498889442987,250,5.0,2,4
4.82364419653132,5.300150602256473,3.9881663926888873,0.4699449835845855,0.4765064057251527,250,5.0,2,5
4.780846203890659,5.134933416129387,4.208827133573326,0.36977159166972806,0.35408721223872774,250,5.0,2,6
5.394131020980904,4.7771784175301155,3.7319536108291134,0.5453651673164499,-0.6169526034507884,250,5.0,2,7
5.024292675493979,4.409051498433749,3.4766748939375565,0.13732861396597207,-0.6152411770602297,250,5.0,2,8
4.978503184839929,5.451806680257821,4.454684381818432,0.0871611574741532,0.4733034954178921,250,5.0,2,9
4.949605935981428,5.768635405339759,4.550221988708966,0.5722100364094984,0.8190294693583304,250,5.0,2,10
5.206957159076526,4.690194463053593,3.841946254330998,0.40933970567235844,-0.5167626960229335,250,5.0,2,11
5.116914494006728,4.990618812987502,3.8549084848365407,0.4049360983966255,-0.1262956810192266,250,5.0,2,12
4.881033796360824,4.149944506229969,3.3047062490842993,0.4852269899076723,-0.7310892901308552,250,5.0,2,13
5.312348163367363,5.09679957866946,4.191867083158918,0.4513516405587187,-0.2155485846979035,250,5.0,2,14
4.951555970006428,5.053235285046911,4.177278187851271,0.1833879684645755,0.10167931504048333,250,5.0,2,15
4.927701597427542,5.047631396973228,3.9032096226888426,0.4964053878260998,0.11992979954568561,250,5.0,2,16
4.797099743682239,5.376999841995394,4.241955129965044,0.3468992984601541,0.5799000983131553,250,5.0,2,17
4.812576447206121,5.658667339137656,4.634836163258098,0.40390335736212657,0.8460908919315351,250,5.0,2,18
4.841962051672371,4.464417718240743,3.7543467454390735,0.5503120477794727,-0.3775443334316275,250,5.0,2,19
4.895131559258468,4.788881188772758,3.7567537621272815,0.4896850050571252,-0.10625037048570984,250,5.0,2,20
5.020177844587232,4.107900217759362,3.4444191593762405,0.5159733815922223,-0.9122776268278692,250,5.0,2,21
5.185783862038547,4.811587587414643,4.046549521213256,0.3616927879573475,-0.3741962746239036,250,5.0,2,22
5.35911323379974,5.116214510219561,4.11230381158982,0.17784415779638862,-0.24289872358017917,250,5.0,2,23
5.345219080475753,4.98539529480266,4.01522511611941,0.636713548094491,-0.35982378567309325,250,5.0,2,24
4.968032530263513,4.875087772678779,3.8924145804345516,0.3084688920739479,-0.09294475758473375,250,5.0,2,25
4.817063189879027,5.188585371556306,4.211843763657161,0.330919192379475,0.37152218167727913,250,5.0,2,26
4.94732784303996,5.094574538974832,4.288171685523094,0.416343958985089,0.1472466959348715,250,5.0,2,27
4.942875770624543,5.204098381471466,4.152347329709523,0.3931124102876441,0.26122261084692333,250,5.0,2,28
5.271753790110107,4.896295293649069,3.9600732612274725,0.45620513507045146,-0.3754584964610377,250,5.0,2,29
4.901169395370047,5.726011512576423,4.23124739364923,0.08812348112195767,0.8248421172063756,250,5.0,2,30
4.7733462805614115,5.416641219124862,4.316405952473221,0.27561498317540334,0.6432949385634501,250,5.0,2,31
4.75521635898789,6.107914079085083,4.919595143037818,0.31384270468822884,1.3526977200971935,250,5.0,2,32
5.3241338946485754,5.310924204325923,4.32545186667449,0.23905569187696418,-0.013209690322652179,250,5.0,2,33
5.120340338365421,5.352945275920774,4.433495609461121,0.02336310464359226,0.2326049375553536,250,5.0,2,34
4.668903518692922,4.813053536402399,3.8311964451009373,0.24053507508901661,0.14415001770947722,250,5.0,2,35
4.842761748365214,5.48375387044914,4.6019322064209796,0.34014365679925307,0.6409921220839268,250,5.0,2,36
4.914106171795845,4.623663350992936,3.9454480225762394,0.3885199990528516,-0.29044282080290973,250,5.0,2,37
5.165485283405358,5.427690713465777,4.370226883177797,0.2973262034648796,0.2622054300604191,250,5.0,2,38
5.197548947746396,4.6692019693279185,3.4900672329221827,0.3061646937879552,-0.5283469784184778,250,5.0,2,39
4.9334794098277435,5.504269905023302,4.531621862493519,0.32145773599272176,0.5707904951955589,250,5.0,2,40
5.134091527649433,5.159455434974672,4.049275978036384,0.34750387420224127,0.02536390732523852,250,5.0,2,41
4.645323194911356,5.001838048867361,3.8365653874935104,0.52215326366753,0.35651485395600524,250,5.0,2,42
5.055709621513423,5.4670027412619575,4.2275068558993665,0.10983854307756113,0.41129311974853433,250,5.0,2,43
5.193409281827738,4.816112977898118,3.697446179070283,0.31635082260148484,-0.37729630392961955,250,5.0,2,44
4.91812844389461,5.423292002965342,4.487276956546209,0.4246616860090555,0.5051635590707315,250,5.0,2,45
4.949443439269373,4.371552473665008,3.490105401396351,0.474812847535908,-0.5778909656043654,250,5.0,2,46
4.935363973973131,5.302005444667281,4.231368372087918,0.34036644913117065,0.3666414706941499,250,5.0,2,47
4.944162968975209,4.604141485817995,3.639993942460464,0.43972187375127436,-0.3400214831572139,250,5.0,2,48
5.078931574364167,5.098538756062859,4.234584966360251,-0.01048621867693944,0.019607181698692244,250,5.0,2,49
5.044900563587923,5.423803146179481,4.296236158759525,0.3749390628979331,0.3789025825915582,250,5.0,2,50
4.903635016008396,4.256987318334338,3.3148949555571723,0.45957182751464665,-0.6466476976740578,250,5.0,5,1
4.991877538854314,5.307142588813962,4.227998493259901,0.1924394468621765,0.3152650499596481,250,5.0,5,2
4.955590317790946,4.866512073468357,3.843504383387276,0.22479847272640052,-0.08907824432258948,250,5.0,5,3
4.499218446673871,4.903240562459862,3.914057977962013,0.29913716269321455,0.4040221157859909,250,5.0,5,4
4.977773763280906,5.424047228469837,4.130910028166356,0.4638898487138272,0.44627346518893063,250,5.0,5,5
4.846457998693998,4.321319466445083,3.4947713454923837,0.2654254372424846,-0.5251385322489144,250,5.0,5,6
4.67775247801787,7.020935465494805,5.227899677293465,0.0736583426505083,2.3431829874769354,250,5.0,5,7
5.112664754887976,4.674115771483788,3.703191371545308,0.22352125712134618,-0.43854898340418735,250,5.0,5,8
5.141904797956335,4.1745780065697655,3.326173019751403,0.4744990791682082,-0.9673267913865695,250,5.0,5,9
4.698466415077687,4.553923099325258,3.8426803799571045,0.35595157444576275,-0.1445433157524283,250,5.0,5,10
4.937002069972483,4.976697317701855,4.160799602511187,0.5467406427297942,0.03969524772937216,250,5.0,5,11
4.679693178792045,4.752283885730592,3.849260337059872,0.25079246547405365,0.07259070693854763,250,5.0,5,12
5.420756134812075,4.404680992583302,3.717926973627949,0.46041752348107046,-1.0160751422287735,250,5.0,5,13
4.944814700029368,4.824470401019582,4.097319663893011,0.358109573670063,-0.12034429900978605,250,5.0,5,14
5.022271718566512,4.967419169900355,3.7183341070157314,0.5282155814155962,-0.0548525486661573,250,5.0,5,15
5.1231137707322665,4.727502685788246,3.8564634405160887,0.4414259005639505,-0.3956110849440204,250,5.0,5,16
4.971515084809749,4.792062792074043,3.958915933997488,0.38311449150159127,-0.1794522927357054,250,5.0,5,17
4.904898698957047,6.1155454813308845,4.206162040161504,0.06092946638269814,1.2106467823738374,250,5.0,5,18
5.046643486348867,5.26046307406001,4.210293977921886,0.11557430912900701,0.21381958771114284,250,5.0,5,19
5.206429158065828,6.126984743131757,4.9534683329806635,0.3748273239397175,0.9205555850659293,250,5.0,5,20
4.570469744330155,5.0080807513321295,3.992616270245968,0.384432075956336,0.43761100700197453,250,5.0,5,21
4.949963676821589,3.8952537736123567,3.051401256223154,0.13903602515562985,-1.0547099032092326,250,5.0,5,22
4.87304737425192,4.47000929834398,3.824911105488252,0.33188512311980456,-0.40303807590793994,250,5.0,5,23
4.944423426384369,4.850046453598631,4.066013266154982,0.052892513508419836,-0.09437697278573776,250,5.0,5,24
5.243129506988979,5.250646286193307,4.030096930490985,0.2662218990792825,0.007516779204327584,250,5.0,5,25
4.999301819197214,4.839651112180228,3.878749802473593,0.4136725358623753,-0.15965070701698636,250,5.0,5,26
4.868227181051538,8.997276483352126,5.027212656528825,-0.5994628970008902,4.129049302300587,250,5.0,5,27
5.08796801639736,5.738180130003232,4.162779276718001,0.4579764394725604,0.650212113605872,250,5.0,5,28
4.533704623047112,5.235848140720567,4.4487549181288,0.35305988680546063,0.7021435176734547,250,5.0,5,29
4.702317611872206,4.216699421079397,3.3662755163373648,0.4918800663545456,-0.48561819079280877,250,5.0,5,30
4.866268734855314,5.289984313408907,4.383309748052845,0.3840403364173187,0.4237155785535931,250,5.0,5,31
4.7963735286101965,4.9425832137923225,4.03939579454539,0.5039609259597206,0.14620968518212596,250,5.0,5,32
5.129306218505468,6.586180656876445,4.808421782856919,0.39939650580739783,1.4568744383709777,250,5.0,5,33
5.293418009497805,5.268839608638537,4.0100311598289995,0.4857596366453255,-0.024578400859268434,250,5.0,5,34
5.06925318029295,4.569908079809249,3.7100295446426537,0.14151700140889756,-0.4993451004837013,250,5.0,5,35
5.007248947599856,5.983052725305214,4.836706062671101,0.04756655716742597,0.9758037777053579,250,5.0,5,36
4.9138819123482405,5.733367161083597,4.581926012844318,0.14606277213998164,0.8194852487353561,250,5.0,5,37
4.614241339862019,5.886894377713733,4.966772418171523,0.37991095035154,1.2726530378517138,250,5.0,5,38
4.757660455926741,5.550526996863655,4.347763246291983,0.29751174539551783,0.792866540936914,250,5.0,5,39
4.835419423049147,5.768452371576942,4.770122972928512,0.3602884638300359,0.9330329485277948,250,5.0,5,40
5.307075068356377,4.131720291579606,3.280160202956146,0.3273107118042249,-1.1753547767767705,250,5.0,5,41
4.551437054881131,5.330406102623218,4.2065902446477885,0.4700099902848903,0.7789690477420876,250,5.0,5,42
4.916105616106525,4.529538876026975,3.318464910866487,0.4350042497425285,-0.38656674007954983,250,5.0,5,43
4.99388682794721,4.279259717018307,3.362156990939293,0.32767730827578867,-0.7146271109289035,250,5.0,5,44
5.2114895435949435,5.165201113224678,4.21625002825952,0.3782178531843974,-0.04628843037026531,250,5.0,5,45
5.591657075772938,5.128786632451345,4.113450912899543,0.12795891442683516,-0.46287044332159244,250,5.0,5,46
4.99837977410603,4.439555459101077,3.503439998373945,0.4898805744215635,-0.5588243150049532,250,5.0,5,47
5.389883435558379,6.582127477349305,4.953948733005165,0.2397144191237931,1.192244041790926,250,5.0,5,48
4.894116780742275,5.05238214788715,3.992140479254698,0.3385159898068273,0.1582653671448755,250,5.0,5,49
4.735152785424543,4.7448048501938045,4.000280082643969,0.38142407475518225,0.00965206476926106,250,5.0,5,50
5.052999221931501,5.399957485948863,4.307826344680961,-0.011278821957412477,0.34695826401736163,250,5.0,10,1
4.994730644718638,5.417021804069814,4.055700032428644,0.2224319244962374,0.4222911593511762,250,5.0,10,2
4.717694291872177,7.157534642224423,4.344932541458744,-0.017588068315523175,2.439840350352246,250,5.0,10,3
4.6962758564095495,24.093506698524205,7.751035632719762,-10.261320726155954,19.397230842114656,250,5.0,10,4
5.176220937227539,4.896744225526447,3.9929272465929277,0.3311173447990158,-0.2794767117010917,250,5.0,10,5
4.56629075349337,5.372246508814557,4.273397829795896,0.0934639151138763,0.8059557553211869,250,5.0,10,6
4.683701979465963,8.24218183036473,5.3407150533285686,-0.2885253374303762,3.5584798508987676,250,5.0,10,7
4.5885124467772584,4.747985132663199,3.7113024939817523,0.07857426713548388,0.159472685885941,250,5.0,10,8
5.264380761720295,6.003338570904068,4.6651541662898515,0.2238279432722481,0.7389578091837734,250,5.0,10,9
4.567819977036701,5.261301123271754,4.297393567956741,0.03459055363921559,0.6934811462350527,250,5.0,10,10
4.686302179974241,5.660185340410454,4.493470924661075,0.170759061483581,0.9738831604362126,250,5.0,10,11
4.786867912929081,5.8983930967386495,4.912978384827621,0.34483302960009077,1.1115251838095688,250,5.0,10,12
4.189303246704511,5.82937349874079,4.61031016387539,0.24127633255288727,1.6400702520362795,250,5.0,10,13
4.924238641006077,4.632739886411565,3.6987897840888504,0.2587356234174988,-0.291498754594512,250,5.0,10,14
4.863180526112137,4.615372511861121,3.672976493514177,0.13732673604092682,-0.2478080142510155,250,5.0,10,15
4.710178903817956,4.871782983163227,4.021661482037009,0.29636415077110534,0.16160407934527132,250,5.0,10,16
4.836881706310943,5.8170749870014635,3.9618372300182307,0.027896755567493492,0.9801932806905205,250,5.0,10,17
4.850225476938278,5.524061539611558,4.562563673412692,-0.1546014014411865,0.6738360626732796,250,5.0,10,18
4.706868385115663,5.600658509800868,4.295412720691512,0.22762767910330706,0.8937901246852054,250,5.0,10,19
4.747205348101326,5.381761414491323,3.9607750533896766,0.29313847551772665,0.6345560663899974,250,5.0,10,20
5.0255669628236035,5.215687842004698,4.360434573695565,0.45976657166463974,0.19012087918109444,250,5.0,10,21
4.85071467119978,49.695475973202164,14.040659834800463,-50.99910224401763,44.84476130200238,250,5.0,10,22
5.018729066298222,5.37943371979248,4.461994154973063,0.22878738934870657,0.36070465349425884,250,5.0,10,23
4.865728098328111,5.743191933882188,4.535329736798683,0.00429608817840843,0.8774638355540771,250,5.0,10,24
5.074476790629542,4.949129217438392,3.9943667361869175,0.3955588188766179,-0.1253475731911502,250,5.0,10,25
4.696012543913553,5.295989189537429,4.218127541902105,0.2838941307187982,0.599976645623876,250,5.0,10,26
4.465272516675296,4.349214234326968,3.432805681066491,-0.08306611721522872,-0.1160582823483276,250,5.0,10,27
4.527337881339212,4.644281922971037,3.8379393513177695,0.19253355017343243,0.11694404163182526,250,5.0,10,28
5.004508405089719,5.138168429290619,3.945353160277885,0.03412778596836841,0.13366002420090073,250,5.0,10,29
4.712532436119352,4.841566666441095,3.885163265892838,0.4130432521184678,0.12903423032174288,250,5.0,10,30
4.5244238131018735,5.34732312181215,4.095965845287837,0.5949083277538807,0.8228993087102765,250,5.0,10,31
4.663256076975733,310.7693854610114,48.80705168310321,-2399.303280474874,306.1061293840356,250,5.0,10,32
4.783292824267822,4.151978409400147,3.269372510404691,0.4150617791541966,-0.631314414867675,250,5.0,10,33
4.666430201605002,5.246880717193168,4.072771810471237,0.5921396388031613,0.5804505155881658,250,5.0,10,34
4.726804596076369,4.535002908527526,3.6894913158039007,0.5562038983520052,-0.19180168754884352,250,5.0,10,35
4.808342088999027,4.6677236976618,3.7585328898678916,0.6020133832541696,-0.14061839133722742,250,5.0,10,36
4.669575227163678,5.968387155070242,4.772433358258899,0.21195753976889609,1.2988119279065637,250,5.0,10,37
4.230110656575055,5.470053542933419,4.191206858936367,0.34615598124265723,1.2399428863583646,250,5.0,10,38
5.287148908876527,5.166595866468782,4.253569111742072,0.2305356980122676,-0.120553042407745,250,5.0,10,39
4.829007299209237,9.474519445817615,5.886967829421892,-0.7795918058733531,4.645512146608378,250,5.0,10,40
4.540945371335029,4.986415116756571,3.8726137865559047,0.11022151256169566,0.4454697454215415,250,5.0,10,41
5.021132989040961,5.256195103270425,4.348473843040744,0.3027038586308741,0.23506211422946421,250,5.0,10,42
5.138560985989821,4.795455684576144,3.793132435479204,0.09527474939078351,-0.34310530141367757,250,5.0,10,43
5.079412950426855,5.1990785023281365,3.8041288068882206,0.402644303542936,0.11966555190128148,250,5.0,10,44
4.526596575177815,6.291973595661526,4.34811348169103,-0.15959925646773465,1.7653770204837107,250,5.0,10,45
4.617135994529496,5.223007686242058,3.809283223878061,0.43842412208680637,0.6058716917125615,250,5.0,10,46
5.22457130084922,25.25571724913119,6.954406988541957,-10.82062279225613,20.03114594828197,250,5.0,10,47
4.971091804879105,4.417903469317423,3.4405700892173403,0.4567206291488304,-0.553188335561682,250,5.0,10,48
4.695443774855918,5.173388771568219,4.050457306429908,0.154118784103484,0.47794499671230106,250,5.0,10,49
4.935769353872481,5.3818203545324845,4.487232779752244,0.25381641593649285,0.44605100066000336,250,5.0,10,50
3.35890377253174,2.607270577634261,1.9835872532525558,0.5815806304640678,-0.751633194897479,500,0.5,1,1
2.5584261456501496,2.1063797475180177,1.6319437575935467,0.6109125607538464,-0.4520463981321319,500,0.5,1,2
3.1390075157314645,2.885275973640921,1.9717785889422654,0.5577268227431733,-0.2537315420905437,500,0.5,1,3
2.6969046847789846,2.652515701879251,1.8508008137823493,0.48102648310193374,-0.0443889828997337,500,0.5,1,4
3.144153852635409,2.2228418050971026,1.8131515551641237,0.6872085830176748,-0.9213120475383065,500,0.5,1,5
2.784237347683205,2.9160760597428332,1.744018329916361,0.551603185142783,0.13183871205962827,500,0.5,1,6
3.3222708363224918,3.8878840549709928,2.43385739363481,0.40847986240791656,0.565613218648501,500,0.5,1,7
2.620854004106814,2.571189105150237,1.8489242094230602,0.652921537171975,-0.04966489895657711,500,0.5,1,8
3.0621707501533555,2.6466983772140926,2.008905204265759,0.47473772890619426,-0.41547237293926287,500,0.5,1,9
2.758703088665823,2.512175826730296,1.80646834838944,0.6439722289309069,-0.246527261935527,500,0.5,1,10
3.1055737929097567,2.5626916463287666,2.0219639764275983,0.559729040448259,-0.5428821465809901,500,0.5,1,11
2.965654691252094,2.396994821725984,1.663213306185742,0.41995770487911765,-0.56865986952611,500,0.5,1,12
2.8437762612953534,3.484904443092098,2.2112391001372944,0.43755589287606433,0.6411281817967445,500,0.5,1,13
3.04413614630923,1.8600541042820882,1.501171162583417,0.6799799016315804,-1.1840820420271418,500,0.5,1,14
2.7181870780527704,3.4670192578904775,2.199388326317905,0.3779639723983954,0.7488321798377071,500,0.5,1,15
2.21490123125866,3.2788005780397973,2.07674076249838,0.4656683572486676,1.0638993467811373,500,0.5,1,16
2.8877788424076627,2.6813225729500845,1.781199428178967,0.4665057949938426,-0.20645626945757822,500,0.5,1,17
2.5309843750320686,2.8486448106343047,2.0979825982363804,0.6396673603505287,0.3176604356022361,500,0.5,1,18
2.9259296968140274,3.191521029283526,2.04490074408372,0.5329116174371884,0.26559133246949873,500,0.5,1,19
2.9681128440953914,3.0821211076191424,2.1361543162939274,0.31566830443006333,0.11400826352375093,500,0.5,1,20
2.593177973123837,2.788460733994572,1.9148657960272073,0.13804119587847108,0.19528276087073504,500,0.5,1,21
3.363210861802884,2.7166446824794916,1.9565581889254844,0.292128557578465,-0.6465661793233926,500,0.5,1,22
2.9947623479365046,3.874726463646013,2.1456735185052214,0.5266306381548236,0.8799641157095084,500,0.5,1,23
2.6354326683638187,3.1122284763433696,2.0032890986712446,0.13739987805645437,0.4767958079795509,500,0.5,1,24
3.103218855928346,3.3238582424299166,2.1643112846359704,0.524815953772471,0.22063938650157056,500,0.5,1,25
2.8094981724481394,3.6047126136337475,2.26105439482932,0.46241062257252297,0.7952144411856081,500,0.5,1,26
2.6224145769355474,3.4130222536838186,2.333948588455134,0.45217568494036164,0.7906076767482713,500,0.5,1,27
3.0050867921801143,2.329699823315208,1.805278978801536,0.6230236009721187,-0.6753869688649061,500,0.5,1,28
2.4101669896207873,4.1041968489797,2.489774435609385,0.4734339450047702,1.6940298593589125,500,0.5,1,29
2.5725378824081457,2.2325267723625726,1.8126088715292263,0.5946006490126996,-0.34001111004557316,500,0.5,1,30
3.114612777063828,3.4678558098085843,2.2418956320579486,0.5272256182516888,0.3532430327447562,500,0.5,1,31
3.169414011269979,3.856782549100754,2.517672622625027,0.3102031222606141,0.6873685378307752,500,0.5,1,32
2.6868917117061164,2.140483621172669,1.8211702343965157,0.5187879565486178,-0.5464080905334474,500,0.5,1,33
3.2292990690423067,2.677851371934473,1.9825928052420074,0.4983314289535966,-0.5514476971078337,500,0.5,1,34
2.676136990548459,3.416499163756315,2.1962193188807158,0.45317726044374396,0.7403621732078562,500,0.5,1,35
2.9872404457720365,3.3715065737890932,2.0974212413816518,0.4244871841898227,0.38426612801705673,500,0.5,1,36
3.196073918175159,2.580273758987945,2.0673853851192727,0.5489890909627237,-0.6158001591872142,500,0.5,1,37
3.072023330914014,3.2674277787301955,2.218490378184167,0.4651161233869916,0.19540444781618138,500,0.5,1,38
2.7599847417805523,3.090131856553625,2.0577162502579123,0.5617349059857092,0.33014711477307257,500,0.5,1,39
2.3666472476042917,3.432835647224917,2.180574029302872,0.36137713254028403,1.0661883996206254,500,0.5,1,40
2.991620141190322,3.360501594383215,2.29764560975587,0.5944319890447332,0.368881453192893,500,0.5,1,41
2.903986687111251,1.989747327863187,1.5811218834076692,0.3515082952158376,-0.9142393592480642,500,0.5,1,42
2.77538692177728,2.54605331014637,1.8501935518305561,0.615161203220983,-0.22933361163090993,500,0.5,1,43
2.8047916537373863,2.1296830686405497,1.6415975711877282,0.62231518738496,-0.6751085850968366,500,0.5,1,44
2.7017632689013977,2.935554097682408,2.053152123936839,0.47806223582504315,0.23379082878101043,500,0.5,1,45
2.4330550481598943,3.129430656532998,1.9402722725333672,0.36253711733085936,0.6963756083731036,500,0.5,1,46
3.1915025845628286,2.6867823688368273,2.0641311511193283,0.2146115382991559,-0.5047202157260013,500,0.5,1,47
2.5727716757184687,2.612924911062469,1.8192879028222555,0.5398103346958092,0.04015323534400039,500,0.5,1,48
3.1169561488226543,3.598397121732443,2.19185744516019,0.3069706981903336,0.4814409729097888,500,0.5,1,49
2.4764349276807174,2.9696754456036856,1.9225724847686607,-0.3589897969731224,0.4932405179229682,500,0.5,1,50
0.532621791016231,0.46790056792728324,0.3803442075472919,0.9889203567799079,-0.06472122308894773,500,0.5,2,1
0.49700337849983245,0.5260441261943674,0.4008855247949992,0.9777226443350787,0.029040747694534907,500,0.5,2,2
0.49153841484505856,0.4638657744887358,0.40037139689657997,0.98444524577431,-0.027672640356322775,500,0.5,2,3
0.49596821764901267,0.5053822444065887,0.4059315215232943,0.9887551474127907,0.009414026757576077,500,0.5,2,4
0.48051671073887536,0.47965094024290783,0.38329655544896085,0.9856880139698518,-0.0008657704959675327,500,0.5,2,5
0.5133291018446232,0.543178274145491,0.4399195356483308,0.9914345449163969,0.02984917230086781,500,0.5,2,6
0.514679389329468,0.48602734593527186,0.3983199141860695,0.9831332985381931,-0.028652043394196136,500,0.5,2,7
0.48713140452713444,0.5256200982620132,0.4375173871305274,0.9758111005900163,0.03848869373487873,500,0.5,2,8
0.5118659305122937,0.4614635602200091,0.38082307728697906,0.9828736022097296,-0.05040237029228456,500,0.5,2,9
0.5076236049714419,0.47467017858543364,0.3829583414328257,0.9857204912946982,-0.03295342638600823,500,0.5,2,10
0.49160445929530483,0.5018959041309118,0.394467435586696,0.9879467144127315,0.010291444835606955,500,0.5,2,11
0.5101845437308535,0.5488052563480083,0.43369521864619626,0.9685744019173624,0.03862071261715472,500,0.5,2,12
0.48215981909559524,0.5321663295653883,0.43727661084319097,0.9830060129852165,0.0500065104697931,500,0.5,2,13
0.49171328232669764,0.502173115576336,0.41257270640011384,0.9839397556711086,0.010459833249638395,500,0.5,2,14
0.49380393591567423,0.5269639454244671,0.4190188767975897,0.9744531144589992,0.03316000950879289,500,0.5,2,15
0.5203014943179687,0.45039406373589913,0.368181666102722,0.9835221042732704,-0.06990743058206955,500,0.5,2,16
0.49781805211050506,0.5615040788897867,0.4512517166564586,0.9788409721895827,0.06368602677928165,500,0.5,2,17
0.47313749826668294,0.5009395236967885,0.397530901736957,0.986641154317052,0.02780202543010557,500,0.5,2,18
0.5011644127458826,0.4836625565170004,0.3745709321443429,0.979195569322585,-0.01750185622888223,500,0.5,2,19
0.5056358175780923,0.4609386040521638,0.3728113731371589,0.9879453163858108,-0.04469721352592848,500,0.5,2,20
0.5031027763802056,0.5385738467892358,0.4459418437996819,0.9754078894934403,0.03547107040903019,500,0.5,2,21
0.510966833984864,0.5003631454607154,0.41401175176794014,0.9906993484190848,-0.010603688524148613,500,0.5,2,22
0.4945051317074664,0.522017244336048,0.4116426808195164,0.9825836879360296,0.02751211262858161,500,0.5,2,23
0.5117352373761805,0.4489085262778581,0.355403009686402,0.9886081930702832,-0.06282671109832244,500,0.5,2,24
0.4874533213705103,0.4497666156544929,0.37111656618332867,0.9924652310192288,-0.0376867057160174,500,0.5,2,25
0.48434231358312185,0.44401102410428933,0.35302506036417286,0.9902145833681059,-0.04033128947883252,500,0.5,2,26
0.47093763184050225,0.5270129331770491,0.4057211320406078,0.9767295864447466,0.05607530133654687,500,0.5,2,27
0.5472313926461015,0.56091737478568,0.4434835044210066,0.9711531728702932,0.0136859821395785,500,0.5,2,28
0.5162198351872799,0.491320331724665,0.3862020291258211,0.9916401028602709,-0.02489950346261488,500,0.5,2,29
0.5124266514445842,0.5985173213830951,0.4480092234655666,0.9606071816837404,0.08609066993851089,500,0.5,2,30
0.5228923659971447,0.5262856841695216,0.39776006071580383,0.9752416178708121,0.003393318172376869,500,0.5,2,31
0.49150641398528594,0.4215728525114694,0.3369633889475812,0.9867229791484771,-0.06993356147381652,500,0.5,2,32
0.5181188047774251,0.5268869503280039,0.413846125739028,0.9888920698870963,0.00876814555057881,500,0.5,2,33
0.4773418832630777,0.47913574271494797,0.36810387116286925,0.9887418974651432,0.0017938594518702722,500,0.5,2,34
0.49293788788587656,0.48255552208322217,0.3849357970327712,0.9909887340377226,-0.010382365802654392,500,0.5,2,35
0.47533854679400045,0.5149891176113612,0.42316301440795945,0.9751238985846435,0.039650570817360786,500,0.5,2,36
0.5078544260691307,0.5116861169671802,0.41981768019186033,0.9843820364246814,0.003831690898049578,500,0.5,2,37
0.4855413293632436,0.49096257619563133,0.38720845515140484,0.9928851961205666,0.005421246832387705,500,0.5,2,38
0.5048941984965456,0.4363661613323122,0.3373653179835198,0.9919185040698727,-0.06852803716423339,500,0.5,2,39
0.4944368308314781,0.47386206839631967,0.3849874552762477,0.9888957430702069,-0.020574762435158434,500,0.5,2,40
0.5227772273235305,0.49492726846998725,0.40093330628088836,0.9873557588762306,-0.027849958853543244,500,0.5,2,41
0.4843786026700189,0.4882855410383607,0.408553107602311,0.9808237110112223,0.0039069383683417724,500,0.5,2,42
0.4958903118445001,0.4864216816387552,0.3888291265363168,0.9924484180673606,-0.009468630205744899,500,0.5,2,43
0.5053839542368829,0.5140893756877898,0.42285148755033797,0.9768392613842368,0.008705421450906914,500,0.5,2,44
0.5051098408722836,0.4901673092552587,0.39282757528904066,0.9779443497895585,-0.014942531617024912,500,0.5,2,45
0.483172646573408,0.44935255933532126,0.3514319958988113,0.9907118463653183,-0.03382008723808677,500,0.5,2,46
0.5147431605844912,0.4871716399341731,0.4006884956844295,0.9891225692883643,-0.027571520650318093,500,0.5,2,47
0.48533299393633844,0.5147551863096574,0.4151191974832166,0.9824741297863299,0.029422192373319,500,0.5,2,48
0.5028837014553222,0.5629301498543926,0.44725470411758794,0.9862701686075738,0.06004644839907036,500,0.5,2,49
0.4764609163232142,0.4320611227192633,0.32864153269647567,0.985479493828419,-0.04439979360395091,500,0.5,2,50
0.47637559830944104,0.4528989501326147,0.3614810658271496,0.9885355663566826,-0.02347664817682632,500,0.5,5,1
0.5030373402404162,0.475698592332409,0.37617262173556965,0.9828730180357115,-0.02733874790800722,500,0.5,5,2
0.5138608341524776,0.5031848747051622,0.4067323084149376,0.9865273827762022,-0.010675959447315475,500,0.5,5,3
0.5028610542127323,0.5108200016782583,0.4011384085895016,0.9622040439576787,0.007958947465525945,500,0.5,5,4
0.48812321642353784,0.5319342117529509,0.42374443651804783,0.9860879363027694,0.043810995329413016,500,0.5,5,5
0.4908159461779737,0.45654032894966873,0.3745971122155254,0.9833156275604127,-0.034275617228304966,500,0.5,5,6
0.49025874194110375,0.4855276082223126,0.3902059703263498,0.9883986688911004,-0.004731133718791136,500,0.5,5,7
0.49123093995459977,0.5299810628493327,0.4392627454620691,0.981074487038311,0.0387501228947329,500,0.5,5,8
0.4901167395128626,0.4431143587228367,0.34218179786920855,0.988540492682444,-0.04700238079002589,500,0.5,5,9
0.4828636553121452,0.5239517863927298,0.4361526696517076,0.9838701498465507,0.04108813108058457,500,0.5,5,10
0.4471986474504104,0.47437789015596704,0.37127926694509183,0.9869997051627777,0.02717924270555666,500,0.5,5,11
0.48231707686593367,0.5036131956207948,0.3983683971027832,0.9778025855677994,0.021296118754861093,500,0.5,5,12
0.51145961579716,0.48024423018354706,0.36606879882230087,0.9827596441059288,-0.031215385613612978,500,0.5,5,13
0.5097320729815431,0.5141412244714985,0.41425303710987826,0.979496462910042,0.004409151489955354,500,0.5,5,14
0.506614784063823,0.5428999933619647,0.4437588697852051,0.9805644395970687,0.03628520929814172,500,0.5,5,15
0.49449195202354895,0.4815670575208986,0.3799038825493847,0.9803016383960647,-0.01292489450265033,500,0.5,5,16
0.4723150835778999,0.5230356402290527,0.4065195112078802,0.9808072624588803,0.05072055665115277,500,0.5,5,17
0.4973109233855362,0.5501910800134061,0.4380833963689241,0.9799452378204085,0.052880156627869934,500,0.5,5,18
0.5036624647520879,0.5444125301851196,0.41664293800120333,0.9777669199254377,0.040750065433031724,500,0.5,5,19
0.5433961792319458,0.5020357509368412,0.3930058325043743,0.9881253841647106,-0.04136042829510467,500,0.5,5,20
0.49853886356143473,0.5359988088921803,0.434984416060694,0.9905019511560176,0.03745994533074559,500,0.5,5,21
0.4960446996136633,0.49995726844641036,0.3949397207837853,0.9912398612021495,0.003912568832747043,500,0.5,5,22
0.49564503529494475,0.5377117344692672,0.42837781734745767,0.9821854383521236,0.042066699174322486,500,0.5,5,23
0.4984392187121134,0.47580861582505124,0.38506169233115917,0.9846273822881277,-0.022630602887062146,500,0.5,5,24
0.5013577696356051,0.5802657076167818,0.4536138807213175,0.9865810449525133,0.07890793798117668,500,0.5,5,25
0.4761198794680561,0.6801116013015474,0.4195053712300931,0.987001168830673,0.20399172183349124,500,0.5,5,26
0.49991219272964166,0.49404111746269,0.4054790424192513,0.9907598021203988,-0.005871075266951631,500,0.5,5,27
0.5379642406899129,0.5069655192229839,0.406872283948734,0.9810167848309225,-0.030998721466928947,500,0.5,5,28
0.5203353158005205,0.50458256943205,0.40359698689649404,0.9826743803217856,-0.01575274636847046,500,0.5,5,29
0.5202833510243122,0.5364291162117983,0.42667502734394136,0.9851930885125104,0.016145765187486116,500,0.5,5,30
0.4833435141068948,0.5404122134722743,0.43700456638556673,0.9772725411961648,0.057068699365379505,500,0.5,5,31
0.4937038467121141,0.5144921672554136,0.3904149236081848,0.984220318390672,0.020788320543299488,500,0.5,5,32
0.5063550918586981,0.5079510394460443,0.4284483745694622,0.9803655460592402,0.0015959475873461582,500,0.5,5,33
0.5094909079766081,0.5280642820272224,0.400057525552898,0.9911331821062105,0.018573374050614322,500,0.5,5,34
0.49112044791482434,0.5058799813204261,0.39136065660404395,0.9750870611508412,0.014759533405601766,500,0.5,5,35
0.453122754130261,0.5193116611447014,0.41402666138861755,0.9623850516341863,0.06618890701444041,500,0.5,5,36
0.4668121129940574,0.4871789348471833,0.382102559201158,0.9890189398591428,0.020366821853125883,500,0.5,5,37
0.5248769096861385,0.5149493494074299,0.3962912633061885,0.988018981635051,-0.00992756027870867,500,0.5,5,38
0.4990544009777036,0.427963177378659,0.3568373528620811,0.9864173289653426,-0.07109122359904457,500,0.5,5,39
0.464299064893045,0.4724203263659853,0.3814385491086727,0.9881138497395513,0.008121261472940289,500,0.5,5,40
0.49942646863552764,0.49696977848836793,0.40574524014403823,0.9810737457112096,-0.0024566901471597125,500,0.5,5,41
0.4779926764607471,0.47758236260329096,0.3899335756085282,0.9895548690894144,-0.0004103138574561571,500,0.5,5,42
0.4658105787446743,0.5441448675408284,0.41596889619079574,0.9835237877051807,0.07833428879615406,500,0.5,5,43
0.5118604897858666,0.5173114778556717,0.41286902827064514,0.9851670605207058,0.005450988069805041,500,0.5,5,44
0.49550113777440274,0.5140024654245235,0.41986498823669777,0.9770565145173559,0.018501327650120802,500,0.5,5,45
0.5342034018565313,0.4979350612107191,0.3938326508824687,0.9837741335881319,-0.036268340645812136,500,0.5,5,46
0.4551388062662928,0.532870736796893,0.4219351925111818,0.989109130449916,0.07773193053060024,500,0.5,5,47
0.47074263662275223,0.4260922125316183,0.33458154789121586,0.9893364519656631,-0.044650424091133956,500,0.5,5,48
0.48257899637920765,0.4887541537461507,0.38717889281268925,0.9872997043985879,0.006175157366943074,500,0.5,5,49
0.502879748907103,0.5433145065320565,0.4362757607877711,0.9822628149796757,0.04043475762495352,500,0.5,5,50
0.4558867161538529,3.1959386753070316,0.7185716989561389,0.43167064158565327,2.7400519591531785,500,0.5,10,1
0.4776877876098881,0.48197232196435336,0.4032310156311481,0.9799598040293319,0.0042845343544652414,500,0.5,10,2
0.45991730654677404,0.4867723118620805,0.3864942986490016,0.9851858168328558,0.026855005315306435,500,0.5,10,3
0.47530158888597623,1.8482227865136458,0.5861639734534131,0.8712189490609032,1.3729211976276696,500,0.5,10,4
0.4845422236347535,0.5470037265931231,0.4279910545882613,0.9874739978115004,0.06246150295836961,500,0.5,10,5
0.5113214583463349,0.4795316252476579,0.3669729777124627,0.981159285059144,-0.031789833098677,500,0.5,10,6
0.48482181307850775,0.5028738061991102,0.3931331364616941,0.9821998518051197,0.018051993120602405,500,0.5,10,7
0.5002508178232173,0.5239238297711316,0.42805064137830423,0.9878904986244577,0.02367301194791427,500,0.5,10,8
0.4858262403838651,0.663601613423642,0.463596225618823,0.982375744095636,0.17777537303977686,500,0.5,10,9
0.4753122920137767,0.5286395949884714,0.43624494428797705,0.982956963344156,0.053327302974694624,500,0.5,10,10
0.5028081799914998,0.4686902035290696,0.3689926347327873,0.9893990401715826,-0.034117976462430255,500,0.5,10,11
0.49123243954770196,0.4829166270338623,0.3883974227965806,0.9877596948367285,-0.008315812513839671,500,0.5,10,12
0.507041454017185,0.5119863153107695,0.40796116801484694,0.980710677241327,0.004944861293584513,500,0.5,10,13
0.48639256680432447,27.344948063117247,3.204885783320588,-24.94106069989172,26.858555496312924,500,0.5,10,14
0.49636011430368004,1.3314911099557598,0.5230308722197696,0.9106570802086021,0.8351309956520798,500,0.5,10,15
0.4962604765264468,0.5114892493076589,0.41481387119042223,0.9834716359701442,0.015228772781212152,500,0.5,10,16
0.4962848912019395,0.504945442831361,0.41765555970147467,0.9817638983159115,0.008660551629421476,500,0.5,10,17
0.4801151530328824,0.580599534656705,0.44387261298769837,0.946763679341163,0.10048438162382262,500,0.5,10,18
0.505566638052626,0.5242542879360391,0.43545405768795925,0.9841667554205116,0.018687649883413093,500,0.5,10,19
0.5058279313933982,2.303558294431597,0.6584571787103869,0.6745811277149965,1.7977303630381989,500,0.5,10,20
0.47885051490075486,0.44132502491496023,0.35791437989262315,0.9886740455534477,-0.037525489985794636,500,0.5,10,21
0.48137068351545015,0.5194745898381388,0.41455125082942407,0.989161778142992,0.03810390632268862,500,0.5,10,22
0.4640985075759825,0.5560239469498359,0.43622262648905535,0.9794535258781363,0.09192543937385345,500,0.5,10,23
0.4799964821735743,0.6427390357637501,0.4673216614185052,0.9836547170872071,0.1627425535901758,500,0.5,10,24
0.4977096247255705,0.49139840148765146,0.39829453624880734,0.9824805238795956,-0.00631122323791905,500,0.5,10,25
0.5062246091534536,0.49510872631362984,0.38591522278617524,0.9815913938750166,-0.011115882839823732,500,0.5,10,26
0.4974792691550043,0.731522965480922,0.452520698696813,0.9659936351581324,0.2340436963259177,500,0.5,10,27
0.4990957262032966,0.5344832758849487,0.42550257228886923,0.9791938811233944,0.035387549681652086,500,0.5,10,28
0.4737528470614424,2.5831077973513046,0.6676832361437457,0.5957063241142849,2.109354950289862,500,0.5,10,29
0.5050055672938277,1.4732225750821137,0.5528417815720001,0.7630983399179365,0.968217007788286,500,0.5,10,30
0.5022480251662446,0.46215880789214137,0.3628106761637535,0.9835492301889457,-0.040089217274103195,500,0.5,10,31
0.4906908220537511,0.5801533032057629,0.44065390092510043,0.9825432206920813,0.08946248115201177,500,0.5,10,32
0.5039467686595854,0.4631692224274515,0.35847711055353687,0.9884916884142566,-0.04077754623213392,500,0.5,10,33
0.5231085534900483,0.6917319485036618,0.413328976117321,0.9772736312430489,0.16862339501361356,500,0.5,10,34
0.4709870082802469,0.47770068584291586,0.3741472309604584,0.9706619318002124,0.0067136775626689404,500,0.5,10,35
0.46798198110488215,0.4724188839670741,0.3837035787686138,0.9764878920069728,0.004436902862191949,500,0.5,10,36
0.4744305035662667,0.5360876886863163,0.41293037724597914,0.9757183708188377,0.061657185120049585,500,0.5,10,37
0.48931995579417636,0.44383272913373306,0.36925382750343294,0.9837004361466164,-0.0454872266604433,500,0.5,10,38
0.5081584961992218,0.49800224791397724,0.40026977452388174,0.9804037710540275,-0.010156248285244585,500,0.5,10,39
0.5063636837357979,0.4590853617877695,0.3692522806695178,0.9874378379479387,-0.04727832194802839,500,0.5,10,40
0.4822995018630374,1.0493555906659904,0.5514708499988852,0.9052190396311441,0.567056088802953,500,0.5,10,41
0.5123363632386942,0.4694690885967733,0.37582827496261734,0.9885792231962839,-0.04286727464192097,500,0.5,10,42
0.49609736573694824,0.566461731790823,0.4537793511654227,0.9765185057906016,0.0703643660538748,500,0.5,10,43
0.4917872820548037,0.8260370032591934,0.4887416417292832,0.9771647676367929,0.33424972120438967,500,0.5,10,44
0.4998233620588824,0.4709364830763992,0.3781304877214594,0.9839048276197475,-0.02888687898248321,500,0.5,10,45
0.4707321754385556,0.49622374473976677,0.409081392379344,0.9830598092887496,0.02549156930121116,500,0.5,10,46
0.48293053910977746,0.7921481768692478,0.444123561810438,0.9716731620072522,0.3092176377594703,500,0.5,10,47
0.4886048316404495,0.562298478423072,0.449246195383997,0.9724012488177501,0.07369364678262252,500,0.5,10,48
0.4989785431313723,0.5799490843442429,0.4621148810165478,0.9761692518365767,0.08097054121287056,500,0.5,10,49
0.4958665103255063,0.5488010512406307,0.4515796604198451,0.984903067868649,0.052934540915124395,500,0.5,10,50
3.8350574507376485,3.2252379085261813,2.4470360538840423,0.4070009058559365,-0.6098195422114672,500,2.0,1,1
3.4990384758719237,3.698944396978234,2.7420622091930693,0.35086880960600475,0.1999059211063101,500,2.0,1,2
3.52331020773337,3.246857823135551,2.4801310736809357,0.44665027435300597,-0.27645238459781885,500,2.0,1,3
4.0253790624613695,4.0607958659700465,2.8213679644917757,0.6135271747744278,0.03541680350867704,500,2.0,1,4
3.384871921361853,3.492052224317524,2.3118933212568167,0.15868836991881052,0.10718030295567083,500,2.0,1,5
3.096153722910548,3.223148064357263,2.5143276676336104,0.33257316546300986,0.12699434144671518,500,2.0,1,6
3.3086386577714246,3.4864527473788356,2.630780540064986,0.2295889043535525,0.17781408960741096,500,2.0,1,7
3.722473707742792,3.509182429116591,2.6572743781249706,0.0654331145216489,-0.21329127862620068,500,2.0,1,8
3.3879447632323485,2.970836023750283,2.3418845154146855,0.613389337915585,-0.4171087394820656,500,2.0,1,9
3.1589425013874277,4.163556745881828,2.759188481432087,0.4596139475678147,1.0046142444944004,500,2.0,1,10
3.5174147937376294,3.3190384671471973,2.4807891371874735,0.36562357957758485,-0.19837632659043214,500,2.0,1,11
3.0229843999796864,3.617198490523087,2.7511460811614734,0.4721559481344114,0.5942140905434008,500,2.0,1,12
3.771772893421559,4.113366992911316,2.904200921268013,0.4063730428150567,0.34159409948975705,500,2.0,1,13
3.4380765696175843,3.4019798343692957,2.604022088839041,0.1391946049900511,-0.0360967352482886,500,2.0,1,14
3.6027333986709147,3.298428120190387,2.3201332116434044,0.46453270700886706,-0.3043052784805278,500,2.0,1,15
3.539572435784287,3.207302945888143,2.4967648949519883,0.321387840910351,-0.33226948989614424,500,2.0,1,16
3.400483408537425,3.4798019064178134,2.553916681001434,0.2432205277416225,0.07931849788038825,500,2.0,1,17
3.5596780019060947,3.7391398678941217,2.655241020516511,0.30598152157435465,0.17946186598802694,500,2.0,1,18
3.885179229476594,3.675430364138618,2.6402179946234905,0.361518878014382,-0.2097488653379762,500,2.0,1,19
3.5798057475206715,2.7930932513283073,2.0723178586354516,0.28112480788264016,-0.7867124961923642,500,2.0,1,20
3.361737826083983,3.6377150304725747,2.5228699135992945,0.19621699280548266,0.2759772043885915,500,2.0,1,21
3.1897828612335606,4.068827911693975,2.7874454376983278,0.5571182419441238,0.8790450504604146,500,2.0,1,22
2.807948507537858,3.4012010811627196,2.2726297785445286,0.3133958568727393,0.5932525736248615,500,2.0,1,23
3.913711564377297,3.119631571947512,2.301365701352617,0.45213327630645805,-0.794079992429785,500,2.0,1,24
3.3675828823804905,3.3011035515604124,2.6342507989495045,0.4804940159766765,-0.06647933082007818,500,2.0,1,25
3.5114743038810716,3.6443815780586157,2.5287000124758734,0.4269074266974132,0.1329072741775441,500,2.0,1,26
3.4761495717769177,3.5445775529399275,2.7018505348191333,0.527128748528662,0.06842798116300974,500,2.0,1,27
3.6867324800854395,3.729644128450538,2.5189799329546854,0.48475068183946257,0.04291164836509864,500,2.0,1,28
3.3096047318323856,3.502431405883817,2.3309562239766133,-0.2467780026555526,0.19282667405143128,500,2.0,1,29
3.4386941498646295,2.6666246166521668,2.0881045791955843,0.38886602611723087,-0.7720695332124627,500,2.0,1,30
3.5680179265630927,2.6863905342433685,2.128798094651437,0.6065271584786245,-0.8816273923197242,500,2.0,1,31
3.579066045594408,3.337390942390587,2.632053055176203,0.5308954375806048,-0.2416751032038209,500,2.0,1,32
3.9087992546502837,3.544659239927548,2.673498539598447,0.49976104452582293,-0.3641400147227358,500,2.0,1,33
3.2259056259127616,2.734396826647708,2.1073424249045942,0.5359252927135428,-0.49150879926505375,500,2.0,1,34
3.5172625929047796,3.6348110729406535,2.739462955132117,0.4838232051055742,0.11754848003587393,500,2.0,1,35
3.8300995705166025,3.7998375825788218,2.61214921379606,0.32303469635979565,-0.030261987937780788,500,2.0,1,36
3.851552244589306,4.9905064471150125,3.1335208794863814,0.39053788272622425,1.1389542025257064,500,2.0,1,37
3.272565710166845,3.2674971080026043,2.332131851525298,0.44225434467671354,-0.005068602164240765,500,2.0,1,38
3.0582897977375274,3.8535902159508426,2.7423932157303534,0.35776461957489014,0.7953004182133152,500,2.0,1,39
3.2130748034739334,2.8457017499521253,2.1661098265677485,0.39071575834289773,-0.36737305352180805,500,2.0,1,40
3.529673158496035,3.17273730506953,2.4096946174950653,0.4436831846197644,-0.356935853426505,500,2.0,1,41
3.459631261274495,2.964296833593235,2.1892896574528247,0.5180080004635939,-0.4953344276812599,500,2.0,1,42
3.59902564284223,3.000585185728867,2.2253584902708807,0.5664106665230558,-0.5984404571133628,500,2.0,1,43
3.828780021767935,3.7699788867433233,2.6911921290303678,0.3652505113297686,-0.05880113502461182,500,2.0,1,44
3.202724758480168,3.561239436378844,2.5775571900839647,0.38886528550531363,0.3585146778986763,500,2.0,1,45
3.6204126486371684,3.9253380160530815,2.8665480716411076,0.33513810224740126,0.30492536741591314,500,2.0,1,46
3.113954351121974,3.0947621397074982,2.231901705928994,0.5093474030185925,-0.01919221141447558,500,2.0,1,47
3.4892748568977154,3.1921309344150157,2.443448980722448,0.355306427330349,-0.2971439224826997,500,2.0,1,48
3.202866881352001,3.19682294404953,2.539564499815439,0.37867850236371237,-0.00604393730247077,500,2.0,1,49
3.6588522417711093,2.877408412018417,2.3228237242500223,0.38174302139059324,-0.7814438297526922,500,2.0,1,50
2.1942012128989683,2.1489821759685737,1.7703546967503445,0.8446220524839221,-0.04521903693039464,500,2.0,2,1
2.0768588545108284,2.1707855576232715,1.8149642657211458,0.8667516101428653,0.09392670311244311,500,2.0,2,2
2.0577965106496166,1.8679538626300352,1.4872890048041398,0.8825275348231957,-0.1898426480195814,500,2.0,2,3
1.8410931464651725,2.1134846691271374,1.7174609571924662,0.7554604083592795,0.27239152266196487,500,2.0,2,4
1.9650893441873762,2.098775167413357,1.7803322914149318,0.6991673038175314,0.13368582322598055,500,2.0,2,5
2.0661826382826196,1.9951387541626373,1.5698668908536673,0.8335580523944301,-0.0710438841199823,500,2.0,2,6
1.9734275591846933,1.9582308457147404,1.6015683580206206,0.8850162249145761,-0.015196713469952883,500,2.0,2,7
1.9360515583242481,2.0698068271733527,1.637103248161808,0.7962731842187363,0.1337552688491046,500,2.0,2,8
1.8395678062487562,1.9637232600609353,1.6069582094122696,0.8436494690078855,0.12415545381217918,500,2.0,2,9
2.0056358403847114,2.1685127688334127,1.7762641675156812,0.799883526639706,0.16287692844870127,500,2.0,2,10
2.006497757724704,1.8351388940649516,1.4353371588152137,0.8279466652239922,-0.17135886365975228,500,2.0,2,11
1.9575470822522874,1.9486735109401823,1.5149670846754903,0.8292856640847828,-0.008873571312105089,500,2.0,2,12
2.057634296781767,1.8911482892893785,1.5713401624288628,0.8960558428861605,-0.1664860074923884,500,2.0,2,13
2.1375984448717444,1.9259246030311914,1.5203468205141308,0.8044672459949237,-0.21167384184055305,500,2.0,2,14
1.8802445983413165,2.092332365589947,1.659355029987913,0.7870499598344862,0.21208776724863054,500,2.0,2,15
1.8476035641166733,1.9607603055989486,1.59954264977693,0.827218906756872,0.11315674148227539,500,2.0,2,16
2.0165546952180486,2.098442782288191,1.715082446807492,0.7953790005250425,0.08188808707014239,500,2.0,2,17
2.098455342814817,1.9339476271164473,1.5678465052341017,0.8120567788882638,-0.16450771569836964,500,2.0,2,18
1.8747307210835855,1.6875194055001703,1.387390551015654,0.8868327743528404,-0.1872113155834152,500,2.0,2,19
1.974860002455856,1.836855088870875,1.4750704187395578,0.8379765488364891,-0.13800491358498101,500,2.0,2,20
2.0531077627275884,2.016985495918715,1.6472324550815713,0.8738914255763903,-0.03612226680887343,500,2.0,2,21
1.9129538382857714,2.0138226141931446,1.6062205117046542,0.753640324396891,0.1008687759073732,500,2.0,2,22
2.059691044296746,2.172816879660951,1.781904617944306,0.8600894128598419,0.11312583536420462,500,2.0,2,23
2.165932491023371,2.0973121861437947,1.7028713451457052,0.7987635135660474,-0.06862030487957638,500,2.0,2,24
1.9981256590999008,2.210994155244797,1.7317817623237406,0.7689434291199302,0.2128684961448961,500,2.0,2,25
1.9556835510730874,2.0716186622411543,1.697548495730434,0.764925307310276,0.11593511116806687,500,2.0,2,26
2.051520997515651,1.9540397443556707,1.6018327154729974,0.655693368977372,-0.09748125315998024,500,2.0,2,27
2.0472795230994367,2.0575579756404934,1.5581788770126392,0.7372328757128985,0.010278452541056637,500,2.0,2,28
1.93093570109181,1.9183518896807012,1.5768162780247255,0.8423265670191074,-0.012583811411108758,500,2.0,2,29
2.1495527337066567,2.064133209877619,1.6426486969273904,0.8105250262213958,-0.08541952382903784,500,2.0,2,30
1.9561302617257295,1.8411436555488059,1.5050154089770391,0.8111534470535978,-0.11498660617692358,500,2.0,2,31
1.949918164347039,2.153291478709818,1.718605470249519,0.8926226918140623,0.20337331436277895,500,2.0,2,32
1.9833486957752886,2.387845995479983,1.8914716220076047,0.709883946654678,0.4044972997046943,500,2.0,2,33
2.1425815489473434,1.9220908558862686,1.5474891883857882,0.7218462066507474,-0.22049069306107483,500,2.0,2,34
2.002783477402521,2.02811178374645,1.6497188014559958,0.6928718160484282,0.025328306343928908,500,2.0,2,35
1.9823700636226043,2.303434643989527,1.8474700175722425,0.7868690292727394,0.32106458036692254,500,2.0,2,36
1.8608358125769773,1.9129294890988837,1.5221616710897774,0.7954484005755172,0.05209367652190644,500,2.0,2,37
1.984492189567853,2.2683541536207734,1.8265902498624242,0.8098040075286694,0.2838619640529205,500,2.0,2,38
1.971796897969472,1.961786758093943,1.5499990552341583,0.854989563876204,-0.010010139875529012,500,2.0,2,39
1.9555609267098424,1.843109653921942,1.5579483110421453,0.8801281835970728,-0.11245127278790035,500,2.0,2,40
1.8601804508804434,2.0984122168143124,1.717641589636105,0.7421784481877651,0.23823176593386908,500,2.0,2,41
1.9994955223921698,1.7665272688973788,1.407084921945656,0.8013931605976654,-0.232968253494791,500,2.0,2,42
2.0297360614076685,2.101601201556523,1.7322286992806417,0.783722404266183,0.07186514014885459,500,2.0,2,43
2.102072830359398,1.8663791952471738,1.5073615620174863,0.7833178778970418,-0.23569363511222408,500,2.0,2,44
2.0440290963925385,1.8695654977484566,1.510428026593582,0.8283871272193044,-0.1744635986440819,500,2.0,2,45
1.962106075681107,1.9934440992464335,1.5752400875805341,0.8043614709054873,0.031338023565326445,500,2.0,2,46
2.1180992215939645,1.9295371103555472,1.5076735674806294,0.8296366759569427,-0.18856211123841726,500,2.0,2,47
1.877045663680213,1.8897642031592392,1.5689775582794427,0.8757562556958967,0.012718539479026125,500,2.0,2,48
1.9164847361240367,1.8273725758150856,1.4085059002312728,0.7806520819555541,-0.08911216030895108,500,2.0,2,49
2.092627540637181,2.010145169257465,1.61832557800393,0.8646715093330961,-0.08248237137971604,500,2.0,2,50
2.0064461163075116,1.893966746728476,1.4797974039691664,0.8312527030671322,-0.11247936957903559,500,2.0,5,1
1.9489772957392166,2.3542583385058227,1.9116329234412643,0.7948371594805617,0.40528104276660604,500,2.0,5,2
1.862931181316402,2.0189538466041372,1.6686240787005149,0.7838638832817145,0.15602266528773523,500,2.0,5,3
1.8791190113432887,2.1921364111500075,1.698645129848428,0.813907632162866,0.3130173998067187,500,2.0,5,4
1.9760413113276267,2.1254712998837797,1.7424773557797528,0.8269728706451145,0.14942998855615297,500,2.0,5,5
1.988465400091891,2.039761037711505,1.6145496293111241,0.8084805927273933,0.051295637619613865,500,2.0,5,6
1.9811760987637195,2.03245067348157,1.641791362517564,0.7664323583442991,0.05127457471785046,500,2.0,5,7
2.0384412978661346,2.0223166735355,1.5886241841883473,0.7234650747547247,-0.016124624330634774,500,2.0,5,8
2.027339804578951,1.8949976310863443,1.5340968093472163,0.6939945653979398,-0.13234217349260669,500,2.0,5,9
2.062996273377851,2.047307235261689,1.6530463092004788,0.7122303403383399,-0.01568903811616229,500,2.0,5,10
2.002055110276724,2.1315802337197525,1.72915968733594,0.7276063392592712,0.12952512344302836,500,2.0,5,11
1.9943205240969373,1.984625282753833,1.5902700792735402,0.8078224855373972,-0.009695241343104177,500,2.0,5,12
1.9962321483917118,2.066677808367613,1.6004381361531204,0.7439666684654762,0.07044565997590135,500,2.0,5,13
2.011008908906337,1.9246060130351137,1.5423342749787823,0.8198286939907746,-0.08640289587122352,500,2.0,5,14
1.8164050133124867,2.2367617131429243,1.719069608110233,0.8057593826433684,0.42035669983043755,500,2.0,5,15
2.0328034692777885,1.8456365544012,1.4928118567575688,0.7593630438389715,-0.18716691487658865,500,2.0,5,16
1.8398223053948746,2.935340024678775,1.9862740143387645,0.7989439244873029,1.0955177192839005,500,2.0,5,17
2.096468928766771,2.2565804957875932,1.80242194558994,0.8058093823353013,0.1601115670208224,500,2.0,5,18
2.086043552674959,1.9515883955769224,1.5718036778216466,0.7436272737749369,-0.13445515709803635,500,2.0,5,19
2.032156866719845,1.8653447009429247,1.5355791536175634,0.8813862257011802,-0.16681216577692015,500,2.0,5,20
1.9983479461560631,2.1141383942523833,1.5901972319074917,0.8017719956439336,0.11579044809632011,500,2.0,5,21
1.9441324458179132,2.1006797971530426,1.6626614602539376,0.8175779748649127,0.15654735133512943,500,2.0,5,22
1.9167146008792184,1.8502880485874933,1.490026857746062,0.8208261924338915,-0.06642655229172512,500,2.0,5,23
1.9012049917274412,1.954229526065871,1.520303776668793,0.7639291434097404,0.05302453433842991,500,2.0,5,24
2.0818460862894885,1.8913228508223938,1.5105510972013059,0.8534054838667001,-0.1905232354670947,500,2.0,5,25
1.9702753269760933,2.0987891753931285,1.6437830161623685,0.816138889492803,0.12851384841703517,500,2.0,5,26
1.9075791823579853,1.8566368144186367,1.5278163442830177,0.7414864120238385,-0.05094236793934859,500,2.0,5,27
1.9717476384221422,1.914676822696729,1.5140881324262918,0.8734707957209691,-0.05707081572541317,500,2.0,5,28
1.8616415419593995,1.9553076975293968,1.564292437266231,0.8239237320785787,0.09366615556999736,500,2.0,5,29
1.8915034664450023,1.870169159277122,1.4657121954824706,0.8384691866208401,-0.02133430716788043,500,2.0,5,30
1.9063651092478369,2.137683461864894,1.756822926362696,0.7416400610510271,0.23131835261705702,500,2.0,5,31
2.126895043849677,2.169792586211533,1.6277535632413151,0.6608803066823902,0.042897542361855834,500,2.0,5,32
1.94073438202822,1.9834139967082443,1.6384366768407768,0.8076453120959038,0.04267961468002435,500,2.0,5,33
1.9747317620164566,1.948131719281035,1.5788185273284947,0.8034044191576135,-0.026600042735421603,500,2.0,5,34
1.9497485934358452,1.88609329339087,1.5000829556255673,0.7700560553094413,-0.0636553000449751,500,2.0,5,35
2.0566024779815244,1.901810796381654,1.5430509442311526,0.7114523579255119,-0.15479168159987045,500,2.0,5,36
1.996822198770535,2.368425442833687,1.93151808602948,0.7564431635742084,0.3716032440631518,500,2.0,5,37
2.0647054922088173,2.2781964650930293,1.8495678950524803,0.8647019013937893,0.21349097288421204,500,2.0,5,38
2.053403146648478,1.9543741034915825,1.5443282787495196,0.8719390680580936,-0.09902904315689565,500,2.0,5,39
1.9656899581087524,2.0566470326241157,1.594264445440697,0.7971534275961842,0.09095707451536339,500,2.0,5,40
1.9188163077098392,2.1127370388537883,1.6816612443497743,0.7801791550212427,0.19392073114394903,500,2.0,5,41
1.9338176254972874,1.9744686630129784,1.5825419172373132,0.8040692995029219,0.04065103751569099,500,2.0,5,42
2.135802629672938,2.186909534647683,1.8177716387607563,0.7956165030340043,0.05110690497474479,500,2.0,5,43
2.0754836860926673,1.861845976656325,1.4927998437491103,0.8660277633057469,-0.21363770943634242,500,2.0,5,44
1.9735394247935454,2.067603928505154,1.5737861194396074,0.7487008958417065,0.0940645037116088,500,2.0,5,45
1.9771015292303205,2.000581809025455,1.6736870132566382,0.8227779849153565,0.023480279795134562,500,2.0,5,46
1.8307272828927736,2.089654247682474,1.61665105390189,0.8161789697044679,0.25892696478970034,500,2.0,5,47
1.9547290437540719,1.7642981688093566,1.453927823988458,0.8022179201097694,-0.19043087494471522,500,2.0,5,48
2.098240574230396,1.7640195728240595,1.4057701014438673,0.8842945602077575,-0.33422100140633626,500,2.0,5,49
1.9261577632264986,2.0893306222592134,1.7657367106937216,0.8025586528542594,0.16317285903271483,500,2.0,5,50
1.9796329541101043,2.069628698887354,1.6363626674527898,0.8001386515036534,0.0899957447772497,500,2.0,10,1
2.042543435709751,2.710211834042446,1.992970442784043,0.670205047249203,0.6676683983326948,500,2.0,10,2
1.9875348197206197,2.1643971617076008,1.7180409633431797,0.6525641114415288,0.17686234198698103,500,2.0,10,3
1.9892302504252095,2.569255528761274,1.7816250413996946,0.6125625614010564,0.5800252783360644,500,2.0,10,4
2.0084676732475417,1.9816542330262152,1.567806275308493,0.8529013810437042,-0.02681344022132648,500,2.0,10,5
1.9676238565999231,2.177601028404598,1.7451068464135426,0.7788174495470348,0.2099771718046748,500,2.0,10,6
1.8379281128111342,189.54629106605583,20.532920429014666,-844.8833768934031,187.7083629532447,500,2.0,10,7
1.9909073811743077,2.0878987280251233,1.7017115058541339,0.8285063713560579,0.09699134685081567,500,2.0,10,8
1.9684315505865086,2.1444800740170415,1.780279071620959,0.807046434830851,0.1760485234305329,500,2.0,10,9
2.0166254706037043,1.9434698047621992,1.5209642014007114,0.8168988626580804,-0.07315566584150512,500,2.0,10,10
2.027475641080802,1.854901030766217,1.4507051118215109,0.8027141407155193,-0.1725746103145851,500,2.0,10,11
2.0253341673399357,1.8334108901382438,1.436480675796932,0.845476580627495,-0.1919232772016919,500,2.0,10,12
1.9564444486617536,1.811940442683828,1.4717771603716436,0.8578565303106562,-0.14450400597792568,500,2.0,10,13
1.9506660037415708,1.8202504197667266,1.4154679632044442,0.7119594930729111,-0.1304155839748442,500,2.0,10,14
1.9202845418579397,2.2893304677182487,1.8574585404947428,0.8203175255954155,0.36904592586030893,500,2.0,10,15
1.9439941363880324,2.0593306822472153,1.5980840411387076,0.8283730523715609,0.11533654585918285,500,2.0,10,16
1.9261777176657575,1.8892795508818148,1.563748953450544,0.7685780210309239,-0.036898166783942754,500,2.0,10,17
1.9774149089911337,1.850176736120284,1.510361114915134,0.7742898129287428,-0.1272381728708496,500,2.0,10,18
2.0476090099108504,1.9162397145776233,1.5826265590928568,0.7668484507519544,-0.13136929533322705,500,2.0,10,19
1.973152403134182,2.0814179982275687,1.6114402079184669,0.8745219806482456,0.10826559509338662,500,2.0,10,20
2.023680209297342,1.8865857646956175,1.4963488547447965,0.8291939554305967,-0.13709444460172437,500,2.0,10,21
2.0361069762104633,2.0157931263498123,1.559962125579892,0.8606054554284497,-0.02031384986065099,500,2.0,10,22
1.9698880778669172,1.842674975415805,1.436462021721062,0.8369805936357967,-0.12721310245111228,500,2.0,10,23
1.9707148699084982,2.043370016550835,1.6580253110888177,0.712718451010328,0.07265514664233663,500,2.0,10,24
2.005955970094953,2.711336078139947,1.8201188527662393,0.6468947742539166,0.7053801080449942,500,2.0,10,25
2.0148265253426825,2.6931617686767577,1.8128955734675376,0.5539289188300933,0.6783352433340752,500,2.0,10,26
1.9489544427035,1.931797909869084,1.5686219972828674,0.8248887490334917,-0.017156532834415872,500,2.0,10,27
1.964667889896691,1.9329937797211982,1.568765218230356,0.7622914405492385,-0.03167411017549271,500,2.0,10,28
1.9753166112177212,2.2624481544681028,1.8588467048436854,0.7939781299974031,0.2871315432503816,500,2.0,10,29
2.0367626621514074,50.34785450271435,6.574852197524162,-70.74522655202878,48.31109184056294,500,2.0,10,30
2.032554979886795,1.7942247922423515,1.3635469340972448,0.8212039677252261,-0.23833018764444347,500,2.0,10,31
1.973992917835926,2.011661800777625,1.6898496635589912,0.7923439472691807,0.0376688829416989,500,2.0,10,32
2.0717033626559895,2.4917371783288615,1.7358994650650894,0.7933695425565578,0.420033815672872,500,2.0,10,33
1.989633834570133,2.5401649336960266,1.6604506366163614,0.6297718326600616,0.5505310991258936,500,2.0,10,34
1.9446627584550722,2.0797865081100397,1.6785403899213132,0.8218923322156737,0.13512374965496754,500,2.0,10,35
2.1067305482030716,1.8071985837016775,1.4293112294472294,0.755050703144555,-0.2995319645013941,500,2.0,10,36
2.03059807089451,2.0434388667783314,1.6472287790885867,0.7435597075348023,0.012840795883821254,500,2.0,10,37
1.8375375655330082,2.03215795131568,1.6714700668014961,0.7925035267668565,0.1946203857826716,500,2.0,10,38
1.8709163132801236,4.694726930019671,2.0914203034460312,0.16129202501366913,2.8238106167395474,500,2.0,10,39
2.0460207131746624,1.7231737861982122,1.3559639567295805,0.7792003756149608,-0.32284692697645023,500,2.0,10,40
1.9577157540874686,3.168777541038907,1.8157895231743015,0.1851884208771407,1.2110617869514384,500,2.0,10,41
2.0167392190294753,1.8158438207439653,1.4648910082317748,0.8106967177166505,-0.20089539828550995,500,2.0,10,42
2.0379698593577693,2.1664432606001096,1.7718648466919023,0.7149776654126294,0.1284734012423403,500,2.0,10,43
2.1263901402348657,2.312203609793887,1.8072384019894625,0.7130613013737864,0.18581346955902145,500,2.0,10,44
2.006007129334853,1.9272503017392102,1.5427326873911802,0.7877152072160054,-0.07875682759564273,500,2.0,10,45
1.8700986778592423,2.049717078561809,1.6734911740273448,0.8631684654784446,0.17961840070256652,500,2.0,10,46
2.0248388090956957,2.0850621396210527,1.719256551404396,0.83483021990205,0.060223330525357,500,2.0,10,47
2.036013071398026,1.6251435696849128,1.3240464435437687,0.8385823699133403,-0.410869501713113,500,2.0,10,48
1.9771289504990095,2.0773019691337047,1.6539790131076715,0.8153669073682478,0.10017301863469519,500,2.0,10,49
1.9536596322340127,1.9870823712777221,1.574098828136143,0.7055813317519173,0.033422739043709404,500,2.0,10,50
5.539275418288203,6.2510449584262995,4.966372896940292,0.2926830798839656,0.7117695401380963,500,5.0,1,1
5.64151543282621,5.992783522002102,4.600164098597504,0.20628171400622475,0.3512680891758926,500,5.0,1,2
5.882029130092538,6.123325084456571,4.775984936337826,0.10429699287706107,0.24129595436403317,500,5.0,1,3
5.669217178475966,5.309488868502296,3.9472716971792,0.24142430946252735,-0.35972830997367033,500,5.0,1,4
5.503718423649134,5.365032669304681,4.350594114775024,0.2964119735582872,-0.1386857543444524,500,5.0,1,5
5.864776147051963,6.1637998959785465,5.085983857592498,0.22213766440467586,0.2990237489265839,500,5.0,1,6
5.779042054892368,5.546848233866909,4.306371707164377,0.2540517758870555,-0.2321938210254597,500,5.0,1,7
5.612997565662094,5.573007198896307,4.565299719122427,0.2162713109258384,-0.039990366765787044,500,5.0,1,8
5.778385622451181,6.473568408055192,4.752099004602587,0.250440765483924,0.6951827856040103,500,5.0,1,9
5.804143331521051,5.492903002370729,4.524577307307181,0.30439162812374754,-0.31124032915032274,500,5.0,1,10
5.499028728808926,6.183161032455638,5.04498942763046,0.14159213201276877,0.6841323036467122,500,5.0,1,11
5.673467940686085,5.886686713432887,4.3693640535457945,0.30193860884684287,0.213218772746802,500,5.0,1,12
5.406392225079714,4.772326607903317,3.6826228871811257,0.2038045086315936,-0.6340656171763976,500,5.0,1,13
5.719420165675832,6.515386061853199,4.982710734928287,0.025457445570372994,0.7959658961773677,500,5.0,1,14
5.543382698200202,5.918666832420668,4.482228435031293,0.03411605005007545,0.37528413422046647,500,5.0,1,15
5.425481301730965,5.938808433451655,4.30516963400534,0.2157248669301125,0.5133271317206898,500,5.0,1,16
5.904172248396315,6.037565311026114,4.487172311547581,-0.04481433592542028,0.133393062629799,500,5.0,1,17
5.374962309782209,5.424122733682475,4.187650542322768,0.17318993310330233,0.04916042390026654,500,5.0,1,18
5.914402767899433,5.404614992760667,4.350592034814723,0.29385426212425403,-0.5097877751387658,500,5.0,1,19
5.90388262259121,6.10418044409801,4.982827326116451,0.2099347522345586,0.2002978215068003,500,5.0,1,20
6.173599529455778,5.814632530409575,4.560855680772748,0.24466338708440616,-0.3589669990462028,500,5.0,1,21
5.942781504801162,4.879316878304826,3.859980195026559,0.19014188758393302,-1.0634646264963354,500,5.0,1,22
5.882481029069892,6.1892458929937835,4.832006647687696,0.03681344535901454,0.3067648639238918,500,5.0,1,23
5.60844741247619,5.47767326059633,4.559970844977399,0.2173078689597544,-0.1307741518798604,500,5.0,1,24
5.952271883908596,5.71243979061879,4.554772883531103,0.1440850950665773,-0.23983209328980593,500,5.0,1,25
5.88073797923664,5.788569089092916,4.481442343465438,0.09549688009424684,-0.09216889014372409,500,5.0,1,26
5.419062913801721,5.659478265891742,4.646821562273383,0.08172408137954756,0.24041535209002163,500,5.0,1,27
6.172305052316963,5.821541743725049,4.7079132609889465,0.261594562912686,-0.3507633085919135,500,5.0,1,28
5.686489638143472,5.431135392902608,4.303240831864745,-0.02072821839750638,-0.2553542452408646,500,5.0,1,29
5.93153010532633,5.669888831613125,4.4475469668850085,0.1566305408243709,-0.261641273713205,500,5.0,1,30
5.912260294472615,5.685934767184206,4.337055061201459,0.3078990508036139,-0.2263255272884086,500,5.0,1,31
6.101186004388325,4.899301780700829,3.981702112948071,0.183061020909003,-1.2018842236874958,500,5.0,1,32
5.483985400679008,6.130905180536023,4.46368694619442,0.29894127854678676,0.646919779857015,500,5.0,1,33
6.03705505061079,5.572222269588967,4.519952553706198,0.3285557389301853,-0.4648327810218227,500,5.0,1,34
5.900642711002809,6.06891228995825,4.845462275984416,0.2868790306926018,0.16826957895544137,500,5.0,1,35
6.274307329276483,5.171521907476772,4.2667516650478925,0.13325226920650024,-1.1027854217997106,500,5.0,1,36
5.586864939344705,5.004326295878932,3.961896377514036,0.25139421252712635,-0.5825386434657736,500,5.0,1,37
5.481669151893774,6.048778108711494,4.80702663608455,0.10002006557276122,0.5671089568177194,500,5.0,1,38
5.825856222186545,5.629321334132616,4.6881972259178735,0.2499548203234473,-0.19653488805392882,500,5.0,1,39
5.356150130402431,6.220250923068214,4.847551262299868,0.1477462298746537,0.8641007926657833,500,5.0,1,40
5.731383812141334,5.341331490845978,4.372811617623691,0.1705605698345365,-0.3900523212953555,500,5.0,1,41
5.880753687551902,5.815666915333394,4.361705525014894,0.2623381624468789,-0.06508677221850778,500,5.0,1,42
5.892554264163774,5.89389214413298,4.529777682320972,0.24772061543772905,0.0013378799692063126,500,5.0,1,43
5.800529384703208,4.940329583653753,3.9916584179736287,0.24977785746640435,-0.8601998010494549,500,5.0,1,44
5.754365981281929,5.445763983417079,4.348016403557847,0.2770581049169054,-0.30860199786485065,500,5.0,1,45
5.915397015403362,5.715314335417355,4.65649975066963,0.28114077223176903,-0.20008267998600715,500,5.0,1,46
5.923382730207259,5.308058799224971,4.172891980359824,0.1802779421484333,-0.6153239309822887,500,5.0,1,47
5.4252582572250745,5.5589230478379115,4.42067043342002,0.2112592140385443,0.13366479061283698,500,5.0,1,48
5.2752400568204765,5.350995928402096,4.19844245087493,0.2693979456778267,0.07575587158161934,500,5.0,1,49
5.764221439499078,5.712416479100645,4.535788305475272,0.23852139102506598,-0.05180496039843341,500,5.0,1,50
4.723782844684693,5.746417179130584,4.459135361388488,0.12529980859374945,1.0226343344458915,500,5.0,2,1
4.943669196076013,4.594210251035775,3.770824007644311,0.43357894816327813,-0.34945894504023833,500,5.0,2,2
4.799538181806228,4.832983718410168,3.9868689295431365,0.3971334228025186,0.03344553660394034,500,5.0,2,3
4.980673369663333,4.975845515321971,4.063576671827666,0.22025355935509383,-0.0048278543413617925,500,5.0,2,4
5.005706988946805,4.943737376588516,4.024622813878059,0.5287389435114143,-0.061969612358288906,500,5.0,2,5
4.686411479045822,5.658670559126305,4.435219189390983,0.5735948975432661,0.9722590800804829,500,5.0,2,6
5.180412802433804,4.73626803322214,3.885161179913489,0.3821531137339895,-0.4441447692116647,500,5.0,2,7
5.338096066430045,4.8646129047613895,3.7231297648558836,0.2221146797103648,-0.47348316166865523,500,5.0,2,8
4.995329340117274,4.910463683064983,3.972850602622861,0.2733820631093815,-0.08486565705229054,500,5.0,2,9
5.178754409183416,4.915657766014419,3.971865384300328,0.2709837171539754,-0.2630966431689963,500,5.0,2,10
4.896107812732949,4.805403272477719,3.8518918511290976,0.3313049987207787,-0.09070454025523045,500,5.0,2,11
5.029798040205266,5.443193794465534,4.335726707982006,0.17872535490465424,0.413395754260268,500,5.0,2,12
4.930912497732419,5.129668686266205,4.050914756327731,0.45102189738093756,0.1987561885337863,500,5.0,2,13
5.048617907754435,5.182533039056091,4.1206282543248,0.49645201684852447,0.13391513130165578,500,5.0,2,14
4.778134283987698,4.958219041487432,3.836633128200178,0.45929906397336284,0.18008475749973396,500,5.0,2,15
4.830866898091878,4.837967639696424,3.7457616159956286,0.36450008632541675,0.007100741604546101,500,5.0,2,16
5.11873832872426,5.183123763007231,3.9235082205949046,0.34081337635562736,0.06438543428297105,500,5.0,2,17
4.905983817643919,5.129776104602558,4.261026549958792,0.3476587417154362,0.2237922869586395,500,5.0,2,18
4.828283535062966,4.595904738015147,3.7646104581556847,0.4597460893621569,-0.2323787970478195,500,5.0,2,19
4.93680180937633,4.990060296957629,3.951365956828443,0.3275910199087234,0.053258487581298475,500,5.0,2,20
5.014093588828826,5.461837495094797,4.443914061969491,0.22976552502870018,0.4477439062659716,500,5.0,2,21
5.02925914002143,5.565852898072919,4.309933458734807,0.34025073244214676,0.536593758051489,500,5.0,2,22
4.777212923825965,5.103982428841087,4.227636560384313,0.413079171865542,0.3267695050151227,500,5.0,2,23
5.276865578568959,5.751019399093731,4.778322858564832,0.5027962983570701,0.47415382052477195,500,5.0,2,24
4.727674121299143,5.000923298376315,4.081103755127483,0.47441815157323364,0.27324917707717233,500,5.0,2,25
4.9294903699534425,4.955472042960122,3.9957027434131565,0.5132613080149693,0.02598167300667953,500,5.0,2,26
5.164561575666826,4.87546244973192,3.9590795273499104,0.6164731679000266,-0.2890991259349063,500,5.0,2,27
4.785068765801159,5.2352369284023865,4.2151755853548805,0.47177442212434917,0.4501681626012273,500,5.0,2,28
5.188055014613304,4.808808010002598,3.908844975148209,0.46253089766323896,-0.37924700461070593,500,5.0,2,29
4.984030965740975,4.570964824260894,3.7630240788942904,0.47883401318981167,-0.4130661414800807,500,5.0,2,30
4.484845293610451,4.923069316666157,3.998346114044569,0.5385698178554965,0.4382240230557066,500,5.0,2,31
5.320764917248637,4.68685284885868,3.6632134883126177,0.24765958090365225,-0.6339120683899564,500,5.0,2,32
4.986655643498842,5.4299814171874665,4.3007266202823935,0.3925329259350373,0.4433257736886249,500,5.0,2,33
5.053763034054278,5.574861206306042,4.371682888149377,0.3477510151996154,0.5210981722517642,500,5.0,2,34
4.948198154493385,4.572725219270674,3.584845323808028,0.6410183692344277,-0.3754729352227111,500,5.0,2,35
4.878760378671139,4.92936970267864,4.098952831436898,0.37077098796280106,0.0506093240075014,500,5.0,2,36
5.272824685457223,4.735805166764831,3.9425437018312794,0.33433380608498,-0.5370195186923921,500,5.0,2,37
4.78555703900687,4.322536175170308,3.3713335776485436,0.5237907690046117,-0.4630208638365616,500,5.0,2,38
4.925439787078286,4.93724817233596,3.9094902880873743,0.41331066000196903,0.011808385257674026,500,5.0,2,39
4.9261518972064415,5.875899089766721,4.649217008965706,0.3626435687563466,0.9497471925602792,500,5.0,2,40
5.2150400679621844,4.988582008575987,4.130716280502528,0.2838314331111177,-0.22645805938619734,500,5.0,2,41
4.865015440329326,4.313486384457702,3.405571961200288,0.5455636875883376,-0.5515290558716242,500,5.0,2,42
4.920448099022471,4.3968406956718304,3.456663691025447,0.39895297802183394,-0.5236074033506402,500,5.0,2,43
5.097849160698225,5.449933766342398,4.450993332136178,0.3210836728296875,0.35208460564417354,500,5.0,2,44
5.154876669023173,4.972820525589291,3.968166880855944,0.4018326069690801,-0.18205614343388188,500,5.0,2,45
4.956698685744519,4.603714797966512,3.754416504866875,0.28964783978811837,-0.3529838877780076,500,5.0,2,46
4.774608792887047,4.754259408845488,3.7020376690202204,0.299181040447844,-0.02034938404155895,500,5.0,2,47
4.938545577085658,4.381959006150154,3.5870130799591906,0.4860602952135211,-0.5565865709355036,500,5.0,2,48
4.842035456905867,4.566785714373771,3.697138748494417,0.4643290754279019,-0.2752497425320959,500,5.0,2,49
4.932129408722031,5.080013449942307,4.103795145823924,0.368497226018176,0.14788404122027554,500,5.0,2,50
4.88310820862019,4.95403948888529,4.094068135159109,0.3769129155152595,0.07093128026510076,500,5.0,5,1
5.418476759069478,5.324107401527689,4.257899401496669,0.3415917233023943,-0.09436935754178855,500,5.0,5,2
5.333869975289832,5.761371814739928,4.404820579336793,0.47797910383717146,0.42750183945009645,500,5.0,5,3
4.842440922149055,5.388250591251014,4.462486057268672,0.37606518062790106,0.5458096691019589,500,5.0,5,4
5.2200917263659905,4.3871714193786815,3.607395365189002,0.2995304463665224,-0.832920306987309,500,5.0,5,5
5.1189829048983935,5.077230907542567,4.115382458023261,0.39423120807266865,-0.04175199735582691,500,5.0,5,6
4.789389723353747,5.322550204643328,4.212577386980904,0.36492561481276176,0.5331604812895812,500,5.0,5,7
4.919658101326015,4.979764515181021,3.8770906659893343,0.415195093245577,0.06010641385500559,500,5.0,5,8
4.837639362246586,4.562981177965234,3.8809129826462954,0.20774280976869586,-0.2746581842813516,500,5.0,5,9
4.992119318356323,5.064638928644707,4.104823576469195,0.16942764172323033,0.07251961028838405,500,5.0,5,10
4.946482010030316,4.827434419122414,3.7877117725596725,0.3511644016609988,-0.1190475909079014,500,5.0,5,11
4.930385275004176,4.830905836657599,3.838109230509651,0.3807187662008429,-0.09947943834657735,500,5.0,5,12
4.887354367947522,5.012167862125716,4.040984411705546,0.3819069561964863,0.12481349417819398,500,5.0,5,13
4.973591479960951,6.052082928234185,4.923197628759598,0.24278045878378562,1.0784914482732342,500,5.0,5,14
5.1851459214590845,5.380373424132566,4.192379808296088,0.3451472555604005,0.19522750267348155,500,5.0,5,15
4.876368967887452,4.645415796744509,3.6335214155150948,0.49147415956707063,-0.2309531711429429,500,5.0,5,16
5.110439788368686,5.169941793098919,3.9585195067090444,0.4172984876357342,0.05950200473023237,500,5.0,5,17
5.0913425754324715,4.657712405746242,3.8035445952047233,0.5652590516640992,-0.43363016968622947,500,5.0,5,18
4.895315531732199,4.585675087318701,3.83810926054305,0.2805100681039251,-0.3096404444134979,500,5.0,5,19
4.828003118177923,5.135989961768322,3.9348234986042403,0.33145093966324024,0.30798684359039896,500,5.0,5,20
5.13571880858682,4.994726940919434,4.01136924283913,0.3316418314386905,-0.14099186766738647,500,5.0,5,21
5.076131195877598,5.155282445517721,4.162905279255985,0.26683070569056955,0.07915124964012321,500,5.0,5,22
4.730960316862666,5.02937260846058,4.080736461939778,0.3572481332182815,0.2984122915979137,500,5.0,5,23
5.059397574583887,5.474336230050439,4.428846961948552,0.324138204322013,0.4149386554665524,500,5.0,5,24
4.7241563627199765,5.2752531734287675,4.264182685033042,0.17613550588552063,0.551096810708791,500,5.0,5,25
5.054638266129131,5.9149351613659205,4.872626606548349,0.37891698698822696,0.8602968952367895,500,5.0,5,26
5.1078052281665,4.509874512900515,3.5764000119411072,0.48996397531284175,-0.597930715265985,500,5.0,5,27
5.279102678713304,5.555073667128451,4.6442732064843595,0.38496005827530677,0.2759709884151471,500,5.0,5,28
4.90364642304968,4.806852763346786,3.9048547588566787,0.22587875685456837,-0.096793659702894,500,5.0,5,29
5.098045489325814,5.313991495291213,4.185383693248096,0.36997646777426507,0.21594600596539948,500,5.0,5,30
4.738859930195645,4.8411287895701784,3.731692498426475,0.10621160762397286,0.10226885937453378,500,5.0,5,31
4.928103421960418,4.84115172630948,3.888210812940562,0.3815083102285993,-0.08695169565093774,500,5.0,5,32
4.813617990651319,6.183430297418919,4.100111207210038,0.2291921263941218,1.3698123067676002,500,5.0,5,33
5.018381919399828,4.632092275544695,3.7140933831244434,0.561843604352227,-0.3862896438551333,500,5.0,5,34
4.825310899538199,4.605107271883185,3.7126344571341208,0.37524908193381634,-0.2202036276550139,500,5.0,5,35
5.115565071172687,5.177797784519825,4.244685008955438,0.3568169745448061,0.06223271334713765,500,5.0,5,36
4.797624075831216,5.492972445390249,4.308052092359788,0.28495392197415303,0.6953483695590332,500,5.0,5,37
4.793451586309698,4.852551446429758,3.9347983976442924,0.56612964751227,0.0590998601200603,500,5.0,5,38
4.969933434344667,4.76778251441711,3.878248731967571,0.42193008504728857,-0.20215091992755685,500,5.0,5,39
5.0648027288452635,5.000926797726474,3.863132212601622,0.4492074085822092,-0.06387593111878953,500,5.0,5,40
5.021542121204634,4.84252499040798,3.9582715852225725,0.5015754583392151,-0.17901713079665438,500,5.0,5,41
4.754884529832475,4.998503196308355,3.8112064129731236,0.5896096241426665,0.2436186664758795,500,5.0,5,42
5.033636004008459,5.266600572907221,4.13256559621897,0.1540348540853902,0.23296456889876183,500,5.0,5,43
4.946042671609774,4.856118019314366,3.8023477752537285,0.3504774323416978,-0.08992465229540869,500,5.0,5,44
4.962675813987645,5.952946336127811,4.794658765005533,0.07975497024880773,0.9902705221401655,500,5.0,5,45
5.08346929599771,5.572654498444644,4.515347834602923,0.3680312466919907,0.48918520244693386,500,5.0,5,46
5.02558514845126,5.526231228433764,4.406593356196459,0.1734333906971749,0.5006460799825039,500,5.0,5,47
4.754947196206974,4.961466220531259,3.914344806450834,0.44961684516405687,0.20651902432428493,500,5.0,5,48
4.693889363486823,5.085755647095239,4.1234685566382145,0.2673949179124978,0.39186628360841613,500,5.0,5,49
5.012689977002544,5.080609544823245,4.131494371300245,0.56825731454372,0.06791956782070141,500,5.0,5,50
4.660068526467962,4.931600096406959,3.931460217825387,0.44649231149551816,0.27153156993899685,500,5.0,10,1
4.940256070181637,5.143009745821518,4.192249856832428,0.25371305641109543,0.20275367563988045,500,5.0,10,2
5.029958336607301,5.238973948801656,4.189894996063287,0.4274102812180339,0.20901561219435472,500,5.0,10,3
5.274342000448835,4.84044644977324,3.87444897518202,0.22771784784839721,-0.4338955506755946,500,5.0,10,4
4.835540431935005,5.882706464612884,3.8950561731809734,-0.14184520999975136,1.0471660326778789,500,5.0,10,5
5.076977693077108,5.249483730719941,3.9542202506916273,0.1018591823663455,0.17250603764283312,500,5.0,10,6
4.893442529511074,79.22096260000927,11.859417160121259,-128.93128239998336,74.3275200704982,500,5.0,10,7
4.8138983037835334,5.128437295437672,3.9756791522273964,0.3980870189451078,0.3145389916541381,500,5.0,10,8
4.794951746696735,4.548033306757006,3.6303078479395587,0.29685535249481476,-0.24691843993972906,500,5.0,10,9
5.078641990208543,3.9214430976297403,3.150751405361585,0.5629026921669433,-1.1571988925788026,500,5.0,10,10
4.795505400415787,4.660924037954732,3.7991109170140414,0.39966647023973356,-0.1345813624610548,500,5.0,10,11
4.86602866762755,18.568658652412026,6.088888915652255,-6.185846811129591,13.702629984784476,500,5.0,10,12
4.960944951457929,4.678441877356056,3.61260480614688,0.4456477998283329,-0.28250307410187325,500,5.0,10,13
5.239046547471005,39.66382817370212,8.746020401683095,-31.069291024214294,34.424781626231116,500,5.0,10,14
5.138308955787785,5.316136545478886,4.475485569030979,0.4273699204811636,0.17782758969110102,500,5.0,10,15
4.8866490131008264,4.305256715693702,3.368560812993369,0.42845268834735795,-0.5813922974071248,500,5.0,10,16
4.97551349879169,4.864687545753847,3.8826662081759027,0.3866961836245064,-0.1108259530378426,500,5.0,10,17
4.79303227349684,5.111727802983309,4.004054817002424,0.33503139663004144,0.31869552948646973,500,5.0,10,18
4.857666244114222,4.627536165637522,3.577199385964862,0.22569119775496183,-0.23013007847670064,500,5.0,10,19
4.820438204050012,5.158365988345322,4.3628073820915345,0.37508847896747277,0.3379277842953101,500,5.0,10,20
5.135791994805651,4.888989654526682,3.9417646292270856,0.3092960143925787,-0.2468023402789692,500,5.0,10,21
4.730429751436809,5.050982177072494,3.98228023692411,0.3699044064194894,0.3205524256356851,500,5.0,10,22
4.922309140412465,4.80069027836896,3.9881923211722734,0.25262432839710536,-0.1216188620435048,500,5.0,10,23
4.551585964688209,4.588652713653684,3.7814557157318776,0.6094079945181421,0.03706674896547568,500,5.0,10,24
5.085998484734517,4.928703115251827,4.010882413234166,0.4251848934758844,-0.15729536948269018,500,5.0,10,25
5.07268581681661,48.17400992465726,8.655526942710146,-27.180898632720883,43.101324107840654,500,5.0,10,26
4.783450570787045,4.950240726819977,4.175790404135616,0.3517803191966017,0.16679015603293124,500,5.0,10,27
4.797167838093666,4.860770221773,3.7012305084947443,0.25510645858467607,0.06360238367933402,500,5.0,10,28
4.615306092399374,7.559329203177583,4.745618513938083,-0.3604657616382694,2.9440231107782093,500,5.0,10,29
5.216698629255983,5.471919558762729,4.221034796302737,0.2728480289906621,0.2552209295067458,500,5.0,10,30
4.942487729208158,5.238371818130494,4.1954803104358716,0.3432706453651674,0.2958840889223362,500,5.0,10,31
4.988844312996744,5.315990512732737,4.299666427745283,0.3364892859422496,0.327146199735993,500,5.0,10,32
4.950440414397312,9.497579302313815,5.208178923863976,-0.8449136614278303,4.5471388879165024,500,5.0,10,33
4.3881656318454905,5.522677018835015,4.231062538298751,0.3368106496521477,1.1345113869895247,500,5.0,10,34
4.917495192852503,5.565147315398626,4.453904034540744,0.255966274647903,0.6476521225461234,500,5.0,10,35
4.82468417103581,5.214017337924707,4.146848551429583,0.3473939686634042,0.3893331668888971,500,5.0,10,36
4.972859544350605,4.58608413423214,3.5408091916979316,0.5072699936134815,-0.3867754101184655,500,5.0,10,37
4.751366871669137,5.442401424446805,4.4962532844334655,0.5005367029518071,0.6910345527776682,500,5.0,10,38
4.9408844834476895,9.083825751056972,4.917945660223218,-0.6497702654628028,4.142941267609283,500,5.0,10,39
5.111446773715269,5.223673557654536,4.264359482899625,0.4868948087849835,0.112226783939267,500,5.0,10,40
5.192744501058824,5.236466792349098,4.047215253961571,0.2805561890753726,0.043722291290274384,500,5.0,10,41
5.155365839143011,4.852295953104769,3.84062478676347,0.44458695501626055,-0.3030698860382417,500,5.0,10,42
4.591672223774878,5.7301947479465385,4.561623961003737,0.07033010743179491,1.1385225241716608,500,5.0,10,43
4.911749301893658,8.154747896448605,4.5727183215384954,-0.3913571651071355,3.2429985945549467,500,5.0,10,44
4.8340276097973085,10.691344444275098,4.643052801456833,-2.4364481130321987,5.857316834477789,500,5.0,10,45
4.667084921697062,5.057044868904383,3.939888643665475,0.43255363406629765,0.38995994720732163,500,5.0,10,46
5.005578159513835,11.585629799305565,4.924300697080412,-1.9554023007707504,6.58005163979173,500,5.0,10,47
4.8451699771099825,5.605284398237144,4.40261310293172,0.43221420382928877,0.7601144211271613,500,5.0,10,48
4.570744157376416,4.796411722636257,3.7434022727551546,0.3713710390016275,0.22566756525984033,500,5.0,10,49
5.16926941092169,5.0375393718993875,4.0800800499252565,0.37531859957267255,-0.13173003902230285,500,5.0,10,50
2.8488333542908046,4.07759859404799,2.4297954287470804,0.5182829694003463,1.2287652397571858,1000,0.5,1,1
2.7555542759068756,3.013303063893009,1.9604727949227962,0.42740488765321616,0.25774878798613354,1000,0.5,1,2
2.6650944926420714,2.924863733884709,1.8596434895574825,0.5153784622797747,0.2597692412426378,1000,0.5,1,3
2.9189093899122986,2.719622865611319,1.8766889315771178,0.478773212218243,-0.19928652430097982,1000,0.5,1,4
2.851338233509556,2.779944732369777,1.919765231913107,0.4565874577526605,-0.07139350113977905,1000,0.5,1,5
2.997377233518407,2.507707259457365,1.9499986793326036,0.6747408706196749,-0.4896699740610422,1000,0.5,1,6
2.9729988850946625,2.6363737514963184,1.9533910549370779,0.4773919380889906,-0.3366251335983441,1000,0.5,1,7
3.017056193671676,2.6695986916903163,1.9903760785475737,0.47579127194169,-0.34745750198135994,1000,0.5,1,8
2.828842808946985,3.728144606383818,2.004068287954441,0.43291188597712227,0.8993017974368334,1000,0.5,1,9
2.8858222688952115,3.1328570373721916,2.176025631890028,0.5689170078137742,0.24703476847698003,1000,0.5,1,10
2.76517204072265,2.9377295366663576,2.12144071241694,0.5282760833503738,0.17255749594370773,1000,0.5,1,11
2.745083320894066,3.4842665122968555,2.2049651076622174,0.5719338692811364,0.7391831914027893,1000,0.5,1,12
2.59935343055838,3.016775777796813,1.9991929320278876,0.5669290454022757,0.4174223472384333,1000,0.5,1,13
2.798675623444858,3.0676898105446204,2.1312719027479177,0.5326356056923116,0.2690141870997622,1000,0.5,1,14
2.7402453711692067,3.295724068497872,2.2265167011460023,0.5195606594086315,0.5554786973286654,1000,0.5,1,15
3.0340381491218924,3.2557237233043677,2.232817638907158,0.46420270454844725,0.22168557418247525,1000,0.5,1,16
2.751158397972498,3.3851022838066323,1.994653725431466,0.3383332769082863,0.6339438858341344,1000,0.5,1,17
2.715148899760419,3.4657781648078743,2.311473023713129,0.46669054104658114,0.7506292650474551,1000,0.5,1,18
2.561139343722017,3.375747355644923,2.1086192013368232,0.48701294367433146,0.814608011922906,1000,0.5,1,19
2.8015956425773068,2.9864942440436764,1.8974338952403706,0.560982499738973,0.1848986014663696,1000,0.5,1,20
2.9342444946242554,3.37173748145816,2.2263604939311397,0.5770386390926052,0.4374929868339046,1000,0.5,1,21
2.9953451031991096,3.1618162748259384,2.0069523459580694,0.5504058326245506,0.16647117162682878,1000,0.5,1,22
2.8713913549178924,2.2695647006485142,1.646136405315749,0.6078454662088412,-0.6018266542693782,1000,0.5,1,23
2.902388865788499,2.765267796474008,2.018024985628559,0.6296908512724895,-0.13712106931449064,1000,0.5,1,24
3.0108983429330607,2.571212083075519,1.8754101576250632,0.34272241585998997,-0.43968625985754173,1000,0.5,1,25
3.0698897393402413,2.608305044878932,1.9216317743306888,0.5517141124338548,-0.4615846944613091,1000,0.5,1,26
2.6071682008915436,4.5052035541949955,2.2366353753882136,0.5436839988390512,1.898035353303452,1000,0.5,1,27
2.7300561100189467,3.0095254186140483,1.916061216709795,0.5851877111059214,0.27946930859510166,1000,0.5,1,28
2.8338644452275528,2.6276679534780514,1.8583947622169747,0.576465863277628,-0.2061964917495014,1000,0.5,1,29
2.8687506853180325,2.276582944600753,1.7696819203736716,0.5927919359088409,-0.5921677407172794,1000,0.5,1,30
2.767043583156363,2.5547544887584523,1.817979959712882,0.5473077805105061,-0.21228909439791055,1000,0.5,1,31
2.9393445465221726,2.461858942403237,1.8336488387872891,0.5841373868556734,-0.4774856041189355,1000,0.5,1,32
2.904078571115859,3.0137794834206675,2.0185235390439735,0.5331555477441214,0.10970091230480827,1000,0.5,1,33
2.9767911184695675,2.805497865584969,1.8817424990333071,0.581965106924855,-0.1712932528845985,1000,0.5,1,34
2.6209860390734367,3.0995195635965604,1.774719981712507,0.6072222004554275,0.4785335245231237,1000,0.5,1,35
2.910518623100658,2.6293985753826647,1.9946194915306483,0.6087560263194658,-0.28112004771799315,1000,0.5,1,36
2.6981727471604087,2.8634429238291235,1.8546090441639693,0.5453816378419978,0.1652701766687148,1000,0.5,1,37
2.9155600649955735,2.4100279183137427,1.837698919050381,0.49873692042932816,-0.5055321466818308,1000,0.5,1,38
2.8948726865968943,2.960020756487163,2.0582008178244537,0.5053459423601097,0.06514806989026845,1000,0.5,1,39
2.882722457531125,2.610671922351496,1.7645123964608438,0.45087354958764325,-0.2720505351796292,1000,0.5,1,40
2.745881222522448,3.9443938977962896,2.276198541307736,0.20167941188751337,1.1985126752738418,1000,0.5,1,41
2.7040639239309487,3.2798682063692595,2.134560547589182,0.5512936156044329,0.5758042824383107,1000,0.5,1,42
3.1916971401429035,2.8405924376813965,1.9452563111654575,0.5191740951253652,-0.35110470246150705,1000,0.5,1,43
2.874520388161158,2.4392611914985185,1.7383061952307854,0.5542469548728645,-0.43525919666263935,1000,0.5,1,44
2.7547591680286216,2.8856510679080727,1.9703878687988328,0.3964411326344851,0.13089189987945105,1000,0.5,1,45
2.9030137644996823,3.265126308391959,2.095062290217707,0.32401605314945503,0.36211254389227676,1000,0.5,1,46
2.8025881162633444,3.2593530884795174,2.0772719092249115,0.5390114566370354,0.45676497221617307,1000,0.5,1,47
2.939132194342859,2.6434118609388286,1.93077247098196,0.6232371904489564,-0.29572033340403037,1000,0.5,1,48
2.869057913488016,3.2203426041791507,2.125887826355216,0.3477119911389711,0.35128469069113466,1000,0.5,1,49
3.1761555280996334,2.9405525876415375,1.9774317373787391,0.49939291593504853,-0.23560294045809593,1000,0.5,1,50
0.5037231389044373,0.5370174057366871,0.43505267351286536,0.9832933132506665,0.033294266832249786,1000,0.5,2,1
0.5004999676535937,0.49515846880592496,0.39560941770678343,0.9809321926128005,-0.005341498847668769,1000,0.5,2,2
0.4827729328885198,0.48748221380585843,0.39450954723915366,0.9754775335975922,0.004709280917338632,1000,0.5,2,3
0.5031534825113665,0.48040655660244547,0.3876096516970373,0.9760398841976413,-0.022746925908921023,1000,0.5,2,4
0.5007138613414867,0.5073107623088149,0.4011147869561748,0.9868745709022172,0.006596900967328234,1000,0.5,2,5
0.4806949883920414,0.5104734474216875,0.4135249729038618,0.9791702651595302,0.029778459029646154,1000,0.5,2,6
0.49760778284082363,0.5160467031269413,0.4059910000719441,0.985389658732833,0.01843892028611771,1000,0.5,2,7
0.5128728593509685,0.501337167261426,0.40276833551444086,0.9859874253246607,-0.011535692089542526,1000,0.5,2,8
0.5089014391647325,0.47888638374881654,0.37720721463138107,0.9870379121831484,-0.03001505541591598,1000,0.5,2,9
0.49695986654087737,0.5020107229101732,0.3830664009633409,0.9809735814298121,0.005050856369295864,1000,0.5,2,10
0.5265299612284948,0.5350122918369421,0.4249156432435711,0.9851244374049664,0.008482330608447275,1000,0.5,2,11
0.46666863069575076,0.4923916978295069,0.3902704827004498,0.9905835939623381,0.02572306713375616,1000,0.5,2,12
0.5023823448468318,0.4953087440054175,0.3893466121769153,0.9846261897104576,-0.007073600841414229,1000,0.5,2,13
0.47929277777691603,0.4772547761303762,0.3813696904503021,0.9850752006811975,-0.002038001646539833,1000,0.5,2,14
0.4930615063964512,0.5263613349873472,0.4153733394841672,0.9839390212238436,0.033299828590895975,1000,0.5,2,15
0.5110330781633725,0.4479811388409734,0.35693895554719224,0.9917087864423091,-0.06305193932239911,1000,0.5,2,16
0.4784671686165187,0.4857663515950437,0.3921918502027374,0.9828876993380813,0.007299182978524998,1000,0.5,2,17
0.49208144389641145,0.48450768384188736,0.38541008971637525,0.9873942235710015,-0.007573760054524092,1000,0.5,2,18
0.4892846230094297,0.5534868845211485,0.43237096323258667,0.9715482252530948,0.06420226151171876,1000,0.5,2,19
0.4995975402939803,0.5169040886429913,0.410808956483561,0.9860391429620429,0.01730654834901102,1000,0.5,2,20
0.5051099955756528,0.4593789413657959,0.36374557996767193,0.9855407148120093,-0.04573105420985696,1000,0.5,2,21
0.4985472350563688,0.4515457661904358,0.35812708617554845,0.9911473020174197,-0.04700146886593298,1000,0.5,2,22
0.4927500605932818,0.4900095778961721,0.3971640229739329,0.9880828300989416,-0.002740482697109692,1000,0.5,2,23
0.5158276865519892,0.4681898855470441,0.3736313330589982,0.9884967648243222,-0.04763780100494508,1000,0.5,2,24
0.48972844195550574,0.47825729053185423,0.38501733758161377,0.9854407839546144,-0.011471151423651516,1000,0.5,2,25
0.5098576259937876,0.5179545327294677,0.4207110287109238,0.9870352079723588,0.008096906735680087,1000,0.5,2,26
0.49302607856266667,0.4740037767692407,0.37601051336713104,0.986652791447194,-0.019022301793425955,1000,0.5,2,27
0.490719840524581,0.49828902828423755,0.4068726160023273,0.9881249522175278,0.007569187759656537,1000,0.5,2,28
0.48446086021179646,0.5090982080657229,0.4067320736156182,0.9801378574789661,0.02463734785392646,1000,0.5,2,29
0.5008335149134492,0.5016714578986735,0.3936865831034645,0.9784805857041419,0.000837942985224327,1000,0.5,2,30
0.4783276952849492,0.48952534980303253,0.3865599454748124,0.9829916631519324,0.011197654518083355,1000,0.5,2,31
0.487108817704845,0.49925464941832876,0.4020390074968002,0.9870324678554396,0.012145831713483768,1000,0.5,2,32
0.4878536760020765,0.464260387437338,0.3636017255001755,0.9880590616854952,-0.023593288564738524,1000,0.5,2,33
0.4932411050645548,0.5592837549034341,0.44846706907437445,0.9668014995034069,0.06604264983887925,1000,0.5,2,34
0.5007928326454413,0.49234228014633097,0.4042044736350996,0.9856042371453985,-0.008450552499110309,1000,0.5,2,35
0.5113641126896671,0.5227144964300007,0.41253767008436554,0.9879515656828269,0.011350383740333592,1000,0.5,2,36
0.5065354159249721,0.5307871565713407,0.41361088406478025,0.9811375965758969,0.02425174064636859,1000,0.5,2,37
0.48696521139358706,0.4935586087745512,0.3969916125441885,0.9863114166781323,0.00659339738096415,1000,0.5,2,38
0.5008702757157076,0.4783107789368994,0.38245362943273137,0.9856940808980534,-0.022559496778808252,1000,0.5,2,39
0.5084416186441587,0.5121706217445734,0.41549745851793934,0.9794283185376442,0.003729003100414685,1000,0.5,2,40
0.4980365893427459,0.4808997509174222,0.4017414982342653,0.9855582119744649,-0.01713683842532371,1000,0.5,2,41
0.4990142649853414,0.4806764670577828,0.38818286269746977,0.990055084060339,-0.01833779792755863,1000,0.5,2,42
0.5040786387928643,0.4947020175839018,0.4020654877876324,0.9814705503170815,-0.009376621208962488,1000,0.5,2,43
0.49788414360400673,0.48082653240214135,0.3823495215651153,0.9803164772709185,-0.017057611201865386,1000,0.5,2,44
0.5001643873067323,0.5072580007757741,0.4175853100454937,0.9864064957117358,0.007093613469041804,1000,0.5,2,45
0.4973832547170629,0.4597401106924989,0.3714650041040343,0.9880848776625233,-0.03764314402456398,1000,0.5,2,46
0.4918942004173432,0.5135989252315193,0.406738165948277,0.9722742552589209,0.02170472481417607,1000,0.5,2,47
0.48791278929207593,0.4525839125706939,0.36361904929359307,0.989536908085331,-0.03532887672138202,1000,0.5,2,48
0.49173724407359654,0.5101865124630136,0.38893477838230617,0.9898692424184213,0.018449268389417073,1000,0.5,2,49
0.5017272003338138,0.5205299297925581,0.4113459275707031,0.9842801039565922,0.018802729458744283,1000,0.5,2,50
0.5233919614544853,0.47710611800797026,0.3781109446856,0.9869680921453726,-0.04628584344651504,1000,0.5,5,1
0.4906636421630489,0.5401187343438112,0.4308331209948686,0.9752785481562944,0.04945509218076227,1000,0.5,5,2
0.48865468342269386,0.5019280983961646,0.38732135046873806,0.9787183016012114,0.013273414973470732,1000,0.5,5,3
0.5136078233168164,0.5136892786156263,0.3952453164615277,0.9811046993162112,8.145529880987379e-05,1000,0.5,5,4
0.5024139605964841,0.5241091118625263,0.41619117315365173,0.9809419414189741,0.021695151266042156,1000,0.5,5,5
0.5097374131514739,0.5011300829724588,0.3987323184573681,0.9768526318843347,-0.00860733017901516,1000,0.5,5,6
0.505974773935218,0.4842917292981774,0.3765836442078347,0.9899486672028032,-0.02168304463704057,1000,0.5,5,7
0.502728653132129,0.5073030412567867,0.4114582450246582,0.9882119225666958,0.004574388124657713,1000,0.5,5,8
0.5300252915674597,0.49472120069381775,0.4023480377905302,0.9886489512930245,-0.03530409087364195,1000,0.5,5,9
0.4980548665326117,0.5273665105365408,0.4184405328006284,0.9842359442511759,0.029311644003929105,1000,0.5,5,10
0.48232370501844934,0.5126278904539714,0.4215462310560866,0.9838528953507145,0.030304185435522046,1000,0.5,5,11
0.5004830114071394,0.4772159727204493,0.37420630108691294,0.9834322565310345,-0.023267038686690056,1000,0.5,5,12
0.5064670819256086,0.49893623781361557,0.39461690121090287,0.9844775304513804,-0.0075308441119930625,1000,0.5,5,13
0.4780102212256821,0.4932752497023902,0.39698898340347993,0.9856638503484993,0.015265028476708076,1000,0.5,5,14
0.4961253998200537,0.5436710676600883,0.4209515170019415,0.9809632400674356,0.04754566784003461,1000,0.5,5,15
0.5200613370815026,0.5058984583080695,0.3990947426807404,0.9879380187427913,-0.01416287877343314,1000,0.5,5,16
0.5048446997075453,0.5148462994550984,0.417994996343607,0.9870707301304879,0.010001599747553103,1000,0.5,5,17
0.4958949745344886,0.4994166278891702,0.412650323627594,0.9757339791994428,0.0035216533546815754,1000,0.5,5,18
0.5040373498263835,0.46573830603319566,0.3637755552570252,0.9893478857175614,-0.038299043793187826,1000,0.5,5,19
0.49522627586182405,0.5094532648347737,0.40757646684157,0.9813572462298625,0.014226988972949661,1000,0.5,5,20
0.4811777238124995,0.5148595957119585,0.4099461442856226,0.9845901865495915,0.03368187189945898,1000,0.5,5,21
0.48807545852541084,0.46375470416513415,0.3667014051777282,0.9893223418158962,-0.024320754360276697,1000,0.5,5,22
0.518186545691489,0.5365044775969002,0.43859485538638104,0.9821502301392161,0.0183179319054112,1000,0.5,5,23
0.5005195276402035,0.650416572666118,0.4591552107389659,0.9819995479059243,0.1498970450259145,1000,0.5,5,24
0.48748655407596875,0.49078683509614335,0.3887593594308315,0.9763093440730789,0.0033002810201746002,1000,0.5,5,25
0.48562898437746405,0.44787738951730405,0.3544644466642531,0.9901303334405808,-0.03775159486016,1000,0.5,5,26
0.4911134761966113,0.4879993792579953,0.391499618341267,0.9816197204593016,-0.0031140969386159734,1000,0.5,5,27
0.49761988101492766,0.5194427009679886,0.41615491715525477,0.9801416901258678,0.021822819953060957,1000,0.5,5,28
0.5112336830200085,0.5293305899707631,0.42943125389274045,0.9873953405617918,0.01809690695075461,1000,0.5,5,29
0.5047941793149339,0.5210891362366981,0.4202232281909238,0.985345152711888,0.016294956921764192,1000,0.5,5,30
0.514590930194477,0.49945995610764027,0.4037517129533892,0.9796341163618465,-0.015130974086836724,1000,0.5,5,31
0.48930306073750324,0.5433696703531607,0.42759264085551946,0.9899817939449802,0.05406660961565751,1000,0.5,5,32
0.4913433398599988,0.44550516763741294,0.3646012876519437,0.9864497830633002,-0.04583817222258585,1000,0.5,5,33
0.4871535644759144,0.5081158977412128,0.41139029834950364,0.9829006432652763,0.020962333265298394,1000,0.5,5,34
0.4723954305592444,0.5019471047032246,0.403915744259524,0.9853309809151717,0.02955167414398019,1000,0.5,5,35
0.4847654307873456,0.49367330344625654,0.40694053628144156,0.9897519156037011,0.008907872658910965,1000,0.5,5,36
0.5030850691778858,0.5099029373162474,0.4139078006718422,0.9833579795568094,0.006817868138361605,1000,0.5,5,37
0.4879594007068711,0.5331418525773025,0.42515504006193494,0.9814988238605441,0.045182451870431406,1000,0.5,5,38
0.5075172357559359,0.5498155758682719,0.42541111310405205,0.9844879920227142,0.04229834011233602,1000,0.5,5,39
0.5146523747269672,0.5026607350488778,0.3976505280946347,0.9868700198680689,-0.011991639678089472,1000,0.5,5,40
0.5154432102006867,0.48929150894966733,0.386919605207093,0.9852620795367039,-0.0261517012510194,1000,0.5,5,41
0.4923905581284524,0.49668326668329743,0.3963922084349327,0.9850261523619112,0.004292708554845037,1000,0.5,5,42
0.5206698322400501,0.48219831151731,0.38452523989570836,0.9829852204796781,-0.03847152072274013,1000,0.5,5,43
0.4795734377219428,0.49469974248064846,0.40839990349033806,0.9856051026858554,0.015126304758705689,1000,0.5,5,44
0.49138785817144554,0.5005903015988806,0.38608114979108893,0.9808728405678044,0.009202443427435092,1000,0.5,5,45
0.4769215054059317,0.5336265865416758,0.4153204914553428,0.9851192997495021,0.05670508113574413,1000,0.5,5,46
0.4745326089207696,0.5128943041320418,0.4190185668288429,0.9847267309319766,0.03836169521127225,1000,0.5,5,47
0.48320517844455363,0.5062996823526467,0.40492943212843807,0.9799992507036823,0.023094503908093034,1000,0.5,5,48
0.5056463243123603,0.494809022399376,0.40054593253374376,0.985469243917901,-0.01083730191298432,1000,0.5,5,49
0.5020542684992758,0.5262030391598468,0.41756298988409263,0.9891979837133805,0.024148770660570973,1000,0.5,5,50
0.5153671471060479,0.5453099942610969,0.42094109312884825,0.985813527756394,0.029942847155049024,1000,0.5,10,1
0.509540917001206,0.4605225086594358,0.3733873225648901,0.9877798598060789,-0.04901840834177018,1000,0.5,10,2
0.5032573974303668,0.4926368962944508,0.3908641674698475,0.9832991269806014,-0.010620501135916005,1000,0.5,10,3
0.5174342244125708,0.8009198652929791,0.45103884795936566,0.9457218320695652,0.2834856408804083,1000,0.5,10,4
0.5228624126528918,0.5296080719462153,0.4363311484363409,0.9849645333520582,0.006745659293323492,1000,0.5,10,5
0.4931463145295983,0.5036589832782126,0.3889108979267694,0.9879114309478044,0.010512668748614284,1000,0.5,10,6
0.46883952230588427,0.48288163053215327,0.37943189706598246,0.9821351491948045,0.014042108226269001,1000,0.5,10,7
0.49894563912447115,0.550188288561542,0.43316869642903294,0.9860446264762236,0.05124264943707085,1000,0.5,10,8
0.4948883365334344,0.5346556381500964,0.4124583159887334,0.982682149639897,0.03976730161666203,1000,0.5,10,9
0.4836923928075982,2.5703719498411566,0.6110094962375759,0.7001494137237669,2.0866795570335586,1000,0.5,10,10
0.48792460407047505,0.5040320310334928,0.4023429947236049,0.9788625480298455,0.016107426963017757,1000,0.5,10,11
0.4951288882323656,0.4789144711362155,0.3738781171789949,0.9893122872572685,-0.016214417096150124,1000,0.5,10,12
0.4950798891419759,0.5060112238770952,0.4077518601213612,0.9894579824507819,0.010931334735119258,1000,0.5,10,13
0.5075658622999939,0.5567305159903437,0.4051990455575647,0.9839806174248116,0.049164653690349835,1000,0.5,10,14
0.4993872897895978,0.49437243701727734,0.4041515324989006,0.9848150187344408,-0.005014852772320444,1000,0.5,10,15
0.49167387737842544,0.5303200193603984,0.4410613827493114,0.9808310232774025,0.03864614198197297,1000,0.5,10,16
0.49689616871779896,0.5120157148103343,0.4158481979393931,0.9891920011179078,0.015119546092535296,1000,0.5,10,17
0.49302738120340095,0.5046242351384369,0.38514388866451654,0.9872951070954882,0.011596853935035956,1000,0.5,10,18
0.515841139314438,0.5131126190193495,0.4155772102582606,0.9781070263845048,-0.0027285202950885212,1000,0.5,10,19
0.47563815066499743,0.47768446501066436,0.36969368953280507,0.9811992891468638,0.002046314345666933,1000,0.5,10,20
0.5159661150259173,0.5802320005539434,0.46787174964727124,0.9818730773319106,0.06426588552802615,1000,0.5,10,21
0.5003870758112686,0.5227031698974458,0.4271979131524246,0.9836987915622264,0.022316094086177185,1000,0.5,10,22
0.4956899912886195,0.49406686257279897,0.3986267984257806,0.9871729491437838,-0.0016231287158205432,1000,0.5,10,23
0.4875491000771554,0.47858598374167216,0.4001091330768489,0.9874610741321836,-0.008963116335483245,1000,0.5,10,24
0.47630025351914984,0.5073167471175727,0.42604691027240305,0.9815408077945026,0.031016493598422845,1000,0.5,10,25
0.4940779323255107,0.5098794142287972,0.39849761389996147,0.9773714013541798,0.015801481903286507,1000,0.5,10,26
0.5096520056146743,0.47738727116193314,0.38109897982819796,0.9882009262273903,-0.03226473445274114,1000,0.5,10,27
0.4751892940043913,0.45542785995713647,0.38036744487456425,0.9895326233832492,-0.019761434047254833,1000,0.5,10,28
0.4959904521355092,0.5258573480757148,0.4259384660991261,0.9844643728283576,0.02986689594020564,1000,0.5,10,29
0.5020783492687731,0.5121011063052517,0.419298197807593,0.9787698093587633,0.010022757036478591,1000,0.5,10,30
0.5142692345342961,0.5442306422468481,0.4267994882298396,0.9747010130011978,0.02996140771255207,1000,0.5,10,31
0.4870920839246328,0.5102765382080909,0.41055165051128256,0.9827182771348528,0.02318445428345811,1000,0.5,10,32
0.5007429449182395,0.5420807427662544,0.4368224036514463,0.9835109464627958,0.041337797848014946,1000,0.5,10,33
0.49897727168561784,0.7048082464564618,0.4520650480580046,0.9758048586354474,0.20583097477084394,1000,0.5,10,34
0.49766911811541403,1.0543083444480275,0.46521124169167216,0.9564697324618965,0.5566392263326134,1000,0.5,10,35
0.4760925585082176,0.4966525858459913,0.4054620829101616,0.9850425266458605,0.020560027337773734,1000,0.5,10,36
0.4760692845574362,0.4860801872472143,0.38319754815252394,0.9825100634902308,0.010010902689778112,1000,0.5,10,37
0.49976987229585373,0.4947772775678994,0.39116701413797317,0.9825019056656301,-0.004992594727954325,1000,0.5,10,38
0.4786620391448631,0.5008591153925028,0.4076216872423337,0.9803715748023403,0.022197076247639724,1000,0.5,10,39
0.522830833429638,0.47969350964794105,0.3953215126669802,0.986090933048821,-0.043137323781696935,1000,0.5,10,40
0.48029555523613815,0.4869617286592464,0.3825168796359044,0.9847174386038451,0.006666173423108268,1000,0.5,10,41
0.48352633335294065,0.482452290858247,0.38212101012946265,0.9843425871994282,-0.0010740424946936722,1000,0.5,10,42
0.4730482317972964,0.4848461395819052,0.3816496921632782,0.9888285931046328,0.011797907784608819,1000,0.5,10,43
0.4870678897559916,1.7123353414534224,0.5423573446973006,0.8659008856908706,1.2252674516974307,1000,0.5,10,44
0.4913061834511015,0.532084587317923,0.4229786288871398,0.9826042667261462,0.04077840386682147,1000,0.5,10,45
0.506136921170393,0.5301879381461875,0.41853055822495255,0.9873216197342157,0.02405101697579448,1000,0.5,10,46
0.4999114663923757,0.5218370460424668,0.419927160918441,0.9807732300376127,0.02192557965009112,1000,0.5,10,47
0.4964231781798385,0.4758145477678582,0.38853760148342886,0.9841278395416925,-0.0206086304119803,1000,0.5,10,48
0.4857730045685805,0.5191668476375448,0.4055041256425872,0.9861843525249849,0.03339384306896431,1000,0.5,10,49
0.48419679651620384,0.5473743237375318,0.4376309591622526,0.9803063588961539,0.06317752722132797,1000,0.5,10,50
3.484172519634903,3.465564090117132,2.3760671747782665,0.4657154759364124,-0.018608429517771086,1000,2.0,1,1
3.5330751351057623,3.3371596812097017,2.3509458329118025,0.4740423293618674,-0.19591545389606058,1000,2.0,1,2
3.3331716610884365,3.2393694056003066,2.298551217088617,0.4886383076013946,-0.09380225548812993,1000,2.0,1,3
3.402100070190939,3.312198379721905,2.59408117595454,0.3717185294032336,-0.08990169046903418,1000,2.0,1,4
3.3790213336990784,3.0087517144854,2.282345262328181,0.4924568632574571,-0.3702696192136785,1000,2.0,1,5
3.341108988181929,2.9715194227433943,2.2803153847929294,0.517127965463245,-0.3695895654385346,1000,2.0,1,6
3.5582032367592507,3.423616348192029,2.5231728976695442,0.3520028318636368,-0.13458688856722167,1000,2.0,1,7
3.3399508435673906,3.2789294155229163,2.4097104060124916,0.49099408657902643,-0.0610214280444743,1000,2.0,1,8
3.688744261085613,3.659198272551988,2.5065905366888845,0.3976864196058776,-0.02954598853362489,1000,2.0,1,9
3.5984901492836614,3.8317711164684476,2.6343859068057087,0.5157289579856023,0.2332809671847862,1000,2.0,1,10
3.662888335392672,3.321353409243436,2.442102224149475,0.4145080320651855,-0.3415349261492362,1000,2.0,1,11
3.717827274823413,4.061610887084518,2.7216813776922493,0.15733085456234663,0.34378361226110465,1000,2.0,1,12
3.429399254967854,3.9764216821924356,2.709495989576408,0.2992673585968906,0.5470224272245816,1000,2.0,1,13
3.6573844185128297,3.4904274818108867,2.533181481371678,0.45691065633030126,-0.166956936701943,1000,2.0,1,14
3.2348925591542774,3.3107268960093474,2.463338119428568,0.4385814803491369,0.07583433685507002,1000,2.0,1,15
3.3762451369985627,3.9864872749374376,2.9281493425696055,0.22095235907998811,0.6102421379388749,1000,2.0,1,16
3.5296784095139357,3.379990303347354,2.4767540890528488,0.4391561097099912,-0.14968810616658157,1000,2.0,1,17
3.5093438689121297,3.729503119761387,2.6707975395654002,0.44510992831727314,0.22015925084925714,1000,2.0,1,18
3.6603421854636435,3.226431728860135,2.4959671934191414,0.36047024306894415,-0.43391045660350835,1000,2.0,1,19
3.6985866838482826,2.906617444313192,2.256621903247062,0.4289560983717565,-0.7919692395350908,1000,2.0,1,20
3.417243778700741,3.102279694889538,2.4084106124399547,0.49081869342236895,-0.31496408381120267,1000,2.0,1,21
3.4212433048326307,3.4004571704289406,2.4842855060084927,0.26050056466334726,-0.02078613440369015,1000,2.0,1,22
3.4127223627131404,3.159394106715144,2.365541889336488,0.43907974006010775,-0.25332825599799635,1000,2.0,1,23
3.3660590081168134,3.290701015197185,2.273744689343107,0.2835656489191818,-0.07535799291962819,1000,2.0,1,24
3.316383215266846,3.1647958756873353,2.2615818775921905,0.4566069356520649,-0.15158733957951087,1000,2.0,1,25
3.3866524459923086,3.2574166222144934,2.4313634836602263,0.36124600786419236,-0.12923582377781528,1000,2.0,1,26
3.6411327573233363,3.4592776994347583,2.574666515080671,0.40382136561106885,-0.18185505788857803,1000,2.0,1,27
3.42896466571629,3.4211466155035817,2.5887750300221275,0.4605892084560971,-0.007818050212708538,1000,2.0,1,28
3.5398724977048603,3.353612694899944,2.577309818627939,0.4048703394101555,-0.1862598028049165,1000,2.0,1,29
3.3438376960680944,3.2729757139834414,2.454626432472744,0.30999767812970824,-0.070861982084653,1000,2.0,1,30
3.7468878888127257,3.6336598615655715,2.497267851630484,0.5265606643028408,-0.1132280272471542,1000,2.0,1,31
3.388263758016753,3.453330417071558,2.5979063668283855,0.40862800412120603,0.0650666590548048,1000,2.0,1,32
3.43735026453883,3.6321160704068864,2.6756886578539887,0.5049111440265122,0.19476580586805659,1000,2.0,1,33
3.3535533417792625,3.3029251645859596,2.5253208686920567,0.43537062466968,-0.050628177193302815,1000,2.0,1,34
3.3192144372372416,3.57371393469167,2.6531506394304576,0.3356486717080488,0.25449949745442835,1000,2.0,1,35
3.4674025469888647,3.3391932045593173,2.486168440790594,0.4162331630023348,-0.1282093424295474,1000,2.0,1,36
3.3474893562211796,3.2860001332283146,2.4023462651750407,0.4712657144362127,-0.06148922299286497,1000,2.0,1,37
3.499638654769024,3.6991243621045578,2.652951589253769,0.3081633087411042,0.19948570733553384,1000,2.0,1,38
3.536217216944345,3.583595811599806,2.709769882980002,0.4107065328565196,0.047378594655461015,1000,2.0,1,39
3.4640738175193375,2.783344592491568,2.1105659283343745,0.5281628369491054,-0.6807292250277697,1000,2.0,1,40
3.2926063569313695,2.8676966196545686,2.338785384379544,0.48519717369905835,-0.4249097372768009,1000,2.0,1,41
3.409338778529236,2.950798930142611,2.165947105705488,0.44860261844530347,-0.458539848386625,1000,2.0,1,42
3.351996110248844,3.1657347073642774,2.374146283214174,0.38564671102523373,-0.1862614028845666,1000,2.0,1,43
3.394017988183787,3.2753714375163496,2.3226015030922316,0.49968806556960543,-0.11864655066743746,1000,2.0,1,44
3.5340787090023267,2.9454005226996887,2.245320329113202,0.419728720278962,-0.588678186302638,1000,2.0,1,45
3.3624983788888416,3.381889167825813,2.4857627969925784,0.5150036013369764,0.019390788936971326,1000,2.0,1,46
3.223375926336798,3.9553344830960238,2.772107331764264,0.08805094601551655,0.7319585567592259,1000,2.0,1,47
3.1896328035657073,3.6664104402177324,2.5705431555679352,0.42381271474868876,0.4767776366520251,1000,2.0,1,48
3.687648695677958,3.760937461806243,2.5764358779775143,0.4117960007997852,0.07328876612828505,1000,2.0,1,49
3.7683126474308515,2.992666909531942,2.3322013145244744,0.5648629547649542,-0.7756457378989094,1000,2.0,1,50
2.0075655105314154,1.970325971640854,1.5328756461063724,0.8000888650532647,-0.03723953889056131,1000,2.0,2,1
2.0436689160604313,2.046686718414928,1.637513579752725,0.7866561675707006,0.00301780235449689,1000,2.0,2,2
1.9677716906846654,1.8801048187625493,1.5105940478852455,0.7397071363523988,-0.08766687192211609,1000,2.0,2,3
1.914028001398204,1.8830996643753029,1.4659852676263592,0.7914139997554401,-0.03092833702290121,1000,2.0,2,4
2.02991207147326,1.993627200566129,1.6162292984966495,0.7711303019543994,-0.03628487090713106,1000,2.0,2,5
1.975130433736942,2.0071974903345735,1.638265441094989,0.8529082331140317,0.03206705659763154,1000,2.0,2,6
1.9856315244920135,1.864710000590377,1.536042107394174,0.7660641656116783,-0.12092152390163657,1000,2.0,2,7
2.0522863942143843,2.0189315726035115,1.6000257936389997,0.7703681446541286,-0.033354821610872776,1000,2.0,2,8
1.9994492413210339,1.9729699698996062,1.5606159441312857,0.7883058184596173,-0.026479271421427697,1000,2.0,2,9
2.1075718064693225,1.9740259593405847,1.5437126469198814,0.8189858473361497,-0.13354584712873785,1000,2.0,2,10
2.0302688788276706,1.9297789892605826,1.521730042174447,0.8296802909740164,-0.10048988956708804,1000,2.0,2,11
1.8911862957503118,2.0746662491533003,1.6850285120660127,0.7870857219606976,0.1834799534029885,1000,2.0,2,12
1.9799241086213009,2.0790846580762343,1.639181388128229,0.8152436172706478,0.09916054945493347,1000,2.0,2,13
2.04189115185308,2.003171083547791,1.6005655809980106,0.8008320592485266,-0.03872006830528907,1000,2.0,2,14
2.0134451021105995,2.137042382431492,1.6719235191299333,0.8222616749453814,0.12359728032089246,1000,2.0,2,15
2.0429227287529654,2.005750782107709,1.6065600257089836,0.7962022802867508,-0.03717194664525625,1000,2.0,2,16
1.9792634117514072,1.9560019142560459,1.5390914454585363,0.7904021851458596,-0.023261497495361327,1000,2.0,2,17
1.998596653225793,2.170604066295599,1.7152933804032935,0.7631785643135136,0.17200741306980616,1000,2.0,2,18
1.9892946176631476,2.0940543302820904,1.6702000016849474,0.8173358425843058,0.10475971261894279,1000,2.0,2,19
1.9900370466912127,2.0312713729399414,1.637950864598121,0.8083257156238006,0.04123432624872869,1000,2.0,2,20
2.035651924171217,1.9511229864889839,1.5865420779843604,0.777093139471753,-0.08452893768223313,1000,2.0,2,21
1.9997607186356021,2.0440992047155317,1.6453049292152975,0.7806098852100251,0.04433848607992963,1000,2.0,2,22
2.084746928797851,1.9636369818627861,1.5708598221588514,0.8175338625903805,-0.12110994693506494,1000,2.0,2,23
2.0547497852547147,2.299182357485878,1.8069058468859611,0.7902509820401287,0.2444325722311631,1000,2.0,2,24
2.0058866971577887,2.0031879303399336,1.616271219392787,0.7905852036793102,-0.0026987668178550805,1000,2.0,2,25
1.9875992174808934,1.943831290130901,1.5573327458456054,0.8142418495160446,-0.043767927349992464,1000,2.0,2,26
1.9990421343605735,2.033589850459911,1.6235025206814138,0.8071737198836352,0.03454771609933749,1000,2.0,2,27
1.9440584056108092,2.017839538855304,1.6025236260157536,0.7961466452900867,0.07378113324449465,1000,2.0,2,28
1.9240507196846053,2.0853436047558644,1.7076626551067569,0.7865307739486475,0.16129288507125916,1000,2.0,2,29
1.958934136377015,2.081143773879672,1.6409609064897526,0.8273879193075012,0.1222096375026569,1000,2.0,2,30
2.0307679461485195,1.9199633594874865,1.5498016521062932,0.7933816270224187,-0.11080458666103299,1000,2.0,2,31
1.926159304338847,2.0551213215368467,1.6340322501378426,0.830515647500246,0.1289620171979997,1000,2.0,2,32
1.9680374620298449,2.0967173356678392,1.689148790996436,0.7892554704288641,0.12867987363799438,1000,2.0,2,33
1.9284338693510132,2.0097379573073724,1.6089926909756174,0.8008953693814542,0.08130408795635913,1000,2.0,2,34
2.02305740821042,2.003205369352819,1.6073930007673811,0.770111062464793,-0.019852038857600895,1000,2.0,2,35
1.9272770050822814,2.1491345084646016,1.677984916124151,0.7780045474185209,0.22185750338232024,1000,2.0,2,36
1.9937843646754345,2.101571088962181,1.656270683864517,0.8091536569510058,0.10778672428674652,1000,2.0,2,37
1.9270899160704764,2.0479737147482457,1.5901331687641767,0.6922508597308927,0.12088379867776933,1000,2.0,2,38
2.083872088180998,1.9106959260860763,1.5370664747867107,0.7377124175975459,-0.1731761620949217,1000,2.0,2,39
1.9765603890222347,2.001756062396162,1.646806918065675,0.7929247344518335,0.02519567337392714,1000,2.0,2,40
1.9804626620014165,1.9900164468612447,1.5859281158915528,0.812165174389117,0.009553784859828163,1000,2.0,2,41
2.0687497223566083,2.0314209467292015,1.6139432161959741,0.7937553300166089,-0.037328775627406774,1000,2.0,2,42
1.9322497372923086,2.0704834506824583,1.680858755984358,0.8070577820141455,0.13823371339014967,1000,2.0,2,43
2.0149753898118443,2.0417295159092923,1.6028008315217734,0.8275953179576432,0.026754126097447983,1000,2.0,2,44
1.9717880211393823,2.023466977121267,1.6429681661173787,0.8330778988722787,0.051678955981884656,1000,2.0,2,45
2.0134807119168396,1.8706681066651418,1.4855371167650895,0.7995911043867747,-0.1428126052516978,1000,2.0,2,46
2.017788733535798,2.126711932431631,1.713082391692598,0.7816717652413065,0.10892319889583302,1000,2.0,2,47
2.052904658695272,1.959547017183052,1.5264703019475372,0.8519472731237772,-0.09335764151221992,1000,2.0,2,48
2.008952095231437,1.9750209851522618,1.5765779000642102,0.8268168945813502,-0.03393111007917504,1000,2.0,2,49
1.9833028397190766,1.9908597898061517,1.5860224565377559,0.7787549295573215,0.007556950087075132,1000,2.0,2,50
2.134766819408921,2.1677591304434842,1.7502696895693963,0.7958102625143201,0.032992311034563127,1000,2.0,5,1
2.0350822211573907,2.1285397394043395,1.7076077209726674,0.6434054679809433,0.09345751824694881,1000,2.0,5,2
2.0359449543253993,1.917609263005947,1.5623874085465805,0.793702994867084,-0.11833569131945243,1000,2.0,5,3
2.044441435158307,2.0148827579285795,1.567675822382255,0.8350446607918944,-0.029558677229727603,1000,2.0,5,4
2.0435952073060895,2.1264710280186594,1.667122125968091,0.7459825205290171,0.08287582071256994,1000,2.0,5,5
2.009336580403417,1.9951321641508784,1.6111987287834657,0.7893978835586329,-0.014204416252538765,1000,2.0,5,6
1.9396837182458946,2.2013379025562476,1.804455425646497,0.810364198813157,0.26165418431035303,1000,2.0,5,7
2.0551335975304967,2.024204194625657,1.6520077220849205,0.7355708622166788,-0.030929402904839698,1000,2.0,5,8
1.988375409227425,1.9508662819656457,1.5098147733475429,0.8010352257486237,-0.03750912726177935,1000,2.0,5,9
1.9170245057280708,2.0160820156127386,1.5963701940123354,0.7426925178973143,0.09905750988466777,1000,2.0,5,10
1.8692442160982987,2.102257930722735,1.7257606678368165,0.7558696569801995,0.23301371462443643,1000,2.0,5,11
1.929708305967041,2.022730022937507,1.6229184546360862,0.7918842912221732,0.09302171697046613,1000,2.0,5,12
1.9705611543906638,2.012003877291059,1.5152103870635047,0.8569545036284208,0.04144272290039508,1000,2.0,5,13
2.0338148215457266,2.1093829159305915,1.6609233855128733,0.7738242629829719,0.07556809438486489,1000,2.0,5,14
1.966116974312903,2.037297020642659,1.6796316758778422,0.8082915958314488,0.07118004632975583,1000,2.0,5,15
1.976576651877483,2.1106099666143203,1.7179070221098534,0.6785564131278533,0.13403331473683733,1000,2.0,5,16
1.9550672009821457,1.9202490661524005,1.5210306893812617,0.764638561662281,-0.03481813482974516,1000,2.0,5,17
2.0220555218501626,2.019574383297829,1.5981227860267853,0.7792395924428371,-0.0024811385523335616,1000,2.0,5,18
1.9728856276510878,2.017860422637835,1.5851362596434206,0.8372384659861284,0.04497479498674739,1000,2.0,5,19
2.012590906279639,1.938614007348979,1.5407445727766498,0.833863612170942,-0.07397689893066017,1000,2.0,5,20
1.9727493636934263,2.011592060397136,1.6475406375006298,0.8176275327646374,0.038842696703709656,1000,2.0,5,21
1.9070276683447411,1.8910475001760294,1.503038367263835,0.796731917309163,-0.015980168168711728,1000,2.0,5,22
1.9879714624520064,2.0494709601129184,1.5829315748825672,0.7088631767248517,0.061499497660912006,1000,2.0,5,23
1.97344389596557,1.9152625785330442,1.5693491839749816,0.8119580631948385,-0.05818131743252586,1000,2.0,5,24
1.9662308438832026,2.1752406622676475,1.7909883295969595,0.7499805800964838,0.20900981838444488,1000,2.0,5,25
2.008893619840287,1.9158192107840937,1.5099702823103558,0.8486347111190069,-0.09307440905619346,1000,2.0,5,26
1.8886167656586303,2.004218248412109,1.553736090364169,0.7715285213833272,0.11560148275347859,1000,2.0,5,27
2.025922845116132,1.9626888978362258,1.6110197261845287,0.8822418879767671,-0.06323394727990639,1000,2.0,5,28
1.9690845188074886,1.9196739114282844,1.5848604306084793,0.8408450571686913,-0.04941060737920422,1000,2.0,5,29
2.0097438261693967,1.9113287191691786,1.5695161487011573,0.7946530623964283,-0.09841510700021816,1000,2.0,5,30
1.984241778002335,1.8746722533959161,1.4995962403019367,0.8284412055933013,-0.10956952460641878,1000,2.0,5,31
1.9795420167020619,1.9071719391533712,1.5201624353516088,0.785456415869955,-0.07237007754869063,1000,2.0,5,32
1.944500463500197,2.158686299179383,1.680788492116858,0.7665991377810596,0.21418583567918592,1000,2.0,5,33
1.962870559255193,1.9971902205273082,1.561004823508947,0.8106556168466728,0.034319661272115276,1000,2.0,5,34
2.030330480347683,1.9714522605731022,1.5419899978355642,0.7775296286149664,-0.058878219774580964,1000,2.0,5,35
2.0478825744456866,2.0034998182551793,1.5882516647785136,0.8294326875350185,-0.044382756190507244,1000,2.0,5,36
1.9610068589726064,1.9929424880737598,1.5216273475851698,0.8503070134538433,0.03193562910115344,1000,2.0,5,37
2.0355929173552787,1.979608172810241,1.584932151232263,0.8241466632716509,-0.05598474454503766,1000,2.0,5,38
1.988772380381433,1.9209364881351874,1.5212903745719324,0.7855596971891039,-0.06783589224624564,1000,2.0,5,39
1.9582283254364499,2.0250625656596686,1.5844494376330305,0.7988901166230749,0.06683424022321871,1000,2.0,5,40
2.034557815347888,2.0046982164271507,1.6410973920537548,0.7381779781509631,-0.029859598920737085,1000,2.0,5,41
2.0224783332805054,2.035926143934439,1.583145979556064,0.8073672124777298,0.013447810653933523,1000,2.0,5,42
1.9852662354423987,2.1113191930434203,1.6546889153335416,0.7906374379481054,0.12605295760102164,1000,2.0,5,43
1.9966976181282772,1.9777509913862028,1.6025684422750928,0.7948877041378208,-0.01894662674207437,1000,2.0,5,44
2.016503277253321,1.9931982182624506,1.5863909843809696,0.8504373322589471,-0.02330505899087032,1000,2.0,5,45
1.9780879829835476,2.1956213801285034,1.7498790791134626,0.7507684690299975,0.2175333971449558,1000,2.0,5,46
1.9367775764998283,2.0561434862938035,1.6440454651867633,0.7897690163311354,0.11936590979397521,1000,2.0,5,47
1.972742098581811,1.9738432875853313,1.5597837773210295,0.8271872280604857,0.0011011890035204086,1000,2.0,5,48
2.016060132955746,2.207863378519219,1.8003630549186824,0.7636388800748157,0.19180324556347328,1000,2.0,5,49
2.0250546799230786,2.090624416115948,1.6692906178867606,0.7395436596615297,0.06556973619286932,1000,2.0,5,50
2.0168388059486637,1.9185391059525405,1.5407099067284191,0.7206563696734636,-0.0982996999961232,1000,2.0,10,1
2.0115266791142967,1.976522555285224,1.579967836652834,0.8188904768805061,-0.03500412382907281,1000,2.0,10,2
2.045844157902751,1.9146008227522726,1.5686865265481291,0.8162914329154061,-0.13124333515047848,1000,2.0,10,3
2.080373318496436,2.075410337344373,1.6703675540043483,0.8750175592440304,-0.004962981152063062,1000,2.0,10,4
1.9756500586021402,2.1561327433275403,1.726030089198022,0.8013845420125847,0.1804826847254002,1000,2.0,10,5
2.0399254032812544,2.068508040192569,1.643739944093243,0.7677524842910431,0.028582636911314463,1000,2.0,10,6
1.947362670335865,2.187249694996678,1.7220946215153183,0.7487646723344321,0.2398870246608129,1000,2.0,10,7
1.9893871978117945,16.49780882709143,2.798625447306066,-7.781612402198736,14.508421629279635,1000,2.0,10,8
1.9452813408036633,20.07635541870776,2.9703362875420343,-11.212044903381818,18.131074077904096,1000,2.0,10,9
1.9981130626240533,2.010900571816177,1.6050637955390585,0.6910910590116295,0.01278750919212368,1000,2.0,10,10
2.0589247676005695,2.02509035550444,1.6308963833128827,0.8002756740883556,-0.03383441209612936,1000,2.0,10,11
2.041172899942125,1.957411786874073,1.6093051174478155,0.755264359463543,-0.08376111306805178,1000,2.0,10,12
1.956147137682689,2.043948456981906,1.5638189076602174,0.7588991915923218,0.08780131929921686,1000,2.0,10,13
1.9860699783217661,2.1599556805111293,1.7119232948678411,0.8231939822137264,0.17388570218936317,1000,2.0,10,14
1.9994594390196092,2.185591211201541,1.7267848280514284,0.7525283334485854,0.186131772181932,1000,2.0,10,15
1.924718984364993,1.818426934903839,1.4798031363901243,0.8372803843324983,-0.10629204946115389,1000,2.0,10,16
1.926918675607871,4.542881371796321,2.2034240001271894,0.11895290374758172,2.6159626961884506,1000,2.0,10,17
2.008073092360501,2.084488751027979,1.6348342422403022,0.8155652083995051,0.07641565866747779,1000,2.0,10,18
2.0361099892867913,1.8409802838621605,1.468074241492506,0.7838158454290127,-0.19512970542463082,1000,2.0,10,19
1.9766573201814617,2.0181702836254978,1.5763186464608072,0.8400305070804372,0.0415129634440361,1000,2.0,10,20
1.9593862268562576,2.1043326663989963,1.6529860541426364,0.807582129419973,0.14494643954273867,1000,2.0,10,21
1.9266579080491715,2.092642138296442,1.7020414276401363,0.750078231409783,0.1659842302472705,1000,2.0,10,22
2.042892233064844,2.167526518766638,1.738170738640422,0.7594539797560139,0.12463428570179413,1000,2.0,10,23
1.9291481115006046,1.9896272380140747,1.5913206559863826,0.734667719254857,0.060479126513470094,1000,2.0,10,24
2.026996157287147,1.9824186550773095,1.535826518857473,0.8572599733511647,-0.04457750220983736,1000,2.0,10,25
1.9681828703220094,2.141011358102122,1.7234789635542267,0.7762353818425455,0.1728284877801125,1000,2.0,10,26
1.9655332891594992,2.0880418821770412,1.7143198338607257,0.8184038216040079,0.12250859301754202,1000,2.0,10,27
1.915169800997634,1.9361862022003602,1.5463129163414144,0.7747868885482175,0.021016401202726298,1000,2.0,10,28
1.9536623066095828,2.113597509351629,1.6556328834029237,0.7417576351835415,0.15993520274204598,1000,2.0,10,29
1.8914125075609223,1.936948900508885,1.5831445679897036,0.8206587937593528,0.045536392947962634,1000,2.0,10,30
1.9785799918131752,2.094588839342362,1.705962253712074,0.8227198286303421,0.11600884752918694,1000,2.0,10,31
1.939780638954044,2.020687596655545,1.6026791861037402,0.8279975185168076,0.08090695770150114,1000,2.0,10,32
1.9720461283677735,5.96403948517216,2.027939754054085,-0.4785980173928155,3.9919933568043864,1000,2.0,10,33
1.8907004189552055,2.2615646871529003,1.679145928838878,0.7265356020914864,0.3708642681976948,1000,2.0,10,34
2.0246441966940805,2.1273410120863017,1.7050741646380874,0.7939323414274335,0.1026968153922212,1000,2.0,10,35
2.0169081340681667,1.9747809339566669,1.5146017119832487,0.749453401735438,-0.04212720011149984,1000,2.0,10,36
1.9972026855111014,72.5390340330627,6.784230014062375,-153.4944146691037,70.54183134755161,1000,2.0,10,37
1.9347011665289042,2.1398706248124455,1.7178980649213356,0.7166535898090128,0.20516945828354127,1000,2.0,10,38
2.0509386784067987,1.9541791851600525,1.5588581841598832,0.8032534621226916,-0.09675949324674615,1000,2.0,10,39
2.0451232844251797,1.9752535917508998,1.575329453353237,0.7938338814259168,-0.06986969267427989,1000,2.0,10,40
2.0058992960730375,1.9226826337549165,1.510025423495453,0.769757748116395,-0.08321666231812097,1000,2.0,10,41
2.0123284640289585,1.7978235390103228,1.4533218670145134,0.8391717561985256,-0.21450492501863572,1000,2.0,10,42
1.9411607432097364,2.0855581117228668,1.6956295073023944,0.7895717236174502,0.14439736851313034,1000,2.0,10,43
1.996851184190577,2.315861535922703,1.6768443318249124,0.7691932099003889,0.3190103517321261,1000,2.0,10,44
2.007193322797822,2.073110175967014,1.6358188273660965,0.773301020364995,0.06591685316919227,1000,2.0,10,45
2.0100030073649666,2.0474536552374873,1.6451202927345896,0.7695425407278029,0.037450647872520726,1000,2.0,10,46
1.961642032447133,2.134122247475255,1.698617559581503,0.6536937779286086,0.17248021502812194,1000,2.0,10,47
1.8934218826070266,2.123940073697917,1.7091250545773449,0.7921524775589066,0.23051819109089022,1000,2.0,10,48
2.0089384821128378,1.9921722075979185,1.602757594251558,0.7885489772660614,-0.0167662745149193,1000,2.0,10,49
1.9075708031422063,1.9096071697969288,1.5591299315411016,0.8333012669192126,0.00203636665472251,1000,2.0,10,50
5.570776514738384,5.801619770568205,4.6459753087682945,0.186482716739244,0.23084325582982146,1000,5.0,1,1
5.678012258388035,5.573415712535635,4.448531579401671,0.29007442532892214,-0.10459654585240052,1000,5.0,1,2
5.767621018226028,5.402593414896033,4.176823867201572,0.19156095929729788,-0.3650276033299953,1000,5.0,1,3
5.509545453164928,5.754384806412288,4.548218126631706,0.24974826945074946,0.24483935324736006,1000,5.0,1,4
5.634149036005879,5.757557726571585,4.498752536669725,0.2693530979268346,0.12340869056570636,1000,5.0,1,5
5.571225722004107,5.630680390544467,4.324934911311994,0.2321712681468422,0.059454668540359634,1000,5.0,1,6
5.679996380507096,5.75719753548395,4.562078506506975,0.21665121360825867,0.07720115497685409,1000,5.0,1,7
5.825159572569545,5.8912985223015575,4.67014570435922,0.15645560900526068,0.06613894973201262,1000,5.0,1,8
5.922163333306934,6.120975110357078,4.8093948154004,0.2305206577418213,0.1988117770501434,1000,5.0,1,9
5.653797495277058,5.947967204938697,4.504017419701327,0.3741342699433632,0.2941697096616389,1000,5.0,1,10
5.804742583573916,5.625362933394933,4.494219075812046,0.1563831173668786,-0.1793796501789835,1000,5.0,1,11
5.647231984240346,5.816349161830778,4.557743920656321,0.1952129357879666,0.1691171775904321,1000,5.0,1,12
5.409698684462546,5.337285482456355,4.264703665332483,0.35545270191348277,-0.0724132020061905,1000,5.0,1,13
5.33327589750347,5.571452970688538,4.3726812084427324,0.013553857109715794,0.2381770731850681,1000,5.0,1,14
5.872574664168865,5.945696975677822,4.85882824911148,0.2665152155907835,0.07312231150895698,1000,5.0,1,15
6.079029951344019,6.640658725051028,4.616667223716154,0.04727354263162564,0.5616287737070094,1000,5.0,1,16
5.715677663899084,5.554039155120228,4.359152987974642,0.17102305437247,-0.16163850877885544,1000,5.0,1,17
5.847985484858462,5.2048112732761185,4.126009529034243,0.1468290606682784,-0.6431742115823438,1000,5.0,1,18
5.762709800548244,6.333741010269768,4.7491282547420255,0.13006122022369038,0.5710312097215242,1000,5.0,1,19
5.510868980340128,5.710051069374113,4.506011247589035,0.20523403892600356,0.19918208903398504,1000,5.0,1,20
5.8787420689725645,5.833755496869903,4.4999023125659425,0.27677181321167343,-0.04498657210266188,1000,5.0,1,21
5.8523156074407146,5.977622329665157,4.7203225240744215,0.3205197727660962,0.12530672222444217,1000,5.0,1,22
5.903531493999963,6.20794504687473,4.832743165247184,0.07220162363531946,0.30441355287476757,1000,5.0,1,23
5.77489704598301,5.319216957250755,4.098745973586798,0.1628434650544096,-0.4556800887322545,1000,5.0,1,24
5.675976789591157,4.923215817856423,3.9296243175329426,0.15460103915239531,-0.7527609717347339,1000,5.0,1,25
6.043177205168266,6.0830661304043145,4.777216547189837,0.2331051993351132,0.039888925236048145,1000,5.0,1,26
5.663417493225348,5.596522465838369,4.514810359298595,0.22770229592011682,-0.06689502738697861,1000,5.0,1,27
5.803392847140281,6.109917254645265,4.859914279861388,0.12597749677948433,0.306524407504984,1000,5.0,1,28
5.90855943887137,5.491513701852184,4.3960965135445775,0.26602229863500226,-0.417045737019186,1000,5.0,1,29
5.87542341717821,5.99537332786391,4.79565730467751,0.19411503214625503,0.11994991068570027,1000,5.0,1,30
5.680322780990544,6.3568409764829035,4.823280447766953,0.08553557889934704,0.6765181954923598,1000,5.0,1,31
5.566567639374779,5.452561524257987,4.340175949542897,0.14303324876390933,-0.11400611511679237,1000,5.0,1,32
5.759796407842619,5.908870370966258,4.643793074573991,0.2890736335627957,0.14907396312363907,1000,5.0,1,33
5.718264594335619,5.884418374779022,4.626503056943568,0.1421146753331528,0.1661537804434028,1000,5.0,1,34
5.635574125704643,5.966659503391052,4.659932549959685,0.2159879283346886,0.3310853776864091,1000,5.0,1,35
5.557291432771281,5.711719453349181,4.496009390831511,0.28443829766587303,0.15442802057789962,1000,5.0,1,36
5.371598390978315,5.238332639157514,4.137421539783548,0.26933089209339145,-0.13326575182080092,1000,5.0,1,37
5.944738230561595,5.774499038982022,4.528153261965555,0.15984774687601644,-0.17023919157957312,1000,5.0,1,38
5.784496009281901,5.336613771283613,4.15347510216412,0.17459563721291194,-0.4478822379982885,1000,5.0,1,39
5.553467207712043,5.948841341156691,4.6138776130378,0.12444372986068408,0.39537413344464856,1000,5.0,1,40
5.6721263943774884,6.197740620662143,4.826883752930379,0.2756279648851725,0.5256142262846542,1000,5.0,1,41
5.76514071178618,5.819928427000191,4.615950141129458,0.31343975455250284,0.054787715214010824,1000,5.0,1,42
5.802024791031009,5.539977319521149,4.362973633608396,0.28426494550298065,-0.2620474715098604,1000,5.0,1,43
5.690004238500073,5.738375616650007,4.624046291683071,0.3085696340515637,0.048371378149933975,1000,5.0,1,44
5.83263823749937,5.643557569803122,4.3291546015409805,0.20012557489933436,-0.18908066769624732,1000,5.0,1,45
5.649524463750062,5.622168269204794,4.492025532376576,0.18382348597540799,-0.027356194545268053,1000,5.0,1,46
5.654617652705649,5.676183263980888,4.50274157265213,0.2722873731350257,0.02156561127523915,1000,5.0,1,47
5.676693376810541,5.826562859205364,4.516128059254161,0.21197418956819514,0.14986948239482256,1000,5.0,1,48
6.008018209663489,5.731216037264451,4.321578313171302,0.2916353316027246,-0.27680217239903815,1000,5.0,1,49
5.638784441854891,5.972134676091749,4.757398811182805,0.22171749862492962,0.3333502342368586,1000,5.0,1,50
5.325003412507037,4.572391666346463,3.7378438557702616,0.4753083286558414,-0.7526117461605741,1000,5.0,2,1
4.838579491759503,4.656100184838528,3.7470701789244565,0.36117003086213617,-0.1824793069209747,1000,5.0,2,2
4.829821435084525,4.763475279495521,3.935576645920109,0.3388741928671578,-0.06634615558900414,1000,5.0,2,3
5.022060739827629,4.734452536202732,3.89879437910227,0.48555949004589993,-0.28760820362489703,1000,5.0,2,4
5.008228673598274,4.7770523012528106,3.832915791951001,0.2809743735804384,-0.2311763723454634,1000,5.0,2,5
4.9442732434997785,4.881268764866973,3.8824068538548615,0.5589752064704004,-0.06300447863280567,1000,5.0,2,6
4.8986057102001075,4.607102500784224,3.7084999395580023,0.424077636422867,-0.29150320941588337,1000,5.0,2,7
5.021779596810875,5.8695685073471955,4.747298352340214,0.27881962547528216,0.8477889105363206,1000,5.0,2,8
5.054467400505375,4.759097833942025,3.7944637305494098,0.4374158571068709,-0.29536956656335,1000,5.0,2,9
4.881936729571555,4.89675402244075,3.816354921168261,0.494122482852114,0.01481729286919542,1000,5.0,2,10
4.904237847893242,5.098018664654071,4.0422431036069515,0.3077896634075862,0.19378081676082903,1000,5.0,2,11
4.950300099052738,4.823361856433376,3.7871932177561303,0.38177951885360895,-0.12693824261936193,1000,5.0,2,12
4.869141549093838,4.923762748026141,3.9798513846035264,0.41403536313171285,0.05462119893230266,1000,5.0,2,13
4.9731487696829735,5.261023300968426,4.151194525418796,0.34407549819986183,0.2878745312854525,1000,5.0,2,14
5.11821464547203,4.672012346913565,3.681945081316914,0.48907726696422993,-0.4462022985584646,1000,5.0,2,15
5.108320733376341,5.238154467904702,4.322855287051889,0.33641993840476125,0.12983373452836133,1000,5.0,2,16
5.0401540405019025,4.621293222225674,3.8398840283625795,0.47014413474946193,-0.41886081827622856,1000,5.0,2,17
4.946067585674912,5.136262565893463,4.136888632174667,0.3551205342800051,0.19019498021855075,1000,5.0,2,18
4.993768120536871,5.104164316130336,4.061682495300598,0.485330955390445,0.1103961955934647,1000,5.0,2,19
5.197558018220477,4.8812158365227925,3.943215144831974,0.4182454467951958,-0.31634218169768413,1000,5.0,2,20
5.05399789110403,4.980984809709444,4.057676642115042,0.42303814591224664,-0.07301308139458662,1000,5.0,2,21
5.064284280210745,5.086236955627562,4.056803977857491,0.4423682481114656,0.021952675416817335,1000,5.0,2,22
5.001157157422381,4.8062988455171745,3.7752458809972933,0.4388252247165154,-0.19485831190520653,1000,5.0,2,23
5.090751875882993,4.588888148817423,3.7234172717033904,0.41454677211356494,-0.5018637270655697,1000,5.0,2,24
5.026574115779586,5.094933886498512,4.133326823911349,0.29435867999836696,0.06835977071892607,1000,5.0,2,25
4.802018192242035,5.046314356206808,4.064635289206442,0.46293197041520295,0.24429616396477272,1000,5.0,2,26
4.921678742807493,5.143053356072674,4.05789240983009,0.3971964102238672,0.22137461326518082,1000,5.0,2,27
5.247276375288555,5.029698203703353,3.942768508037596,0.2700631241686534,-0.21757817158520254,1000,5.0,2,28
5.123456943294373,4.942404219020917,4.049992892007739,0.4062302822993088,-0.18105272427345653,1000,5.0,2,29
5.014097282945332,4.63140298176741,3.7558675736030147,0.3656008230168092,-0.3826943011779216,1000,5.0,2,30
5.073539386976706,5.341621283892706,4.40221232359612,0.5562767570877512,0.2680818969159997,1000,5.0,2,31
5.129157061380195,4.606384004834429,3.6164939364846442,0.4903817350750951,-0.5227730565457662,1000,5.0,2,32
5.005227251927441,5.040388102770505,3.982260566444209,0.2898107741740269,0.03516085084306386,1000,5.0,2,33
4.98425890564229,4.999909122395672,4.041745129215506,0.5292325725276092,0.015650216753382296,1000,5.0,2,34
4.899441932768259,4.900949869861242,3.91905431871305,0.4220869238380345,0.001507937092983802,1000,5.0,2,35
4.9031265358854075,4.820093321947885,3.8799102073874656,0.46610842918698603,-0.08303321393752228,1000,5.0,2,36
5.052274060828908,4.961060534107173,4.015040819585515,0.3754759955247656,-0.09121352672173444,1000,5.0,2,37
4.879435846972183,4.617251194073443,3.698246339977244,0.37901661063812164,-0.26218465289873993,1000,5.0,2,38
4.777332016915541,4.881091433290704,3.889631713673859,0.4883651877621715,0.10375941637516295,1000,5.0,2,39
4.97544378916726,5.728826878643749,4.608547550938346,0.29669101281005417,0.7533830894764888,1000,5.0,2,40
4.843594865947408,5.3642722257500095,4.38858115914674,0.23665912002145006,0.5206773598026011,1000,5.0,2,41
5.075730127568937,5.115253145701949,4.060219949124036,0.25495828056616754,0.0395230181330124,1000,5.0,2,42
4.722724759678879,4.994861393447254,4.123792905050949,0.36171221680406707,0.2721366337683744,1000,5.0,2,43
4.909504592790651,4.67830997259056,3.7315253468695233,0.4751438626514143,-0.23119462020009163,1000,5.0,2,44
5.041724841534338,4.955998850624432,4.071319155057601,0.3405502537759617,-0.08572599090990529,1000,5.0,2,45
4.905219697026639,5.050870520480292,4.010147320640894,0.3641257456249938,0.14565082345365354,1000,5.0,2,46
4.994587926547452,4.656145568416956,3.641388701034322,0.48448274931479496,-0.3384423581304965,1000,5.0,2,47
4.9768487041589085,5.473419503244509,4.337104758850638,0.2957159659351518,0.49657079908560053,1000,5.0,2,48
5.02823296375287,5.371280863236488,4.332664423128965,0.32662201898983423,0.3430478994836177,1000,5.0,2,49
5.36939695299152,4.824720801290743,3.765207197507948,0.4965014742083461,-0.5446761517007772,1000,5.0,2,50
4.975223151601423,4.452685440573731,3.6729479695163922,0.3919627143474802,-0.5225377110276916,1000,5.0,5,1
4.994341819018683,5.171780888479281,4.0785194097426265,0.31423973424600715,0.17743906946059873,1000,5.0,5,2
4.978628064132205,5.274774732897633,4.309691005769576,0.3917988872712591,0.29614666876542817,1000,5.0,5,3
4.879634715993193,5.008897823817601,3.9366558359753863,0.3443662798322943,0.12926310782440797,1000,5.0,5,4
4.996347892911334,4.652615311560793,3.7602938708977933,0.5284068947961724,-0.3437325813505412,1000,5.0,5,5
5.295921665684566,5.1879978052597355,4.1526912978719075,0.39312352439612575,-0.10792386042483049,1000,5.0,5,6
4.97678002463628,4.892817250369392,3.8287657906763735,0.479142897697898,-0.08396277426688847,1000,5.0,5,7
4.847204922189005,5.430925866799381,4.351321853912651,0.22573106068207593,0.5837209446103762,1000,5.0,5,8
4.828166083509008,4.609825255475907,3.7131056335416144,0.47005559220187565,-0.21834082803310118,1000,5.0,5,9
4.999796473685842,4.850474829786965,3.780791821805626,0.3297197960157142,-0.14932164389887692,1000,5.0,5,10
4.806155751346851,4.526785986829245,3.585280396778245,0.4188725500094581,-0.27936976451760565,1000,5.0,5,11
4.817832317603444,5.134878670593484,4.004338584476447,0.3688400935618166,0.31704635299004025,1000,5.0,5,12
4.852131117609412,5.013390339999455,3.9952763369314677,0.37267030758749187,0.16125922239004264,1000,5.0,5,13
4.966728916746472,4.866114550762131,3.905767156224131,0.5092953506636423,-0.1006143659843417,1000,5.0,5,14
5.0519095440369925,5.398088981078573,4.308690762898839,0.3453531653872751,0.34617943704158005,1000,5.0,5,15
4.928587780659966,5.2783718367797166,4.361461599330174,0.3227014817461371,0.3497840561197503,1000,5.0,5,16
5.030656456970216,5.314209200996382,4.166323833501609,0.36905083364423097,0.28355274402616626,1000,5.0,5,17
4.958181167472066,5.081302761165913,4.058844288194354,0.33597727645064546,0.12312159369384723,1000,5.0,5,18
4.94719497714117,4.938744040302615,3.9276827274181674,0.4497889690721183,-0.008450936838555023,1000,5.0,5,19
5.101929882162159,4.884745367339953,3.8303851762790377,0.45521873661922163,-0.2171845148222058,1000,5.0,5,20
5.06232191286147,4.941029731497021,3.959244900871994,0.2598310320169964,-0.12129218136444919,1000,5.0,5,21
5.106210277001838,5.171659293814408,4.146744810777903,0.30819788256106406,0.0654490168125701,1000,5.0,5,22
4.889206757567795,5.335033113961496,4.076852649147058,0.3905309357773198,0.4458263563937015,1000,5.0,5,23
5.024808359592682,4.887921730876433,3.9638272382968927,0.4560762459550274,-0.13688662871624935,1000,5.0,5,24
4.964091117370483,5.237798137828731,4.1882456205305285,0.3012148898901157,0.27370702045824835,1000,5.0,5,25
5.10756420063687,4.750409612028892,3.9159154299148415,0.5020523175531081,-0.3571545886079779,1000,5.0,5,26
4.934452082456701,4.901176200613871,3.954551010246827,0.36278987654745365,-0.03327588184283048,1000,5.0,5,27
4.954895400409725,4.866542652856819,3.872007095857908,0.31458384739235323,-0.08835274755290623,1000,5.0,5,28
4.9468800300142455,4.658789793480857,3.697237478936515,0.3648180669275203,-0.28809023653338883,1000,5.0,5,29
5.01057992960332,5.319028384861601,4.269453003179937,0.49852177087830185,0.30844845525828024,1000,5.0,5,30
4.949896754242078,5.036690837492718,4.061380600127465,0.5181114063677215,0.08679408325063953,1000,5.0,5,31
4.919831130001179,5.183928389584157,4.21108008130963,0.4635773942079304,0.2640972595829778,1000,5.0,5,32
5.089769029423513,5.48559780740231,4.331350716986453,0.408763453069099,0.3958287779787968,1000,5.0,5,33
5.142365431823562,5.268210554224414,4.145603177742478,0.4560967800076615,0.1258451224008521,1000,5.0,5,34
5.020962918036589,5.0550510424520265,3.974121623259949,0.43199543874137836,0.034088124415437626,1000,5.0,5,35
5.042562330196197,4.80620529802614,3.8471985720121262,0.4491501908767703,-0.23635703217005677,1000,5.0,5,36
4.968386952859285,4.947537908415442,3.912563251888595,0.4295309858909684,-0.02084904444384339,1000,5.0,5,37
5.194495038367587,4.87865386510173,3.8224071646935385,0.402568024008354,-0.3158411732658575,1000,5.0,5,38
5.091167941795007,4.741105245210289,3.7389322990412914,0.36411529969837564,-0.3500626965847182,1000,5.0,5,39
4.833403804054891,5.1037723681720415,3.9607085318894724,0.4585429504637947,0.2703685641171507,1000,5.0,5,40
5.11757660973644,5.40671317429577,4.42965938911362,0.4342249546481055,0.28913656455933,1000,5.0,5,41
4.955794041552538,4.961818422978143,3.822365610335767,0.4034023082702267,0.006024381425604908,1000,5.0,5,42
4.7877895904520855,5.445995951525414,4.335088212027172,0.34149476386015787,0.6582063610733284,1000,5.0,5,43
5.0496379470595185,5.089826163962667,4.101648368757447,0.3388887099788924,0.040188216903148444,1000,5.0,5,44
5.088926909631109,4.9836968040652705,3.881789655935104,0.35478063510231705,-0.10523010556583845,1000,5.0,5,45
4.800045872635183,4.6441331927079,3.641622961200777,0.35258678632928997,-0.1559126799272823,1000,5.0,5,46
4.928396320452199,5.067641862561531,4.134770910583893,0.26849711155636924,0.1392455421093315,1000,5.0,5,47
4.965364415448667,4.810580557480009,3.83093337082488,0.46953643083882446,-0.154783857968658,1000,5.0,5,48
4.907172156303321,4.838815884037169,3.898327977301353,0.3944583688320583,-0.06835627226615149,1000,5.0,5,49
5.035438921469963,5.309209668721528,4.322080923426179,0.4298329425791205,0.27377074725156536,1000,5.0,5,50
4.952904454343359,5.04771031708927,3.869085576576245,0.28502471248070926,0.09480586274591118,1000,5.0,10,1
5.150649702825558,5.299137369330871,4.260428455471104,0.31386002122303835,0.14848766650531253,1000,5.0,10,2
4.831790309523465,5.097662471719728,4.044184264449912,0.33181881697834936,0.26587216219626253,1000,5.0,10,3
4.933175466790609,5.31642354549423,4.2858422364886,0.3668736077449305,0.38324807870362054,1000,5.0,10,4
4.762869971864129,4.569544819674557,3.605347613055974,0.40390596299569737,-0.1933251521895718,1000,5.0,10,5
4.927793912986355,5.2100317990703715,4.09348246466495,0.35760406163404845,0.28223788608401623,1000,5.0,10,6
4.875115696272082,5.042324848252635,3.962506315163544,0.31488975210598,0.1672091519805532,1000,5.0,10,7
4.870919523848637,4.830993333408694,3.798559854910978,0.45191711125004175,-0.03992619043994328,1000,5.0,10,8
5.051934016923078,16.084211796412834,4.855632452004803,-3.8469452564768414,11.032277779489757,1000,5.0,10,9
5.120118580606521,4.9844575853998645,3.9998938434192364,0.2997958702574449,-0.1356609952066563,1000,5.0,10,10
4.97923953257017,5.05691649500468,4.000524448352009,0.36213931850296655,0.07767696243451017,1000,5.0,10,11
4.889687235482591,4.818278994703723,3.834048682329609,0.4214323038463834,-0.07140824077886787,1000,5.0,10,12
4.990412287161367,11.388051728874936,4.55749871070986,-2.042277736536036,6.39763944171357,1000,5.0,10,13
4.915548467269241,5.31005803075569,4.236108145960596,0.32037221967160123,0.39450956348644883,1000,5.0,10,14
4.9315946584308,4.490779721231481,3.5534874796174045,0.3773148620901793,-0.4408149371993195,1000,5.0,10,15
5.100299072465172,5.227238553043025,4.1458509633939,0.3375214383472036,0.1269394805778532,1000,5.0,10,16
4.900227163193523,5.007393810788418,4.1379158030553835,0.39435646991533757,0.10716664759489536,1000,5.0,10,17
5.032160529019119,5.193899505581839,4.222659662741665,0.39840433499610794,0.1617389765627193,1000,5.0,10,18
4.837321699516205,4.724558804444383,3.7539206609094347,0.47661828286828956,-0.11276289507182202,1000,5.0,10,19
5.015963852041431,5.07824343833629,4.0831991682636,0.22429502160781556,0.06227958629485908,1000,5.0,10,20
4.875739715939706,5.330909883881651,4.15350799701423,0.2837646439063032,0.45517016794194465,1000,5.0,10,21
4.995246669296582,5.366673259531553,4.239369011205957,0.19604324209604573,0.3714265902349716,1000,5.0,10,22
4.90042635362998,5.18606616011199,4.131381776775893,0.393204363538062,0.2856398064820098,1000,5.0,10,23
5.1565691273217515,4.799738132162624,3.778163564166438,0.3004674186231697,-0.356830995159128,1000,5.0,10,24
5.046461739859718,5.523265294478827,4.105272464746504,0.04196985041251189,0.47680355461910917,1000,5.0,10,25
5.140454553312083,5.543862177110015,4.467692666741548,0.3930257754934888,0.40340762379793205,1000,5.0,10,26
5.0757742589595525,5.136040011480798,4.145757029979094,0.24293940001653913,0.06026575252124555,1000,5.0,10,27
4.859789888314522,5.19765489870185,4.2609219883820275,0.4257939730653765,0.3378650103873282,1000,5.0,10,28
5.026031232289279,4.83386047793331,3.7962499604548943,0.28673202365730277,-0.19217075435596875,1000,5.0,10,29
5.018094332595656,156.9646925152284,15.058315434988582,-591.2090813117478,151.94659818263273,1000,5.0,10,30
5.022227447230873,5.059231416628642,4.025257572950526,0.4209173711260239,0.03700396939776951,1000,5.0,10,31
5.088938041899857,5.15602725429526,3.959129457875707,0.306622275102597,0.06708921239540366,1000,5.0,10,32
4.94371486789579,5.0570090793421345,4.069298611944803,0.30777830366147596,0.11329421144634466,1000,5.0,10,33
4.937301500255265,5.795018550388557,4.08965169274099,0.2390779023773585,0.8577170501332914,1000,5.0,10,34
5.001074381412495,4.827228052606276,3.8537029146018074,0.321991411614295,-0.17384632880621975,1000,5.0,10,35
4.999177216258217,4.8330882884703215,3.956497815114442,0.16876226532017113,-0.16608892778789563,1000,5.0,10,36
5.089258354904924,112.04652977492093,12.22665176454254,-224.88516273563664,106.957271420016,1000,5.0,10,37
5.059256511204492,5.157880964183667,4.115484358758216,0.3831921170881071,0.0986244529791751,1000,5.0,10,38
4.9302316835541085,5.415230054384261,4.1249208205686125,0.2563855553290858,0.4849983708301524,1000,5.0,10,39
4.896936573256156,4.791221030312192,3.771685847609764,0.22303095336665213,-0.10571554294396357,1000,5.0,10,40
4.966359041001941,4.790428258848706,3.8499774701174636,0.48615618906519,-0.17593078215323477,1000,5.0,10,41
5.03556285550861,5.077376891152356,4.193150578011324,0.36727166746894213,0.041814035643745306,1000,5.0,10,42
4.747320441987298,5.695006421041045,4.55843700083945,0.23079771343926458,0.9476859790537473,1000,5.0,10,43
5.02545400815791,4.875705446897159,3.8755267928539503,0.352448735080508,-0.14974856126075053,1000,5.0,10,44
4.749065997774211,5.393033961931495,4.235689520782899,0.2737226890506461,0.6439679641572846,1000,5.0,10,45
5.001189214041933,9.807569597125449,4.515360274881761,-1.2521110040682832,4.806380383083516,1000,5.0,10,46
4.7481446088341075,4.471821295572489,3.585493894305489,0.4046123902015579,-0.2763233132616181,1000,5.0,10,47
4.825218725002311,5.361994939171291,3.9461237324567646,0.2792495482327497,0.53677621416898,1000,5.0,10,48
4.7760738084409695,4.7276800922891224,3.9126521518115136,0.4374037489798772,-0.048393716151847066,1000,5.0,10,49
5.0521443832628306,4.597997055223629,3.6231570739187045,0.4456747502785079,-0.4541473280392019,1000,5.0,10,50
2.765326385930303,2.714762564591792,1.8721186041865876,0.5821911366513941,-0.05056382133851134,5000,0.5,1,1
2.909685770449141,3.0579948176528253,2.0207883165806346,0.5253919810160792,0.14830904720368432,5000,0.5,1,2
2.7533742546153728,3.050098583860185,2.016098636948121,0.497805158793718,0.29672432924481207,5000,0.5,1,3
2.758845692794685,3.0373361221678117,2.0759417761583765,0.5427412716013456,0.2784904293731265,5000,0.5,1,4
2.8456393877861133,3.0781329213681548,2.0096774056356925,0.5110026687587698,0.2324935335820415,5000,0.5,1,5
2.9035574344846062,2.7932531579527375,1.9197937081996932,0.5102665897510288,-0.1103042765318687,5000,0.5,1,6
3.019312396605154,3.05544336527199,1.9865649937609628,0.5202964185662491,0.03613096866683607,5000,0.5,1,7
2.78228864793325,2.8846216021972677,1.9475536267095894,0.50722654240195,0.10233295426401767,5000,0.5,1,8
2.6742900930143003,3.0106408757641376,2.0116463008953605,0.5701694080664859,0.3363507827498373,5000,0.5,1,9
2.8491389977197215,2.570120992054536,1.8802200309756159,0.5920259072525589,-0.2790180056651854,5000,0.5,1,10
2.9253005616180414,3.0556043848575096,2.0572860061688303,0.506296001012686,0.1303038232394682,5000,0.5,1,11
2.8517964240848124,3.071821364928347,1.9807537764586731,0.4735064373566398,0.22002494084353463,5000,0.5,1,12
2.907862011868885,2.6936949497824596,1.8924574136385106,0.5154166162013285,-0.21416706208642555,5000,0.5,1,13
2.8816658432015503,2.7932595693915876,2.0127977259499805,0.49335873831498334,-0.08840627380996269,5000,0.5,1,14
2.897106905703248,2.967081842374211,1.9984834771581048,0.5430329548655533,0.06997493667096322,5000,0.5,1,15
2.9083273736755015,2.9193409972618345,2.0270927096476687,0.49416547096718444,0.011013623586332955,5000,0.5,1,16
2.846330465809269,2.9191603797030194,2.0477900569607725,0.5425080770683086,0.07282991389375049,5000,0.5,1,17
2.921023569925628,2.6709886337191286,1.9228706960278037,0.525352984172637,-0.2500349362064993,5000,0.5,1,18
2.730745222668447,2.834727309515978,1.9187539438761148,0.5155736989620894,0.10398208684753119,5000,0.5,1,19
3.034288660219653,2.8038562699345166,1.9720175454400806,0.5121789341250325,-0.23043239028513618,5000,0.5,1,20
2.9067397436689357,3.177214947088533,2.015575124742188,0.44057431231091904,0.2704752034195974,5000,0.5,1,21
2.8692014892639186,2.8195284130224003,1.971086128344531,0.5547593535618687,-0.04967307624151829,5000,0.5,1,22
2.794981331136561,2.9261446284888484,2.006394383798815,0.4844757697604436,0.13116329735228716,5000,0.5,1,23
2.894335784804952,2.7816927320744416,1.9463249136845993,0.5559995841492327,-0.11264305273051045,5000,0.5,1,24
2.8332712448922615,2.7779603542708515,1.9201755626718808,0.48171884087081773,-0.055310890621409925,5000,0.5,1,25
3.0008076311496343,3.0974330904492797,2.0096034505026417,0.5349548790836776,0.09662545929964539,5000,0.5,1,26
2.6785330235651355,2.930441067129259,1.945530464383257,0.4778006833761198,0.25190804356412366,5000,0.5,1,27
2.824079857091856,2.8068617242254748,1.9514107059560837,0.5717045786996487,-0.017218132866381186,5000,0.5,1,28
2.851760013196744,2.8815471108285444,1.9837005195054134,0.5472593617545414,0.029787097631800208,5000,0.5,1,29
2.954938242627522,2.7227749333685964,1.8954414633728265,0.515626879854703,-0.23216330925892548,5000,0.5,1,30
3.0397976122088823,3.1433903437021256,2.089286410139721,0.40899996806858296,0.10359273149324322,5000,0.5,1,31
2.71439451412493,3.004210841735281,1.99139859774903,0.5322880018744937,0.2898163276103509,5000,0.5,1,32
2.8578216306768183,2.73517864887325,1.8978719391942058,0.5647239236992889,-0.12264298180356814,5000,0.5,1,33
2.836700744434908,2.800100357917977,1.8858286692072477,0.5180027228110502,-0.03660038651693087,5000,0.5,1,34
2.8886499338676033,2.984666314345847,2.050046697151368,0.4800137620479096,0.09601638047824368,5000,0.5,1,35
2.893800738310905,2.5246157680129664,1.8553240597410599,0.5816111714660694,-0.3691849702979386,5000,0.5,1,36
3.07475771983094,2.860395323418322,2.027734420359343,0.5185418079198425,-0.21436239641261823,5000,0.5,1,37
2.963532083612334,2.9921437257821357,2.032122914091222,0.4851769001184445,0.028611642169801943,5000,0.5,1,38
2.913474656032352,3.0822385096194314,2.071346817461362,0.5002481766546214,0.16876385358707946,5000,0.5,1,39
2.7805547133506674,2.9203435140701086,1.9568698074709605,0.47611747046660136,0.13978880071944122,5000,0.5,1,40
2.9899156383453325,2.896995526594652,2.0086178440828095,0.4482339581143324,-0.0929201117506806,5000,0.5,1,41
2.875056378875219,2.9844769189972147,2.019988859605392,0.5260403448156228,0.10942054012199565,5000,0.5,1,42
2.935484752589284,2.891404381024122,1.949544633479693,0.5189742133286921,-0.04408037156516187,5000,0.5,1,43
2.888943083372812,2.911875833053953,1.888276383026352,0.481575871101223,0.022932749681141118,5000,0.5,1,44
2.9837928446524384,2.8204862927300547,1.9527096681231955,0.5196336137176623,-0.16330655192238375,5000,0.5,1,45
2.8073841090698197,3.1607006829691926,2.0283648324324344,0.5242989882685081,0.3533165738993729,5000,0.5,1,46
2.9344384477258854,2.976925877408746,2.043939942672925,0.5242249556567169,0.04248742968286079,5000,0.5,1,47
2.7886153068562076,2.9875374038606197,2.0988945505395904,0.5257294658251954,0.1989220970044121,5000,0.5,1,48
2.762395127866316,3.0817538033157783,1.9771227143767514,0.4732075413334449,0.3193586754494624,5000,0.5,1,49
2.9654499789176527,2.964015349432237,1.953095373323954,0.5133475648971368,-0.0014346294854155062,5000,0.5,1,50
0.49637926748554756,0.5076320269699757,0.4078602093738045,0.9818447323802253,0.01125275948442811,5000,0.5,2,1
0.506189760377672,0.4857860145219431,0.38463498293390125,0.9850640927486909,-0.02040374585572896,5000,0.5,2,2
0.503478057381657,0.4937159152063391,0.39379323414575984,0.9848027064994958,-0.009762142175317845,5000,0.5,2,3
0.4964778289161226,0.4843009071541922,0.3776516620522996,0.9842052806713195,-0.01217692176193036,5000,0.5,2,4
0.4958274837625096,0.5137386687971643,0.40885960426186274,0.985547011205613,0.01791118503465472,5000,0.5,2,5
0.49802339183736116,0.5095481148598568,0.40561013990985056,0.9875881921208606,0.011524723022495686,5000,0.5,2,6
0.49754262006959105,0.48401606586742724,0.38795320613826495,0.9879360900298029,-0.01352655420216381,5000,0.5,2,7
0.49893153296534504,0.4884361271591877,0.3862868683988569,0.9804471477304103,-0.01049540580615732,5000,0.5,2,8
0.4944512583631166,0.4897540091090305,0.3863800765996516,0.98300614889752,-0.0046972492540861,5000,0.5,2,9
0.5027230955857486,0.503874168020108,0.40037656199501065,0.9839584170366398,0.0011510724343594125,5000,0.5,2,10
0.4954832997506407,0.5045461734865863,0.40183654334295954,0.982009436457359,0.009062873735945554,5000,0.5,2,11
0.5031033868634802,0.5007544414238814,0.3995212555542067,0.9848577706187366,-0.0023489454395988485,5000,0.5,2,12
0.5077010858861924,0.48556397287094594,0.38393436074066334,0.9860332451874301,-0.022137113015246512,5000,0.5,2,13
0.5034409132735366,0.4992734463731412,0.3997579766052499,0.9857857049174736,-0.004167466900395378,5000,0.5,2,14
0.5014102332212552,0.48563493732964186,0.391959176608677,0.9853525452719346,-0.01577529589161336,5000,0.5,2,15
0.5055789551501916,0.4935394844838528,0.3922082577514186,0.9860846267550797,-0.012039470666338759,5000,0.5,2,16
0.5020921176505022,0.5030637328364738,0.4039491903281181,0.9848377544673486,0.0009716151859715527,5000,0.5,2,17
0.49064548676938996,0.512035327823635,0.4049394695050557,0.9831473941059921,0.021389841054245073,5000,0.5,2,18
0.4990660968449825,0.4931328231849026,0.39483719118902594,0.9861887558128646,-0.005933273660079896,5000,0.5,2,19
0.4967073276858551,0.4901387345723849,0.39197981692541667,0.9835392503347591,-0.006568593113470245,5000,0.5,2,20
0.49228417747535425,0.5136030825240694,0.40760674905674316,0.9842429151510248,0.021318905048715142,5000,0.5,2,21
0.5039270383967911,0.4928075502175948,0.393162421581894,0.9858667671323171,-0.01111948817919628,5000,0.5,2,22
0.498197030593493,0.5061503482164252,0.400416589025658,0.9857615608946656,0.007953317622932221,5000,0.5,2,23
0.5022778705543393,0.5031363615261516,0.4012296735244828,0.983619898075091,0.0008584909718123424,5000,0.5,2,24
0.4961736033726327,0.48628469168368665,0.3843440482669099,0.9861685256867747,-0.009888911688946067,5000,0.5,2,25
0.5056146177050449,0.4927522189879936,0.3964889545707515,0.9868705431504442,-0.012862398717051304,5000,0.5,2,26
0.4920046167196306,0.4950554912782072,0.39672600147774095,0.9867559977923023,0.0030508745585766106,5000,0.5,2,27
0.5010084990494871,0.4835772555089033,0.38300387277122,0.9854496647218858,-0.017431243540583785,5000,0.5,2,28
0.4944450610641531,0.5019646489498386,0.3978278184879757,0.984851816753335,0.007519587885685519,5000,0.5,2,29
0.49769212927314654,0.5170926888573447,0.4078299504620513,0.9843448489155167,0.019400559584198174,5000,0.5,2,30
0.5027190822579175,0.4826651300659135,0.38415902373672006,0.9864307369799682,-0.02005395219200401,5000,0.5,2,31
0.5019980754702241,0.5023942672916407,0.4040076034830904,0.9849986745077246,0.0003961918214165916,5000,0.5,2,32
0.5028182991708104,0.4948680988400132,0.39561594620021745,0.9868502923216411,-0.007950200330797241,5000,0.5,2,33
0.5070971624670926,0.5065535334427922,0.40275666692726014,0.981683354276784,-0.000543629024300385,5000,0.5,2,34
0.4970794814567848,0.5076595114343244,0.3995857653887596,0.9841986697609741,0.010580029977539596,5000,0.5,2,35
0.5107914571214163,0.5025169871965496,0.4059795516865487,0.9868018456975473,-0.00827446992486669,5000,0.5,2,36
0.5022785629662716,0.5011843866585032,0.39761246448238563,0.9871001806027317,-0.0010941763077684241,5000,0.5,2,37
0.5019836565855894,0.4787599977826244,0.38416154788170914,0.9857500968651952,-0.023223658802965008,5000,0.5,2,38
0.4982875043764896,0.5027464699301873,0.40151441915832525,0.9865694895623116,0.004458965553697736,5000,0.5,2,39
0.5063381397367364,0.5072898087734508,0.40790421287819717,0.9847115468480732,0.0009516690367143976,5000,0.5,2,40
0.4925106696552579,0.4919962242642793,0.39182550519733683,0.9849305392567882,-0.0005144453909786129,5000,0.5,2,41
0.49575094259442876,0.5016334251819633,0.39863385636169857,0.982354062893308,0.005882482587534543,5000,0.5,2,42
0.5020012450387428,0.5062564631578095,0.4013606637581381,0.9841566161682811,0.004255218119066706,5000,0.5,2,43
0.4895797732098221,0.5079557513714771,0.40752179040753256,0.9841188718442174,0.018375978161654982,5000,0.5,2,44
0.501673328972382,0.48867199504135056,0.39070609962892916,0.9872727253415906,-0.013001333931031478,5000,0.5,2,45
0.502264528405172,0.5050691101352197,0.39854122032121625,0.9856124936846329,0.002804581730047717,5000,0.5,2,46
0.49340457657433007,0.495468595154126,0.4003245963218296,0.9854907150633851,0.0020640185797959343,5000,0.5,2,47
0.5052137841329,0.5109373924457957,0.4083875573951221,0.9855139268882739,0.005723608312895756,5000,0.5,2,48
0.5013030824660272,0.49006363063182695,0.3945865541196385,0.986427056636167,-0.01123945183420022,5000,0.5,2,49
0.5038571717796672,0.4874536135071356,0.3912185623678613,0.9870002554640687,-0.016403558272531538,5000,0.5,2,50
0.4960107120624884,0.5014946455657501,0.39945025169795156,0.9845737155674429,0.005483933503261651,5000,0.5,5,1
0.4958124678395198,0.4935484397247822,0.3878533598470617,0.9800421466410524,-0.0022640281147376373,5000,0.5,5,2
0.5007975570545526,0.4997959816410283,0.40181869306907875,0.9847974384160026,-0.0010015754135243582,5000,0.5,5,3
0.49453317911778866,0.48447758869943724,0.3827370814425023,0.9871231259803489,-0.010055590418351412,5000,0.5,5,4
0.5078055342129759,0.5032126821714354,0.3974781671758697,0.9859031062717213,-0.004592852041540474,5000,0.5,5,5
0.49931341204503965,0.48811212219691485,0.3913487608197171,0.9884556623168266,-0.011201289848124796,5000,0.5,5,6
0.5127072989569582,0.4948253546940559,0.3982532519883244,0.9885495995070611,-0.017881944262902294,5000,0.5,5,7
0.5101931162690503,0.4882494008696203,0.39299379837137527,0.986210282287657,-0.021943715399429964,5000,0.5,5,8
0.4918287572664239,0.49200722971597066,0.3938478592100515,0.9866877672062463,0.00017847244954677377,5000,0.5,5,9
0.4987956301461165,0.48969838210914396,0.39151861700007845,0.9878350453212917,-0.009097248036972538,5000,0.5,5,10
0.5091154027687028,0.5161504293921473,0.4066419298197419,0.9810822913833389,0.0070350266234444625,5000,0.5,5,11
0.49405231434538716,0.4968739630060332,0.39595263295160715,0.9858934413414989,0.002821648660646048,5000,0.5,5,12
0.4966041396286523,0.4917680713749924,0.3977824164782248,0.9858089026534694,-0.0048360682536598976,5000,0.5,5,13
0.49508965197978333,0.509721048500356,0.4058117392320419,0.9826029348829436,0.014631396520572715,5000,0.5,5,14
0.5014409663026956,0.5105533131600529,0.4031811453519431,0.9839292844011734,0.00911234685735729,5000,0.5,5,15
0.5084207537621857,0.49621743376611044,0.3972089053279939,0.9870098512839883,-0.012203319996075213,5000,0.5,5,16
0.49490644685606094,0.5091328351206876,0.4070645884533819,0.985631094528966,0.014226388264626688,5000,0.5,5,17
0.4964371736745146,0.5013668638409168,0.40051646264020757,0.9869400401116764,0.004929690166402156,5000,0.5,5,18
0.49917167515104155,0.49745116669268186,0.3944456274146907,0.9831823685252605,-0.001720508458359693,5000,0.5,5,19
0.5049302054177972,0.4996750588532017,0.39395530815474944,0.9828792053491269,-0.005255146564595525,5000,0.5,5,20
0.49645871194011204,0.5070011692960097,0.4019463467683239,0.9830853949402112,0.01054245735589765,5000,0.5,5,21
0.49131935927950626,0.4960730978905714,0.3905194658527144,0.98695684851562,0.00475373861106515,5000,0.5,5,22
0.49855801937461347,0.49786610061505104,0.3983960186401858,0.986515356303361,-0.0006919187595624265,5000,0.5,5,23
0.5047896961390239,0.5025029676590388,0.40487671484592636,0.9847220804041898,-0.002286728479985123,5000,0.5,5,24
0.49972858705968437,0.4977049485974435,0.3995263151855936,0.9844990785475874,-0.002023638462240851,5000,0.5,5,25
0.5002987340334186,0.5002769102669719,0.3972872581474776,0.9853586867152427,-2.182376644677131e-05,5000,0.5,5,26
0.501313802507745,0.5068701929183707,0.40100775768389874,0.984594649206407,0.005556390410625611,5000,0.5,5,27
0.49861834724906934,0.5019369816051616,0.3989388577302717,0.9862266603740314,0.0033186343560923093,5000,0.5,5,28
0.4926588031909669,0.48824089908646656,0.3851454247971735,0.9853263539322555,-0.004417904104500325,5000,0.5,5,29
0.4988000245021885,0.4918936221640273,0.3965225881460392,0.9877883782368387,-0.006906402338161199,5000,0.5,5,30
0.496041674220311,0.495942920497995,0.39349470010815385,0.9854773195376771,-9.875372231599178e-05,5000,0.5,5,31
0.5049769852758774,0.49304489993116457,0.39293180746722034,0.9868279034035364,-0.01193208534471285,5000,0.5,5,32
0.50604375757645,0.4872134887446772,0.38900324172830997,0.985322168410041,-0.018830268831772856,5000,0.5,5,33
0.5056688234201931,0.4972688194024322,0.39734479992082855,0.9871250096524198,-0.00840000401776092,5000,0.5,5,34
0.5035715618665142,0.5047565355986315,0.4041878263610009,0.985575803569277,0.0011849737321173448,5000,0.5,5,35
0.5072954539294028,0.477261614924138,0.38368362694718855,0.987628371799006,-0.030033839005264795,5000,0.5,5,36
0.5036372937621802,0.5050475660493947,0.40306359796185554,0.9867795870646056,0.0014102722872144646,5000,0.5,5,37
0.5167482223996996,0.5080191828438884,0.4087776476401008,0.9845520914464985,-0.00872903955581128,5000,0.5,5,38
0.49373598269344676,0.4855993222648193,0.38314490994490324,0.986923979156211,-0.008136660428627485,5000,0.5,5,39
0.5030602094179677,0.49575555767382296,0.3951517612263226,0.9872249551812199,-0.007304651744144741,5000,0.5,5,40
0.5000002089765342,0.4947350686958198,0.39589115056959495,0.9894031467845644,-0.005265140280714398,5000,0.5,5,41
0.4958107227423511,0.5011818441957661,0.40499305974304944,0.9847530310881591,0.005371121453414951,5000,0.5,5,42
0.4967852591794449,0.4831794917343332,0.38476208113641736,0.9852510933418684,-0.01360576744511166,5000,0.5,5,43
0.49390577354358983,0.48608083241549593,0.3840125005482966,0.9880737155723358,-0.007824941128093899,5000,0.5,5,44
0.49253845384487754,0.5126738652189398,0.41309358323799106,0.9833378389926056,0.020135411374062218,5000,0.5,5,45
0.5054297904916755,0.5126802179062102,0.4103566094187279,0.9826372685359877,0.007250427414534744,5000,0.5,5,46
0.5115653465740069,0.4772871380507918,0.38326834778104507,0.9881245966216258,-0.03427820852321506,5000,0.5,5,47
0.49680293393666153,0.5221494137828961,0.41106277717669965,0.9864114164967054,0.025346479846234615,5000,0.5,5,48
0.49658400597793706,0.47994697399185504,0.38272172720743103,0.9855691496376893,-0.016637031986082018,5000,0.5,5,49
0.5203341478786707,0.5227571696823919,0.41505923129149674,0.9824167121381804,0.002423021803721226,5000,0.5,5,50
0.49761738239221365,0.4996915401497255,0.3933670145536687,0.9871426947245626,0.002074157757511852,5000,0.5,10,1
0.5009128784970163,0.4956380021479914,0.3979537740149942,0.9869533728028349,-0.0052748763490248485,5000,0.5,10,2
0.5021671173619031,0.4994843608252626,0.4034652199024632,0.9856977905650703,-0.002682756536640518,5000,0.5,10,3
0.49829773361924984,0.5028553043575796,0.40100950211840297,0.9865259507976598,0.004557570738329797,5000,0.5,10,4
0.4966127530996882,0.4847948024854904,0.3850937493381783,0.987166402975977,-0.011817950614197825,5000,0.5,10,5
0.505874379026955,0.5058575887046116,0.39970300700460826,0.9863940488574774,-1.6790322343362973e-05,5000,0.5,10,6
0.5037738544732872,0.5190752149091744,0.40960024133241807,0.9863568593361433,0.015301360435887257,5000,0.5,10,7
0.49578011545259043,0.4776041732189672,0.3818565464545517,0.9878303333776929,-0.018175942233623232,5000,0.5,10,8
0.4991004043489462,0.5021101141537898,0.3985079576948751,0.9851659149350854,0.0030097098048436077,5000,0.5,10,9
0.504291361600442,0.4920319188559805,0.392936561687733,0.9848001485988813,-0.012259442744461446,5000,0.5,10,10
0.5048850136919301,0.5196344303599753,0.4147768937769587,0.9861296525390678,0.01474941666804519,5000,0.5,10,11
0.49926524425198177,0.4936074910115915,0.3991355567776868,0.9846206771839217,-0.005657753240390251,5000,0.5,10,12
0.5085144690315856,0.49788496056270765,0.3977799785369135,0.9830773488107766,-0.010629508468877946,5000,0.5,10,13
0.4899507413471254,0.49858745018208744,0.39081668806507264,0.9859642233648712,0.008636708834962037,5000,0.5,10,14
0.5012399305494681,0.5111734558447931,0.40847565757991366,0.9845510234072623,0.009933525295324985,5000,0.5,10,15
0.49571557748774814,0.632550640478598,0.4166672053687221,0.9793821465034603,0.13683506299084985,5000,0.5,10,16
0.5073316852319844,0.5130984296178007,0.4133426190699213,0.9847550454748472,0.005766744385816369,5000,0.5,10,17
0.503830268012696,0.49042648988168713,0.39494639861285546,0.9849022890755885,-0.013403778131008903,5000,0.5,10,18
0.4998107132097802,0.4843342870028834,0.3887165152595642,0.9841605064249196,-0.01547642620689682,5000,0.5,10,19
0.4991011624097473,0.49290127880730406,0.3971139323942642,0.9852961819003094,-0.0061998836024432236,5000,0.5,10,20
0.5039019013755537,0.49119471620526745,0.39449204457033976,0.9855780128616187,-0.01270718517028624,5000,0.5,10,21
0.49366140409790404,0.49942555800911875,0.40122344159920226,0.982430041499689,0.005764153911214709,5000,0.5,10,22
0.4991274433329482,0.4932626291142699,0.3934029387013366,0.9854308109196178,-0.005864814218678294,5000,0.5,10,23
0.48962405684969645,0.526276468300826,0.4239433913483614,0.9847284672895764,0.03665241145112952,5000,0.5,10,24
0.5056250551818519,0.4930785836238248,0.4007590726873944,0.9852437420616998,-0.012546471558027072,5000,0.5,10,25
0.49690243881290214,0.48507608072745584,0.38434200954701586,0.9875160906055485,-0.011826358085446298,5000,0.5,10,26
0.49668154107281026,0.5199904740177981,0.4067944868411108,0.9869171715897361,0.023308932944987815,5000,0.5,10,27
0.4969720529507431,0.5129749252588446,0.411717113165129,0.9879699737812866,0.01600287230810149,5000,0.5,10,28
0.4956193629067252,0.4875778522543035,0.3893000002811518,0.9861155432670413,-0.008041510652421702,5000,0.5,10,29
0.5057767174030187,0.512787895475975,0.4101766845216284,0.984697844914208,0.00701117807295637,5000,0.5,10,30
0.49318291321352725,0.4968172307845598,0.3947859242795985,0.9845232842174985,0.0036343175710325526,5000,0.5,10,31
0.5126048195685824,0.4948178044290332,0.3944308136274661,0.9862860802848261,-0.017787015139549167,5000,0.5,10,32
0.4959462059188335,0.494765761698173,0.39574741037248057,0.9856407172809244,-0.0011804442206604926,5000,0.5,10,33
0.4989247048701127,0.5075896586857336,0.40242489587296515,0.9846969178599279,0.00866495381562088,5000,0.5,10,34
0.49423349821343193,0.4983128635079886,0.39538149954909,0.9825796154010801,0.004079365294556658,5000,0.5,10,35
0.49555395771160327,0.4827510355066157,0.38660079211469234,0.9865292049250474,-0.012802922204987577,5000,0.5,10,36
0.49872975903026107,0.5130533976265463,0.40225179839121417,0.986670285194793,0.01432363859628527,5000,0.5,10,37
0.4970638102918579,0.501946803745936,0.4009892475727606,0.9823083243679266,0.004882993454078111,5000,0.5,10,38
0.505257813556343,0.48793749923727614,0.3903376641036683,0.9876258263945663,-0.017320314319066887,5000,0.5,10,39
0.508583243369694,0.4812730638799579,0.3843815167993305,0.9867379304648015,-0.027310179489736075,5000,0.5,10,40
0.4892572009462098,0.4987333159348485,0.39462147117198304,0.9861258888120272,0.009476114988638706,5000,0.5,10,41
0.5037753501570067,0.4999068255178081,0.397544324741968,0.9888693601870976,-0.0038685246391986228,5000,0.5,10,42
0.50800322189089,0.4877212674405791,0.3910444580368048,0.985229869315989,-0.02028195445031089,5000,0.5,10,43
0.5065383174164011,0.49327239452957483,0.39952265492113964,0.9843323858757186,-0.013265922886826265,5000,0.5,10,44
0.5035508040535359,0.5067948621897024,0.40091758373244263,0.9851591201075132,0.003244058136166461,5000,0.5,10,45
0.5003842927869191,0.5288658197999822,0.4153719038133545,0.9854330466185878,0.028481527013063057,5000,0.5,10,46
0.49967639673883896,0.510378394937048,0.4066280477405221,0.9863117826579929,0.010701998198208995,5000,0.5,10,47
0.5001621009103694,0.5052050478634318,0.4044985246325997,0.9853880664978099,0.005042946953062399,5000,0.5,10,48
0.5056879125008952,0.5097463938272058,0.40390710745243613,0.9811528592164082,0.004058481326310592,5000,0.5,10,49
0.49274442145017117,0.5182555804771595,0.41590577419900965,0.9830483042885922,0.025511159026988306,5000,0.5,10,50
3.5786567396054325,3.4400260082322163,2.5351649954925377,0.42469440107310485,-0.13863073137321624,5000,2.0,1,1
3.372028719530052,3.5332409843907127,2.5011400373116017,0.41147646109381875,0.16121226486066087,5000,2.0,1,2
3.431893646587188,3.1318349989920784,2.3525001020136713,0.4576486503916055,-0.3000586475951095,5000,2.0,1,3
3.4113034558040525,3.5650220675880644,2.58973230411873,0.4470715493640446,0.15371861178401192,5000,2.0,1,4
3.5074707577870243,3.6083157003939696,2.6512843085573,0.4563928435674476,0.10084494260694532,5000,2.0,1,5
3.4187390978487984,3.2986491310767603,2.4324446399974056,0.49303936636629486,-0.12008996677203809,5000,2.0,1,6
3.4170126120470004,3.4547816200080566,2.499687409670292,0.42041825796097687,0.0377690079610562,5000,2.0,1,7
3.512227643033672,3.627055164082794,2.556676853559674,0.41750458947573277,0.11482752104912208,5000,2.0,1,8
3.371181184232163,3.544702255308074,2.5296926201948686,0.45384996936557964,0.17352107107591097,5000,2.0,1,9
3.382472651338795,3.578606998931073,2.5977824183375944,0.46889336496067546,0.19613434759227832,5000,2.0,1,10
3.42862609980743,3.36161022242376,2.5068479360187417,0.3715278501247222,-0.06701587738366976,5000,2.0,1,11
3.4925144426765447,3.1944942228354383,2.393309345955139,0.4626058829799037,-0.2980202198411064,5000,2.0,1,12
3.5742025818322087,3.490949164333556,2.517309146669984,0.4112418584593477,-0.08325341749865256,5000,2.0,1,13
3.5158387157842528,3.4694594992358048,2.5751984210522134,0.4432003716925138,-0.04637921654844801,5000,2.0,1,14
3.412508808205891,3.3456371330077412,2.437400338418919,0.42049729795965174,-0.06687167519814974,5000,2.0,1,15
3.5593601289298955,3.5553098105798457,2.6142761883983923,0.39042047730392104,-0.004050318350049764,5000,2.0,1,16
3.4478661036543934,3.2928902602474897,2.4335417177640792,0.4583305629022225,-0.15497584340690373,5000,2.0,1,17
3.443795623422642,3.6024225543609094,2.5762424218424993,0.29052909943213434,0.1586269309382673,5000,2.0,1,18
3.5228388522588547,3.2743338307232803,2.4450904484413196,0.41760607224702284,-0.2485050215355744,5000,2.0,1,19
3.404862866060329,3.333090338424349,2.494606153372495,0.4307809306853583,-0.07177252763597997,5000,2.0,1,20
3.4004611611556372,3.6303463778216853,2.5972557470148914,0.4284716886856835,0.2298852166660481,5000,2.0,1,21
3.4534720567613113,3.4591942359638135,2.51221524969499,0.4497012070252484,0.005722179202502176,5000,2.0,1,22
3.412250319884065,3.537138948381383,2.6151340304298247,0.41519499869255805,0.12488862849731808,5000,2.0,1,23
3.506791142564721,3.483837558202035,2.492415970179315,0.4513107371262386,-0.02295358436268602,5000,2.0,1,24
3.357663392903535,3.3314506484008763,2.432519041352266,0.46176252232215975,-0.026212744502658758,5000,2.0,1,25
3.4314894841182038,3.6673520330979543,2.5913314759231136,0.48090221725599447,0.23586254897975056,5000,2.0,1,26
3.5133850830001565,3.406228305817955,2.5252763304933548,0.485208942237791,-0.10715677718220151,5000,2.0,1,27
3.398278456073303,3.5788487469911954,2.510841768155714,0.45248010180482645,0.18057029091789234,5000,2.0,1,28
3.416510405462253,3.5275563865664776,2.4680430017996886,0.4125146311046385,0.11104598110422481,5000,2.0,1,29
3.482020716118746,3.6036665356526956,2.559680072570131,0.452215622600596,0.1216458195339496,5000,2.0,1,30
3.504561904377681,3.570980940458393,2.5818861754302787,0.42653135536021036,0.06641903608071198,5000,2.0,1,31
3.567877547387987,3.6300650703503186,2.643583192997785,0.42486953216044465,0.06218752296233143,5000,2.0,1,32
3.4804936528725943,3.5148139282595143,2.536328181313652,0.4236161023580073,0.03432027538692006,5000,2.0,1,33
3.3801696716313274,3.4068504991690656,2.491688680109856,0.38871771409299016,0.02668082753773815,5000,2.0,1,34
3.470396119699385,3.392907388842852,2.535153588994679,0.37936494319090686,-0.0774887308565333,5000,2.0,1,35
3.401094715623488,3.67745276082421,2.634798729685452,0.3494605011820441,0.27635804520072194,5000,2.0,1,36
3.4553020489323476,3.605917503641824,2.5484055474946254,0.39587175538926844,0.15061545470947646,5000,2.0,1,37
3.4637538293136085,3.5819287872887458,2.610789440585905,0.392697847857834,0.11817495797513722,5000,2.0,1,38
3.4011699952184875,3.590832478098453,2.549821399501982,0.46945712280981233,0.18966248287996557,5000,2.0,1,39
3.367479079414345,3.521082804699537,2.4813927160531013,0.40833984469341356,0.15360372528519184,5000,2.0,1,40
3.4598055797356864,3.635060984922225,2.612375472488129,0.37898587595158495,0.17525540518653848,5000,2.0,1,41
3.4283533408695317,3.5639270207049396,2.5595045895408823,0.4354817574350448,0.1355736798354079,5000,2.0,1,42
3.35594481653653,3.4385511995090425,2.486097062338299,0.4453679852330621,0.08260638297251255,5000,2.0,1,43
3.4765172411470306,3.3652780330206142,2.4252172561165573,0.3827593308375701,-0.11123920812641641,5000,2.0,1,44
3.6024922097019147,3.642774203103264,2.613745464535158,0.3606676872656651,0.040281993401349414,5000,2.0,1,45
3.468417786514999,3.2842532613161786,2.4482984773006558,0.3954884315261953,-0.18416452519882043,5000,2.0,1,46
3.539685978906344,3.4327785587333994,2.602011854080368,0.42917481875537467,-0.10690742017294452,5000,2.0,1,47
3.498053086404152,3.609511986174501,2.5994870683276603,0.4086080652629105,0.11145889977034917,5000,2.0,1,48
3.4220887114635152,3.6563269222696606,2.6519823749875413,0.37988986989649953,0.23423821080614537,5000,2.0,1,49
3.5491659477520106,3.366991731983339,2.518826419402676,0.47005338794089147,-0.18217421576867165,5000,2.0,1,50
2.019530071188166,2.0217523840604357,1.6088392486374306,0.8088794707504636,0.002222312872269594,5000,2.0,2,1
1.9903724228646573,1.9450392176730038,1.543341446736781,0.8368996104883919,-0.045333205191653514,5000,2.0,2,2
2.0344683304409683,1.977136930922635,1.5741734382664936,0.8137880974928259,-0.057331399518333326,5000,2.0,2,3
2.0171461524888152,1.9964796054760359,1.5930759176747782,0.8330486433360004,-0.020666547012779368,5000,2.0,2,4
2.0091422145822384,1.9590127649269942,1.5467468507050575,0.8213957849231663,-0.05012944965524424,5000,2.0,2,5
1.9996976528060981,1.9637307687421943,1.5572436203197353,0.8017017684267074,-0.0359668840639038,5000,2.0,2,6
2.0101121316428534,2.01684937258608,1.6254836890046185,0.8217713216854158,0.006737240943226475,5000,2.0,2,7
2.0384095541772917,1.9574628146582052,1.5498991410220033,0.7866324988225268,-0.0809467395190866,5000,2.0,2,8
1.998906735517328,2.015285348273932,1.6146497557341422,0.8062866189546318,0.016378612756603905,5000,2.0,2,9
2.0580476816285707,1.9763990307289323,1.5713150680308225,0.8059941479486539,-0.08164865089963835,5000,2.0,2,10
2.0158405789153484,2.0541007005496086,1.625771877230237,0.7779526275080779,0.03826012163426018,5000,2.0,2,11
2.016251165928915,1.9780557808651327,1.5933164982293329,0.8219401622294457,-0.038195385063782394,5000,2.0,2,12
1.9737032337140112,2.036649195785028,1.6329700931057074,0.8096622524070498,0.06294596207101666,5000,2.0,2,13
1.9759486818263567,1.9676755308323055,1.552751313916148,0.7961278891965944,-0.008273150994051237,5000,2.0,2,14
1.998767877569812,1.9999702168943023,1.5813499111690936,0.8202031421666899,0.0012023393244904312,5000,2.0,2,15
1.9883338506861485,1.992533296927471,1.6002766267887896,0.8193727979070532,0.004199446241322402,5000,2.0,2,16
2.0314445838928643,1.9666172415321277,1.5756137679797892,0.7952617826515855,-0.06482734236073662,5000,2.0,2,17
2.0239010809178493,2.0168413820030127,1.5991381817786894,0.8145097829984769,-0.0070596989148365985,5000,2.0,2,18
2.0158401903827654,1.9431734604388902,1.5691838401938234,0.8202552082401376,-0.07266672994387524,5000,2.0,2,19
1.9621972621035693,2.0036797266354798,1.605637717989093,0.7848600280791406,0.04148246453191051,5000,2.0,2,20
1.9869682635778996,1.9949288570705066,1.5983616991075318,0.8017358868385421,0.007960593492607027,5000,2.0,2,21
1.9940552434323373,1.944056973400188,1.5578561290441049,0.8229465798481468,-0.049998270032149295,5000,2.0,2,22
2.005824247873672,1.980710000466719,1.6170847730107771,0.8180363215114892,-0.025114247406952783,5000,2.0,2,23
1.9765846031628433,2.0129857640089877,1.60450687693001,0.8130839772016303,0.03640116084614431,5000,2.0,2,24
2.0145542750550485,1.9769934612293132,1.584405956466504,0.8086584333949765,-0.037560813825735284,5000,2.0,2,25
2.0323569529262095,1.9778733752959914,1.5941273810453769,0.8174674928880271,-0.05448357763021816,5000,2.0,2,26
2.0039434896059003,2.017243709081083,1.5985388210243108,0.8014244591829258,0.013300219475182562,5000,2.0,2,27
1.9488111508281654,2.0318345689881925,1.6374677764345815,0.7894687032537488,0.08302341816002712,5000,2.0,2,28
2.0439336988112142,2.0343969829849913,1.6426238022837147,0.8098900222263739,-0.009536715826222952,5000,2.0,2,29
1.9976831590433504,2.033062794018733,1.634636206539139,0.7992459132671703,0.03537963497538277,5000,2.0,2,30
1.9981434211021725,1.9475623757873362,1.5711829626988152,0.8237546883893774,-0.050581045314836315,5000,2.0,2,31
2.0070502196280744,1.9504502122027894,1.550532761419238,0.7970498365517666,-0.05660000742528504,5000,2.0,2,32
1.9491163535939924,2.0139723533563454,1.6191492662385336,0.8213519938511751,0.06485599976235301,5000,2.0,2,33
1.948520111162905,1.9961488656227018,1.5811648437344428,0.795668480701944,0.04762875445979686,5000,2.0,2,34
1.989384938438005,2.0149619677486466,1.6318374979456307,0.8049656078728239,0.025577029310641652,5000,2.0,2,35
2.022196713266198,2.028896828873186,1.613419268494993,0.8108944705180189,0.006700115606987911,5000,2.0,2,36
2.015989841012176,1.9678190760652063,1.555519855247066,0.822638496372206,-0.04817076494696981,5000,2.0,2,37
2.018538128472352,2.0326946613471257,1.6274760123716647,0.7844113622763477,0.01415653287477392,5000,2.0,2,38
1.9692534269831052,1.9877928830305922,1.5828198645525466,0.797275086708021,0.01853945604748697,5000,2.0,2,39
2.01063880916132,1.9384483651603261,1.551118374494119,0.81019934351043,-0.07219044400099373,5000,2.0,2,40
2.014786186113646,1.9634007239453812,1.5615413890152527,0.8511212581919317,-0.05138546216826456,5000,2.0,2,41
2.0053792058206943,1.9995152064775013,1.6073924468933136,0.823906076430427,-0.005863999343193038,5000,2.0,2,42
2.0021719176987696,1.9572976191248315,1.5600529409197907,0.7766351066356422,-0.0448742985739381,5000,2.0,2,43
1.978470651730608,1.9650767332741932,1.5805084344805713,0.7938050507381994,-0.01339391845641491,5000,2.0,2,44
1.971495993336824,1.9476374016071252,1.536564215178786,0.806126157273076,-0.02385859172969873,5000,2.0,2,45
1.992914633124859,2.0065570655040648,1.5847260812290516,0.8112653093423288,0.013642432379205705,5000,2.0,2,46
2.0303579723624767,1.9255196980391263,1.5243284022652193,0.8146854226153529,-0.10483827432335047,5000,2.0,2,47
1.9974613736895033,2.051613486101035,1.6418621517013552,0.7512128246703427,0.05415211241153184,5000,2.0,2,48
1.9596508050628774,2.053733731574027,1.6396004580852337,0.8053283133505336,0.09408292651114958,5000,2.0,2,49
2.0074903846742806,2.0076047410876483,1.585973931480452,0.8278012727767423,0.00011435641336765556,5000,2.0,2,50
1.9960320315848588,1.9459425042332972,1.5366878253041987,0.8244961464201417,-0.05008952735156158,5000,2.0,5,1
1.967994416295963,1.8992574062613348,1.5128418429731947,0.7959536273174795,-0.06873701003462829,5000,2.0,5,2
2.009275222111384,2.0573366606806833,1.639843721897673,0.7958663402026914,0.04806143856929923,5000,2.0,5,3
2.0235334425488793,1.987200714708033,1.58998373763866,0.7561703152222443,-0.03633272784084629,5000,2.0,5,4
1.9841742679717005,2.0144129614743735,1.5751103840600444,0.8271481772572331,0.030238693502673053,5000,2.0,5,5
1.9870968549076995,2.0194521243760772,1.6038791125635634,0.798375780633813,0.032355269468377745,5000,2.0,5,6
2.0022291922886932,1.9915443798449868,1.5746493507055797,0.8190667856023333,-0.010684812443706448,5000,2.0,5,7
1.9542906497966084,1.981566703055752,1.5947759644245707,0.7860760382577753,0.027276053259143618,5000,2.0,5,8
2.006776244422094,2.008633454450144,1.5959686156888313,0.8310980788092095,0.0018572100280498383,5000,2.0,5,9
2.0120581058375984,1.9918656338829257,1.579621954297544,0.8014119322302523,-0.020192471954672664,5000,2.0,5,10
2.008912143538046,1.9887232140163797,1.5978991888808955,0.8352922584744262,-0.020188929521666177,5000,2.0,5,11
2.0468112290706824,2.002401940212355,1.5989584761484938,0.7985579824102951,-0.0444092888583274,5000,2.0,5,12
1.9948095092296265,2.0599873045369077,1.6263264381416294,0.7743040108685663,0.06517779530728118,5000,2.0,5,13
1.993830435876347,1.9562172647315268,1.5490343979234091,0.8311838720497657,-0.03761317114482021,5000,2.0,5,14
2.0186328027018035,1.9926039673990075,1.5775838613509579,0.8446687013616659,-0.026028835302795983,5000,2.0,5,15
1.9679093262357283,2.01749918637505,1.6233014644268295,0.8152079507078673,0.04958986013932165,5000,2.0,5,16
2.011578675012513,2.0312839697342553,1.638854642069103,0.801193536755612,0.019705294721742206,5000,2.0,5,17
1.9867518844021927,2.0622910710986964,1.6630772402456828,0.8067373876393764,0.07553918669650361,5000,2.0,5,18
2.0191848170210496,2.0127532381754154,1.595717369297602,0.8196923884704475,-0.006431578845634167,5000,2.0,5,19
1.9956248630735016,2.023431856994649,1.6189588901673875,0.82765166312436,0.027806993921147383,5000,2.0,5,20
2.021094421758938,2.035937695909849,1.6185890538652574,0.7476326784332326,0.014843274150910801,5000,2.0,5,21
2.010234092447189,2.029479608443949,1.6347022328248222,0.8070882290015635,0.01924551599675972,5000,2.0,5,22
2.005172843618559,1.986678128347197,1.5728209984917798,0.8054781839833498,-0.018494715271361928,5000,2.0,5,23
1.9797282740636464,2.0244119349851246,1.6272758793908952,0.7941222591070131,0.04468366092147824,5000,2.0,5,24
1.9902180950783575,1.944226605862955,1.5572972703072723,0.7993526877472689,-0.045991489215402526,5000,2.0,5,25
1.9830776745962038,1.9857767782845033,1.5670960769111097,0.7983364997811222,0.002699103688299509,5000,2.0,5,26
2.005260753331911,1.9617468663550874,1.581387680149954,0.8043444279224897,-0.04351388697682346,5000,2.0,5,27
2.0150716276097476,1.8630297868622443,1.5081695298285254,0.8025115589463085,-0.15204184074750327,5000,2.0,5,28
1.9966221772499075,1.9988078104238585,1.5952785445978972,0.8353381549131328,0.0021856331739509294,5000,2.0,5,29
1.99070235970442,2.060187738631645,1.6634957505218408,0.7692365717847633,0.06948537892722517,5000,2.0,5,30
2.0192548367021694,2.0605630885541926,1.6478170914392436,0.8010490271117866,0.04130825185202314,5000,2.0,5,31
1.9432553073412162,1.9678150064327757,1.5881692525680091,0.8050554980824545,0.024559699091559528,5000,2.0,5,32
2.0069162914925185,2.0545538743281635,1.6575583234236275,0.806775927949535,0.04763758283564501,5000,2.0,5,33
1.9724043631256871,2.048504613867667,1.638689118082453,0.7854519504089583,0.07610025074197968,5000,2.0,5,34
1.989008118479871,2.0038282525137565,1.6091844957650796,0.8141207146804085,0.014820134033885601,5000,2.0,5,35
1.9908390831758573,2.0091396031890305,1.6134557021769533,0.8028525405535452,0.01830052001317317,5000,2.0,5,36
1.9959475568479328,2.0286986629255734,1.6051561166370139,0.7736942924593175,0.032751106077640646,5000,2.0,5,37
1.9971420352407272,1.9884625639946558,1.5583107428017553,0.8419869204817036,-0.00867947124607138,5000,2.0,5,38
1.9922928451882664,1.9944530566827983,1.5884664675770144,0.8082208834082808,0.0021602114945318274,5000,2.0,5,39
2.058320569319844,1.932051641154839,1.5503293511626282,0.786096765528157,-0.1262689281650049,5000,2.0,5,40
1.99849707236953,1.8985198106224612,1.517092229024669,0.8459678569544946,-0.09997726174706867,5000,2.0,5,41
2.0101735379183587,2.0170624288730865,1.5938221157643606,0.7933311486011443,0.006888890954727778,5000,2.0,5,42
1.9910848833296335,1.9804669146444969,1.604273716613821,0.8086683418456972,-0.010617968685136647,5000,2.0,5,43
1.978012013614479,2.0151688696991066,1.596862900797159,0.8217949946528547,0.0371568560846276,5000,2.0,5,44
2.001776991874254,1.9513966826871512,1.5545127527033888,0.8354739481857487,-0.05038030918710268,5000,2.0,5,45
2.005954851163363,2.034186016689667,1.6269542707408713,0.8054808938866159,0.028231165526304114,5000,2.0,5,46
2.022124027517772,1.9656632052038672,1.5576838411692497,0.8256893269785521,-0.0564608223139047,5000,2.0,5,47
2.0280249315805747,1.8713466975337865,1.4691012730398796,0.8204165656294631,-0.15667823404678827,5000,2.0,5,48
1.9852289957494127,2.0679374046775507,1.6426000477278848,0.8012494713167763,0.08270840892813802,5000,2.0,5,49
1.9913700085533972,2.021211107460039,1.6020422983852567,0.8056806082102105,0.029841098906641994,5000,2.0,5,50
2.027828053016496,4.8023827570188296,1.7493112459790277,0.05469930754645025,2.7745547040023335,5000,2.0,10,1
1.9970514108474477,1.9544185516601578,1.526449104280347,0.8011479615379125,-0.042632859187289984,5000,2.0,10,2
2.0052244718475847,2.031678117597036,1.6174156758248945,0.7840291541536268,0.026453645749451304,5000,2.0,10,3
2.010841905565457,1.9534609980249051,1.5523787047222923,0.8196841748720212,-0.05738090754055181,5000,2.0,10,4
1.9963973196713167,2.0471121489888855,1.6433886515651699,0.8092217643608617,0.050714829317568766,5000,2.0,10,5
1.9976489980706227,1.97186686014183,1.573970326832496,0.805638435354137,-0.02578213792879258,5000,2.0,10,6
1.9324551989528036,1.9942170516602602,1.6159107659535843,0.7886957615651837,0.0617618527074566,5000,2.0,10,7
1.9834646513965544,2.0976961016991393,1.6262635069170943,0.7815410830303805,0.11423145030258497,5000,2.0,10,8
2.062123702023594,1.9948171715597185,1.604466120203248,0.804341079924553,-0.06730653046387558,5000,2.0,10,9
2.014992756962141,2.0547925217052456,1.6030228213160613,0.7844001577854203,0.03979976474310476,5000,2.0,10,10
1.9859813581476977,1.9814913173050273,1.5872676457545118,0.8173838842482366,-0.004490040842670462,5000,2.0,10,11
2.026282126173202,1.9981457633073112,1.5949430293492817,0.7836454408377478,-0.028136362865890607,5000,2.0,10,12
1.9929959575889966,2.031621936104705,1.630419391512065,0.7976815069996718,0.03862597851570859,5000,2.0,10,13
1.9746746346448578,2.130402494790512,1.7088393995562798,0.763950781375943,0.15572786014565398,5000,2.0,10,14
2.0260012823766558,2.012276738777709,1.597721369459474,0.795980940380722,-0.013724543598946592,5000,2.0,10,15
2.0001576599560176,1.972173030701531,1.5595814234101137,0.8165591216904501,-0.027984629254486526,5000,2.0,10,16
1.9938121173828909,1.99034829457849,1.5927541118349686,0.8231952985863396,-0.003463822804400829,5000,2.0,10,17
2.0250254570388675,2.093113306340862,1.6498883764400203,0.7901277106482354,0.0680878493019943,5000,2.0,10,18
2.0158277135611473,2.0021657687657015,1.590922927512837,0.8134505611393377,-0.013661944795445802,5000,2.0,10,19
2.007857278682051,2.026264941151074,1.6306271504815824,0.8127916430809158,0.01840766246902259,5000,2.0,10,20
1.9799219633279206,2.089062893652553,1.6727378389093726,0.7910452938705302,0.10914093032463246,5000,2.0,10,21
2.0020209735129804,1.9597232743410784,1.5610057169153693,0.8200096948700772,-0.04229769917190196,5000,2.0,10,22
2.0079532509491322,1.953386178633053,1.5818445315120673,0.8156323083069995,-0.05456707231607916,5000,2.0,10,23
1.9986928593383257,1.9867844293836323,1.579414739925365,0.8298321278169988,-0.011908429954693434,5000,2.0,10,24
2.0192846247521232,2.028928602596379,1.6190983189906323,0.7974550690709412,0.009643977844255858,5000,2.0,10,25
1.9932617814721012,2.0271308310758607,1.6217788017454018,0.8029530495656035,0.03386904960375947,5000,2.0,10,26
2.0081774136335198,1.9701169620732852,1.5492166507941194,0.8011418269926937,-0.03806045156023452,5000,2.0,10,27
2.017739020711221,2.022308637018781,1.6128762602327718,0.7975084757511997,0.004569616307560143,5000,2.0,10,28
2.009158000925966,2.0868112636030727,1.6355263626907444,0.8304990083211359,0.07765326267710648,5000,2.0,10,29
1.9947856561014001,2.0324743170969124,1.6234148015871774,0.7845759864987798,0.03768866099551227,5000,2.0,10,30
1.9717441046351383,2.106906998665695,1.6666441443973208,0.7986557869937805,0.1351628940305567,5000,2.0,10,31
1.9774054727692338,1.9873010822003507,1.576728993778177,0.8134239693928607,0.009895609431116892,5000,2.0,10,32
1.9895344204318821,1.889166349701396,1.5003284132726509,0.8018570632937408,-0.10036807073048615,5000,2.0,10,33
1.9988241877262383,2.033483446640998,1.6396456850551462,0.8113712218118276,0.03465925891475963,5000,2.0,10,34
2.004538093511666,2.0768520557933274,1.6294285506788044,0.8299672371142117,0.07231396228166131,5000,2.0,10,35
1.9763395522722484,2.08253702191684,1.6627712245437916,0.8012194222288243,0.10619746964459176,5000,2.0,10,36
1.96038992913019,1.9954818855598886,1.58328970409261,0.7918290999488562,0.035091956429698534,5000,2.0,10,37
2.0136148317596323,1.948251692950873,1.5488819788189137,0.8205610926856116,-0.06536313880875921,5000,2.0,10,38
1.9940069411413985,1.918415394360738,1.5475583305225031,0.8274784373036554,-0.07559154678066049,5000,2.0,10,39
2.010867371818952,1.9454803192421408,1.557632363881262,0.8274469249296613,-0.06538705257681099,5000,2.0,10,40
1.979037668739531,1.9366725470982273,1.5459970450648093,0.822203892419108,-0.04236512164130368,5000,2.0,10,41
1.9964864108096987,1.9695518223150226,1.5872675959840168,0.7934941909100333,-0.026934588494676115,5000,2.0,10,42
2.015556607325188,1.916891958207805,1.5392147834150307,0.8265773917309406,-0.09866464911738304,5000,2.0,10,43
1.9320783699368231,2.1014041030626327,1.6920928106556719,0.7705841941742474,0.16932573312580956,5000,2.0,10,44
1.9345275681848169,2.9617403411025762,1.6399638902248466,0.6206669160508702,1.0272127729177594,5000,2.0,10,45
2.0247345109107817,2.019417326435235,1.6327357470300459,0.7951940692606496,-0.005317184475546632,5000,2.0,10,46
1.923848395846993,1.9588665056526828,1.5744466094564702,0.8003083178656287,0.03501810980568987,5000,2.0,10,47
1.9841635723525475,2.0342100658595474,1.6360234322809992,0.7978575047476413,0.05004649350699997,5000,2.0,10,48
1.9699077604239463,6.476521861384251,1.7965214489116494,-0.7987845051767031,4.506614100960305,5000,2.0,10,49
2.0020293338540776,2.0360808186164467,1.514135113091822,0.8102103258064892,0.03405148476236919,5000,2.0,10,50
5.792648858461159,5.526864802691973,4.333848071388502,0.2305054572072056,-0.26578405576918573,5000,5.0,1,1
5.797908923948851,6.02282316356222,4.764423221268946,0.1812382149565317,0.22491423961336832,5000,5.0,1,2
5.725149205477906,5.847141762219863,4.591194138683802,0.1983419276445254,0.12199255674195708,5000,5.0,1,3
5.676990179899069,5.935188623334253,4.621399997906446,0.21152959055250375,0.25819844343518383,5000,5.0,1,4
5.792892622662069,5.961697917475103,4.618964792301996,0.2160911214384692,0.1688052948130343,5000,5.0,1,5
5.6188267518119694,5.688018450608125,4.446707927185647,0.21293062495757942,0.06919169879615517,5000,5.0,1,6
5.607140814826547,5.671088868190544,4.553737118332849,0.1777103377840462,0.06394805336399667,5000,5.0,1,7
5.8628732874691885,5.718182261651817,4.337929641994807,0.27373030107221585,-0.14469102581737125,5000,5.0,1,8
5.723224091500637,5.837154161393161,4.602733854453403,0.23363836762186585,0.11393006989252363,5000,5.0,1,9
5.808944532525098,5.429064645569781,4.217877459024648,0.24156861913316452,-0.37987988695531705,5000,5.0,1,10
5.839877785674508,5.721337675659514,4.515951788688509,0.19202760879765357,-0.11854011001499387,5000,5.0,1,11
5.807786260506053,5.574910380958329,4.401195557879599,0.2392380960529329,-0.23287587954772437,5000,5.0,1,12
5.742064079310747,5.862402181430967,4.561580125151198,0.16636867634866037,0.12033810212021923,5000,5.0,1,13
5.749739952277552,5.97887185428663,4.635751966923251,0.17419458503001628,0.22913190200907785,5000,5.0,1,14
5.679808777162497,5.763494936954303,4.588007892288414,0.1940093959427872,0.08368615979180571,5000,5.0,1,15
5.713555421597861,5.836430053934886,4.61380596053086,0.21889597699735042,0.12287463233702489,5000,5.0,1,16
5.774965891605945,5.72689933402123,4.564841151299366,0.20618239742900601,-0.048066557584715675,5000,5.0,1,17
5.929903510395606,5.640778546215903,4.479217551068651,0.17719956573997386,-0.28912496417970335,5000,5.0,1,18
5.595882351375747,6.037479913149951,4.736765901077325,0.21376888260873728,0.44159756177420384,5000,5.0,1,19
5.704627977707082,5.726052459835699,4.485993751134571,0.18017747002283502,0.021424482128617583,5000,5.0,1,20
5.751367966870223,5.734833494291402,4.487901004230952,0.2593088254595032,-0.016534472578821457,5000,5.0,1,21
5.671556168735126,5.739856421031773,4.582421916668518,0.24103988096929418,0.06830025229664649,5000,5.0,1,22
5.745621372131794,5.844895578263883,4.580460539491829,0.2103161060372748,0.09927420613208948,5000,5.0,1,23
5.733140929345986,5.856798200483127,4.605739747149111,0.17407912008053616,0.12365727113714176,5000,5.0,1,24
5.649956217722769,5.921731408585483,4.541684064035584,0.2148043330814915,0.27177519086271396,5000,5.0,1,25
5.753614035594832,5.635322613298579,4.4500736479749845,0.20785666615586673,-0.11829142229625234,5000,5.0,1,26
5.749847318876739,6.0523558036573215,4.5914922329665995,0.20276196442045358,0.30250848478058234,5000,5.0,1,27
5.827660632988037,5.727915226853605,4.5381623326107094,0.19286577511636016,-0.09974540613443228,5000,5.0,1,28
5.577314948876949,5.733954401042908,4.520639050875771,0.15987143344539823,0.1566394521659591,5000,5.0,1,29
5.762412343407975,5.774163036051824,4.423202426752594,0.2306126552505825,0.011750692643849092,5000,5.0,1,30
5.7167074251232295,5.843987225756738,4.566181734359983,0.25616552073381293,0.12727980063350852,5000,5.0,1,31
5.741578780582654,5.659443658259141,4.404913535569275,0.18999413233100082,-0.08213512232351317,5000,5.0,1,32
5.741590301646083,5.665300435388694,4.461032142937364,0.20832277107873332,-0.07628986625738854,5000,5.0,1,33
5.790539838193427,5.466455108909834,4.332085580780076,0.1385278144103158,-0.32408472928359355,5000,5.0,1,34
5.7919059084985784,5.742011193394614,4.415713523412572,0.22967445965801592,-0.04989471510396459,5000,5.0,1,35
5.838522339287752,5.85001013864631,4.5624307605896375,0.2245909913204952,0.011487799358557815,5000,5.0,1,36
5.69653433436835,5.498735820116215,4.376584762073422,0.2104394030499659,-0.1977985142521348,5000,5.0,1,37
5.760518414253474,5.721648000870264,4.463078629480402,0.13353937756106116,-0.03887041338321051,5000,5.0,1,38
5.754259683138895,5.5190191758705405,4.309142227386681,0.25458357111235685,-0.23524050726835455,5000,5.0,1,39
5.840092750372481,5.529379417291948,4.371438006659576,0.24984839628658717,-0.3107133330805327,5000,5.0,1,40
5.761587420061157,5.654453715505829,4.4868037686473965,0.18971406743423813,-0.107133704555328,5000,5.0,1,41
5.908961602666475,5.524297097129954,4.406949090497353,0.200688035579197,-0.384664505536521,5000,5.0,1,42
5.710450557529203,5.556463169856633,4.46250213671803,0.2180681232607562,-0.15398738767257036,5000,5.0,1,43
5.623041872811659,5.929321792326412,4.66034973464803,0.1853935879760521,0.3062799195147532,5000,5.0,1,44
5.804516842936183,5.847821753896646,4.55828402423958,0.2273143759669647,0.043304910960463516,5000,5.0,1,45
5.7949547307639415,5.935079784264018,4.66496952026189,0.25260915685659624,0.14012505350007665,5000,5.0,1,46
5.669184599176306,5.77401014135545,4.540252010875666,0.2361090896999447,0.1048255421791433,5000,5.0,1,47
5.737028754347481,5.739177444619222,4.487314823411607,0.24809456756032422,0.0021486902717411382,5000,5.0,1,48
5.839104646528787,5.682775898022275,4.484358455729612,0.18842760670207326,-0.15632874850651213,5000,5.0,1,49
5.7242664969469175,5.820101212127575,4.585734571174639,0.21124327719299074,0.09583471518065778,5000,5.0,1,50
5.0649605659097165,4.922639062712709,3.9269279331746234,0.43365897245423723,-0.14232150319700754,5000,5.0,2,1
4.955272240887149,5.047100200848145,3.9768508985531414,0.4052695787759164,0.09182795996099546,5000,5.0,2,2
4.9338111235247375,5.065234584836234,4.048573484077999,0.3746103086944378,0.1314234613114964,5000,5.0,2,3
4.950913932945954,5.065431246331885,4.0686079888278,0.3701861998963968,0.11451731338593074,5000,5.0,2,4
4.956970828910385,4.857632179355398,3.8313940639663553,0.4617474929167905,-0.09933864955498706,5000,5.0,2,5
4.9894512337737185,5.147885444390528,4.139622468419541,0.35706496297747325,0.15843421061680996,5000,5.0,2,6
4.905854617406446,4.943078451639295,3.9616924034205985,0.4532175710959414,0.03722383423284903,5000,5.0,2,7
5.056850765871225,4.893824060240825,3.9065679798819315,0.4255744408403235,-0.16302670563039978,5000,5.0,2,8
4.984249660026421,4.854674923907668,3.861724013884866,0.43056456802901033,-0.12957473611875336,5000,5.0,2,9
5.046375312558945,4.7833984876865525,3.796322644201737,0.45344830769405964,-0.2629768248723927,5000,5.0,2,10
4.987416054946577,4.9470440149200865,3.9605006906412243,0.35882076817207753,-0.0403720400264902,5000,5.0,2,11
5.079909242021975,5.1637278921269285,4.082202929500978,0.40806431797276876,0.08381865010495382,5000,5.0,2,12
4.890812399452543,4.988010260345427,3.9841328548514423,0.3562262463735858,0.09719786089288363,5000,5.0,2,13
4.9425248478702155,5.062710273842684,4.049882836088095,0.41008989256288597,0.12018542597246817,5000,5.0,2,14
5.079900175923663,4.875721476115904,3.9227263952189246,0.4293692305914619,-0.20417869980775905,5000,5.0,2,15
5.13253571293307,5.088457129235702,4.050368814161494,0.35717167389358473,-0.04407858369736761,5000,5.0,2,16
4.897730424579526,5.106936940876297,4.130333714055029,0.46944069580242953,0.20920651629677067,5000,5.0,2,17
4.881184611704834,5.215610514065289,4.121866187697142,0.3928362352086737,0.3344259023604552,5000,5.0,2,18
5.104199449289684,5.112774390793767,4.098830816699007,0.3715617246908306,0.008574941504083,5000,5.0,2,19
4.881186080533995,4.874577379596529,3.9152273509622475,0.4264387886521779,-0.006608700937466239,5000,5.0,2,20
5.008183818614619,4.92970715714772,3.957969917373159,0.4258657437686336,-0.07847666146689836,5000,5.0,2,21
4.940091769012165,4.8922872137392,3.8702797823580584,0.3934275735568742,-0.04780455527296468,5000,5.0,2,22
4.9625514945175855,5.020579354970113,4.024272126615441,0.4188907410399132,0.058027860452527946,5000,5.0,2,23
5.095213108958288,5.095206329955201,4.101558015023142,0.36758103885734006,-6.779003086876401e-06,5000,5.0,2,24
4.991079793473964,4.998922421828075,4.008772051031874,0.377590631726064,0.007842628354111092,5000,5.0,2,25
4.936700423938239,5.087167061295394,4.06739979524627,0.43392467984854244,0.15046663735715438,5000,5.0,2,26
4.898229069963099,4.837499198923376,3.865555307113474,0.4106662916968363,-0.06072987103972327,5000,5.0,2,27
4.921755603283673,5.114412680348984,4.057920715907713,0.3333080333770788,0.1926570770653111,5000,5.0,2,28
4.972521968614468,5.08337468207192,4.046153791455725,0.34731648659929326,0.11085271345745173,5000,5.0,2,29
4.860272603133769,4.763210414730031,3.8097202314612795,0.46742745624042503,-0.09706218840373815,5000,5.0,2,30
5.000107377133058,5.0140815502203795,3.9561073130294364,0.4800602810599631,0.013974173087321518,5000,5.0,2,31
5.1785008283788825,4.6869890165458035,3.741801823860954,0.412313612131296,-0.491511811833079,5000,5.0,2,32
4.989791925749785,5.052759891294671,4.02951754237922,0.3466555513610181,0.06296796554488626,5000,5.0,2,33
5.1062699609973174,4.9432749649930825,3.9167952610685495,0.4428851106067623,-0.16299499600423495,5000,5.0,2,34
5.016350759950386,5.017218627463044,4.009162760834922,0.4108020623439833,0.0008678675126576607,5000,5.0,2,35
5.050345681319579,4.972103841012285,3.9932140786359707,0.373006468485676,-0.07824184030729331,5000,5.0,2,36
5.03347085516123,5.236336217805017,4.1853938272750035,0.3746968340308525,0.20286536264378707,5000,5.0,2,37
5.013039156196485,4.996803500573248,3.9870366761745744,0.3931184938242259,-0.016235655623237477,5000,5.0,2,38
5.013401962181848,5.0784310510677555,4.02622425206116,0.39468799321672976,0.06502908888590753,5000,5.0,2,39
5.007702645957534,5.023649243349405,3.9847020282743006,0.46103772323671166,0.015946597391871542,5000,5.0,2,40
4.951397286509582,5.1851663747731935,4.0980392352817425,0.44847294967693185,0.2337690882636112,5000,5.0,2,41
4.9908995087771695,5.150343347152258,4.110511971283051,0.39741535365411473,0.1594438383750889,5000,5.0,2,42
5.07212739860279,4.917503224714886,3.9616484882158454,0.3850504322779382,-0.15462417388790417,5000,5.0,2,43
5.055091283795233,5.021894002067218,3.9790066522317282,0.44526199116375753,-0.033197281728014616,5000,5.0,2,44
4.976264278915027,5.089049823200479,4.051405452337155,0.41048605437059804,0.11278554428545196,5000,5.0,2,45
5.017439827312261,5.034269673903472,4.040720295894009,0.3596747795799218,0.016829846591210895,5000,5.0,2,46
4.971046462722436,4.985129486226689,3.981888958848374,0.44776673815980206,0.014083023504253056,5000,5.0,2,47
4.998593927387775,4.9159999943909085,3.9607580131327222,0.4381941484303059,-0.08259393299686657,5000,5.0,2,48
4.9155993142897,4.942262459366501,3.9473944530135783,0.40661931744944224,0.026663145076800454,5000,5.0,2,49
5.06943860895198,5.049187701498697,4.031019736012397,0.39295520094258396,-0.020250907453283062,5000,5.0,2,50
4.919157269347795,4.890254343555474,3.8269882880597996,0.41489866892831173,-0.028902925792320566,5000,5.0,5,1
4.992634927233082,4.856707793471903,3.8282093032384483,0.412367606151538,-0.1359271337611787,5000,5.0,5,2
4.950251377815185,5.124784610715686,4.10908858978328,0.4008689138404019,0.17453323290050093,5000,5.0,5,3
5.021361559365245,5.237473943050531,4.1719632545404,0.3576810155544432,0.21611238368528518,5000,5.0,5,4
4.902368769353497,5.14392283331666,4.10942157675057,0.35747711723548703,0.2415540639631626,5000,5.0,5,5
5.06553257624319,5.105835373218502,4.057055633337405,0.42344902575102616,0.04030279697531203,5000,5.0,5,6
4.8912124121352125,4.906999303460985,3.899397063919354,0.37494972643663216,0.0157868913257726,5000,5.0,5,7
5.017588463700611,4.9205807595960485,3.9027412742590255,0.38276511189116835,-0.09700770410456272,5000,5.0,5,8
5.058432676591899,5.054673182057316,4.090056265509462,0.3947349403999286,-0.003759494534582686,5000,5.0,5,9
4.970039363736313,4.967287370861793,3.935244111244975,0.4227358241976168,-0.002751992874520326,5000,5.0,5,10
5.002232258370735,4.911566568812313,3.90317650291477,0.37962870259256676,-0.09066568955842147,5000,5.0,5,11
5.054311115792786,5.09736395212676,4.081195674344198,0.40864105524682015,0.04305283633397394,5000,5.0,5,12
5.078370891405098,5.064731339673874,4.071025370106517,0.41850440636873265,-0.013639551731223776,5000,5.0,5,13
5.044779408798491,4.911859989697769,3.914562164204409,0.40861907302879175,-0.13291941910072236,5000,5.0,5,14
5.001140727322969,4.870946029716646,3.8906695696032028,0.4229944737447848,-0.1301946976063233,5000,5.0,5,15
4.98970734695435,5.115060509799384,4.055481899958604,0.35563795882902993,0.12535316284503395,5000,5.0,5,16
4.998960419962815,4.884917099907094,3.8617117388121476,0.4031394882882249,-0.11404332005572115,5000,5.0,5,17
4.971331678502563,5.027692629787197,3.9523117143267177,0.40162487821981896,0.05636095128463392,5000,5.0,5,18
4.975403758383006,5.030801470791406,4.0028528745989,0.4516231057695651,0.05539771240839997,5000,5.0,5,19
4.9491080262672975,4.8908326791520205,3.9467438638344228,0.403247687548115,-0.05827534711527704,5000,5.0,5,20
4.9175052065655525,4.922997330035243,3.9725497385019644,0.34583674874221815,0.005492123469690746,5000,5.0,5,21
4.945675106696905,4.992270146616104,3.962060522674173,0.3653263627937341,0.046595039919198555,5000,5.0,5,22
4.986001798914363,5.0528814642283715,3.974691628132068,0.42030191120387506,0.06687966531400846,5000,5.0,5,23
4.965896958569378,5.133015952355257,4.078490427095714,0.37648763759285553,0.1671189937858788,5000,5.0,5,24
4.978069617747803,5.077649919594696,4.000163121513809,0.34489656750565245,0.09958030184689282,5000,5.0,5,25
4.957116194624714,5.026727759461356,4.066611231514762,0.3718828198860654,0.06961156483664244,5000,5.0,5,26
4.962127166262442,4.968948262635255,3.9683005814395456,0.41151165000529877,0.006821096372813251,5000,5.0,5,27
5.094091946747097,5.06814341940921,4.039756237617754,0.3660328878038198,-0.02594852733788766,5000,5.0,5,28
5.024471799663422,4.982822736063006,3.9256327575989127,0.40597473338252477,-0.04164906360041609,5000,5.0,5,29
5.091041119455914,5.120057143105511,4.091406876007599,0.3311966224812689,0.029016023649596434,5000,5.0,5,30
5.010243324562107,5.070291733566253,4.064526828053961,0.37393815682759546,0.06004840900414621,5000,5.0,5,31
4.981191977730449,5.141255904428434,4.060051389392535,0.3865219061581179,0.1600639266979842,5000,5.0,5,32
4.996221429866273,4.8087158605099924,3.818147582911884,0.3873367185882396,-0.18750556935628016,5000,5.0,5,33
5.01519453164312,4.809122565461443,3.8791624002318534,0.43385779680293357,-0.20607196618167656,5000,5.0,5,34
4.964704857704442,5.2141605018145745,4.137967482755572,0.3812026185128582,0.24945564411013255,5000,5.0,5,35
5.030137852253445,4.984103562437795,4.015311836660188,0.4347632484649223,-0.04603428981564939,5000,5.0,5,36
4.925143747491723,4.948213588677406,3.9668031008059783,0.45333083782887407,0.023069841185683337,5000,5.0,5,37
5.038087727171448,5.103287564633602,4.087483588023523,0.3379398024445056,0.06519983746215363,5000,5.0,5,38
5.004687380239125,4.878231905830996,3.8400785611363677,0.4131375961040228,-0.12645547440812877,5000,5.0,5,39
4.969062817440236,4.930429019196736,3.931686201523319,0.40526248637342954,-0.03863379824349966,5000,5.0,5,40
4.934883885002376,4.799900666402933,3.853116431801736,0.41280471810055863,-0.1349832185994435,5000,5.0,5,41
5.000024671493365,4.902698939408786,3.9166631443668645,0.3854933595316927,-0.0973257320845784,5000,5.0,5,42
5.008890567116672,5.133262163774188,4.060087733954185,0.4570819635830653,0.12437159665751629,5000,5.0,5,43
4.98521196195588,5.023720878841406,3.9589804288113837,0.37945857558830076,0.038508916885525935,5000,5.0,5,44
4.970396547458957,4.781142845966282,3.8644691910424864,0.37610973233328726,-0.1892537014926754,5000,5.0,5,45
5.019566026722154,5.056818781043522,4.018655333782457,0.44733553451540475,0.03725275432136854,5000,5.0,5,46
4.957446391499499,5.245082240190045,4.211302469008178,0.39188444375460363,0.28763584869054615,5000,5.0,5,47
4.987891218516963,4.91392691549702,3.942518362369067,0.4017137870646933,-0.07396430301994261,5000,5.0,5,48
5.084853900551311,4.993351155237795,3.8815037338731813,0.3945750970780537,-0.09150274531351599,5000,5.0,5,49
5.022214017045702,4.8961693417257175,3.8524971927773457,0.38026007738451206,-0.1260446753199842,5000,5.0,5,50
4.88485592146953,5.053265099529003,4.045034331489875,0.40367609176220676,0.16840917805947342,5000,5.0,10,1
4.934566262058241,5.493964765245659,4.132293224714129,0.2561528820284412,0.5593985031874178,5000,5.0,10,2
5.026908551575458,4.960780836320552,3.9994544118798014,0.4181606721440043,-0.0661277152549058,5000,5.0,10,3
4.99430542686159,5.103363095468084,4.074931915042172,0.4014048205596209,0.10905766860649369,5000,5.0,10,4
4.973920848549693,5.0593913391294,3.9896900007117013,0.39872245899158,0.08547049057970657,5000,5.0,10,5
4.977761512526056,5.145594562960484,4.123028031947746,0.3839782345508176,0.1678330504344272,5000,5.0,10,6
4.984726497796783,4.94082839320191,3.9251077717187353,0.39351456430754306,-0.043898104594872756,5000,5.0,10,7
4.912635980917379,4.879156555351719,3.921074498850188,0.4599232963548504,-0.03347942556565986,5000,5.0,10,8
4.962365187190803,4.991851162133595,3.9423249546591914,0.45272422757084374,0.029485974942791593,5000,5.0,10,9
5.0350395221213065,5.2477940432390415,4.1383442187329305,0.4019321393521882,0.21275452111773507,5000,5.0,10,10
4.85961662714471,5.0280439427687,3.980869455059467,0.39763275286465727,0.1684273156239895,5000,5.0,10,11
5.126871203125253,5.03038672977363,4.0302983938486125,0.4116269760877195,-0.09648447335162302,5000,5.0,10,12
4.994597932335727,4.9415416724221215,3.956025621110573,0.4428368816226409,-0.053056259913605075,5000,5.0,10,13
4.912262866819132,5.0072218041771475,3.992898857828677,0.3119265690581926,0.0949589373580153,5000,5.0,10,14
5.016216328521391,5.002233317687817,3.9956371189179145,0.348067155278607,-0.01398301083357456,5000,5.0,10,15
5.039208080941941,5.035872440303178,4.048007994700311,0.40391066401527564,-0.0033356406387623494,5000,5.0,10,16
4.99027803774063,5.132692229805522,4.1102183037277,0.4080906625942172,0.1424141920648916,5000,5.0,10,17
5.001219834181792,4.9455206220837455,3.930505565385565,0.3991441672554904,-0.0556992120980464,5000,5.0,10,18
5.0560855872272805,4.91852810515657,3.9272735393708746,0.37830222839074246,-0.1375574820707106,5000,5.0,10,19
5.00157749045482,5.014503152279206,3.9553461318582106,0.4226776639709411,0.012925661824385593,5000,5.0,10,20
4.977818886195662,4.991308232488332,4.0278358635701,0.4557481525897076,0.013489346292669957,5000,5.0,10,21
5.093090448303737,4.879916870138468,3.9490718243084775,0.43411809787147615,-0.21317357816526972,5000,5.0,10,22
5.016814667495365,4.974496769379251,3.9341834684538473,0.4092330798665077,-0.04231789811611364,5000,5.0,10,23
4.958998960162418,5.151918345421412,4.107092486721384,0.3984530866214371,0.19291938525899344,5000,5.0,10,24
4.9457483416226635,4.872849419636891,3.8932043681141493,0.4314535800995881,-0.07289892198577252,5000,5.0,10,25
5.010406583858275,4.908129007189226,3.9081935163286006,0.441810646025075,-0.10227757666904935,5000,5.0,10,26
4.9800778806688255,5.099033441023536,4.058650490896158,0.3866117408175279,0.11895556035471078,5000,5.0,10,27
5.007849372615003,5.015681314429672,3.9631526753495163,0.40507803723881064,0.007831941814669285,5000,5.0,10,28
5.046258420932648,5.005661284993562,3.9875275299706456,0.38499045730075077,-0.04059713593908576,5000,5.0,10,29
4.985270256648596,4.9965005160384415,3.9837109234908175,0.39190395160636426,0.011230259389845898,5000,5.0,10,30
5.05951883013377,5.091621053631355,4.105508221732041,0.43282806675608965,0.03210222349758496,5000,5.0,10,31
5.018644969006882,5.149865597429038,4.056601146263891,0.33341839824101416,0.13122062842215598,5000,5.0,10,32
5.0295893822582745,4.8821942110517975,3.9009924994193805,0.4080765874068354,-0.14739517120647694,5000,5.0,10,33
4.962949461654293,5.1327919477176405,4.152780042706927,0.38785425409219965,0.16984248606334784,5000,5.0,10,34
4.955644571851645,5.039420188216677,3.9399300560282264,0.4178912323744829,0.08377561636503206,5000,5.0,10,35
5.021432317683791,5.115279367974221,4.109324508763065,0.43102294073705094,0.09384705029042983,5000,5.0,10,36
5.048441984997165,5.149810224136658,4.153832609358717,0.41156631339440564,0.101368239139493,5000,5.0,10,37
4.9825789301532035,5.062709469016116,3.9939880306667783,0.3992184421476943,0.0801305388629121,5000,5.0,10,38
5.011344676242888,5.2336276206863594,4.173246500047125,0.38489889757974716,0.22228294444347174,5000,5.0,10,39
4.971383531718406,5.081408177110158,4.067333662701701,0.38480650264933425,0.1100246453917526,5000,5.0,10,40
4.920828317247943,4.954447974313835,3.9547756317872964,0.3863865865955004,0.033619657065892206,5000,5.0,10,41
5.046715530482372,4.750031854419374,3.7760160212659883,0.4088886752010986,-0.2966836760629974,5000,5.0,10,42
5.0437875089903885,5.187780938763873,4.139030294617603,0.3570193614395937,0.1439934297734844,5000,5.0,10,43
4.868134069444155,5.099914975225299,4.1412247272346105,0.3896108293833117,0.23178090578114396,5000,5.0,10,44
4.9606254805373515,4.902973210179701,3.8680362574731992,0.38590915392311953,-0.05765227035765097,5000,5.0,10,45
4.977877518906641,5.003753126623373,4.07132612288077,0.43151442981150157,0.02587560771673214,5000,5.0,10,46
5.006571363120271,4.912726726663008,3.916353766421659,0.4075881483292022,-0.09384463645726271,5000,5.0,10,47
4.904888224619251,5.026057934133294,4.068908488716476,0.37751582197612354,0.12116970951404316,5000,5.0,10,48
5.015623596619778,5.568078714908043,4.17084224029821,0.26426621888847723,0.5524551182882647,5000,5.0,10,49
4.9841620672760465,5.077044142359087,3.9927607852445153,0.3805740210087928,0.09288207508304058,5000,5.0,10,50
